product_id,price_disc,price_actual,discount_pct,price_savings,savings_ratio,price_vs_median,price_percentile,price_tier_code,rating,rating_count,review_log,social_proof_score,trust_score,review_percentile,high_review_flag,word_count,has_number,has_colour,keyword_density,review_sentiment,about_length,category_depth,top_cat_code,score_DEAL_SEEKER,score_QUALITY_FIRST,score_SOCIAL_PROOF,score_NICHE_EXPLORER,segment_code,tfidf_10,tfidf_adapter,tfidf_battery,tfidf_black,tfidf_blue,tfidf_bluetooth,tfidf_braided,tfidf_cable,tfidf_charge,tfidf_charger,tfidf_charging,tfidf_cm,tfidf_compatible,tfidf_data,tfidf_display,tfidf_electric,tfidf_fast,tfidf_grey,tfidf_hd,tfidf_heater,tfidf_home,tfidf_inches,tfidf_ipad,tfidf_iphone,tfidf_laptop,tfidf_led,tfidf_mic,tfidf_micro,tfidf_mini,tfidf_pack,tfidf_portable,tfidf_pro,tfidf_ram,tfidf_remote,tfidf_samsung,tfidf_smart,tfidf_speed,tfidf_storage,tfidf_sync,tfidf_tv,tfidf_type,tfidf_ultra,tfidf_usb,tfidf_warranty,tfidf_watch,tfidf_water,tfidf_watt,tfidf_watts,tfidf_white,tfidf_wireless
B07JW9H4J1,399.0,1099.0,64.0,700.0,0.6369426751592356,0.1432664756446991,0.5598669623059866,0,4.2,24269,10.096996298720647,42.40738445462672,1.512,0.8004434589800443,1,32,1,0,0.875,0.8974,132,5,1,1.2,0.0,1.1,0.0,0,0.0,0.0,0.0,0.0,0.0,0.0,0.2859375076874588,0.1957161745830058,0.0,0.0,0.2208043981251729,0.0,0.2546134130635578,0.2664049918324979,0.0,0.0,0.2254934907528188,0.274473085106196,0.0,0.0,0.0,0.0,0.3100060713914077,0.2928425469543644,0.0,0.0,0.0,0.0,0.3100060713914077,0.3024633933514337,0.0,0.2819205337714958,0.0,0.0,0.0,0.0,0.0,0.0,0.2901790072720203,0.0,0.0,0.0,0.1899118374959138,0.0,0.0,0.0,0.0,0.0,0.0,0.0
B098NS6PVG,199.0,349.0,43.0,150.0,0.4297994269340974,-0.4297994269340974,0.2139689578713969,0,4.0,43994,10.69183127007966,42.76732508031864,2.28,0.9124168514412416,1,31,1,1,0.935483870967742,0.9853,93,5,1,0.0,0.0,1.1,0.0,3,0.0,0.0,0.0,0.181583461124731,0.0,0.0,0.3383493963807975,0.2315906369460994,0.3566988484064059,0.0,0.2612774918131325,0.0,0.0,0.3152366015509982,0.0,0.0,0.2668260876338382,0.0,0.0,0.0,0.0,0.0,0.0,0.0,0.0,0.0,0.0,0.0,0.0,0.0,0.0,0.0,0.0,0.0,0.0,0.0,0.0,0.0,0.3433683560681513,0.0,0.5611958743278922,0.0,0.0,0.0,0.0,0.0,0.0,0.0,0.0,0.0
B096MSW6CT,199.0,1899.0,90.0,1700.0,0.8952080042127436,-0.4297994269340974,0.2139689578713969,0,3.9,7928,8.978282203272398,35.01530059276235,0.3899999999999999,0.5121951219512195,0,27,1,0,0.9629629629629628,0.7089,168,5,1,1.2,0.0,0.0,0.0,0,0.0,0.0,0.0,0.0,0.0,0.0,0.0,0.4205463595352753,0.0,0.0,0.2372274187321613,0.0,0.2735510853430202,0.2862196998175691,0.0,0.0,0.2422652773513625,0.0,0.0,0.0,0.0,0.0,0.3330637466097537,0.3146236311359762,0.0,0.0,0.0,0.0,0.3330637466097537,0.0,0.0,0.3028892589190707,0.0,0.0,0.0,0.0,0.0,0.0,0.3117619823241849,0.0,0.0,0.0,0.2040371268795896,0.0,0.0,0.0,0.0,0.0,0.0,0.0
B08HDJ86NZ,329.0,699.0,53.0,370.0,0.5293276108726752,-0.0573065902578796,0.442350332594235,0,4.2,94363,11.454914923466722,48.11064267856023,1.974,0.9656319290465633,1,32,1,1,0.90625,0.8316,109,5,1,1.2,0.0,1.1,0.0,0,0.0,0.0,0.0,0.0,0.0,0.0,0.0,0.2748911592369248,0.0,0.0,0.3101285680376804,0.0,0.0,0.3741764173930348,0.0,0.0,0.3167145853197432,0.0,0.0,0.0,0.0,0.0,0.0,0.0,0.0,0.0,0.0,0.4386466899455127,0.0,0.0,0.0,0.0,0.0,0.0,0.0,0.0,0.0,0.0,0.0,0.0,0.3330613587994023,0.0,0.5334774734208325,0.0,0.0,0.0,0.0,0.0,0.0,0.0
B08CF3B7N1,154.0,399.0,61.0,245.0,0.6140350877192983,-0.5587392550143266,0.1230598669623059,0,4.2,16905,9.735423867488873,40.88878024345327,1.638,0.7228381374722838,1,20,1,0,0.9,0.9955,95,5,1,1.2,0.0,0.0,0.0,0,0.0,0.0,0.0,0.0,0.0,0.0,0.0,0.2513643872578482,0.3871546304616977,0.0,0.2835859752359546,0.0,0.0,0.0,0.0,0.0,0.2896083231469272,0.3525143438118317,0.0,0.0,0.0,0.0,0.3981504663451571,0.3761068165931907,0.0,0.0,0.0,0.0,0.0,0.0,0.0,0.0,0.0,0.0,0.0,0.0,0.0,0.0,0.3726859495053484,0.0,0.0,0.0,0.2439096961039697,0.0,0.0,0.0,0.0,0.0,0.0,0.0
B08Y1TFSP6,149.0,1000.0,85.0,851.0,0.851,-0.5730659025787965,0.0997782705099778,0,3.9,24871,10.12149795173859,39.4738420117805,0.5850000000000001,0.8292682926829268,1,31,1,1,0.8387096774193549,0.6611,126,5,1,1.2,0.0,0.0,0.0,0,0.0,0.2675322840992258,0.0,0.1388831073672848,0.0,0.0,0.2587846671395467,0.3542616392155816,0.0,0.0,0.3996732931884402,0.0,0.0,0.482213947328956,0.0,0.0,0.2040804594631432,0.0,0.0,0.0,0.0,0.0,0.0,0.0,0.0,0.0,0.0,0.0,0.0,0.0,0.0,0.0,0.0,0.0,0.0,0.0,0.0,0.0,0.2626233907370224,0.0,0.4292275650303855,0.0,0.1718776667311466,0.0,0.0,0.0,0.0,0.0,0.0,0.0
B08WRWPM22,176.63,499.0,65.0,322.37,0.6460320641282565,-0.4938968481375358,0.1485587583148558,0,4.1,15188,9.62832676063802,39.47613971861588,1.4349999999999998,0.6984478935698448,1,18,1,1,0.9444444444444444,0.8735,129,5,1,1.2,0.0,0.0,0.0,0,0.0,0.0,0.0,0.175239238617032,0.0,0.0,0.0,0.2234992473317306,0.0,0.0,0.2521488931288206,0.0,0.0,0.3042227617969656,0.0,0.0,0.2575036302893058,0.0,0.0,0.0,0.0,0.0,0.0,0.0,0.0,0.0,0.0,0.7132801601879106,0.0,0.0,0.0,0.0,0.0,0.0,0.0,0.0,0.0,0.0,0.0,0.0,0.0,0.0,0.4337419002814316,0.0,0.0,0.0,0.0,0.0,0.0,0.0
B08DDRGWTJ,229.0,299.0,23.0,70.0,0.2341137123745819,-0.3438395415472779,0.2815964523281596,0,4.3,30411,10.322592546348329,44.387147949297805,3.311,0.876940133037694,1,6,0,1,1.0,0.9334,42,5,1,0.0,1.4,1.1,0.0,2,0.0,0.0,0.0,0.3908482633160869,0.0,0.0,0.0,0.498485917660049,0.0,0.0,0.0,0.0,0.0,0.0,0.0,0.0,0.0,0.0,0.0,0.0,0.0,0.0,0.0,0.0,0.0,0.0,0.0,0.0,0.0,0.0,0.0,0.0,0.0,0.0,0.0,0.0,0.0,0.0,0.0,0.0,0.6039713955847051,0.0,0.4837023653786295,0.0,0.0,0.0,0.0,0.0,0.0,0.0
B008IFXQFU,499.0,999.0,50.0,500.0,0.5005005005005005,0.4297994269340974,0.6219512195121951,0,4.2,179691,12.098999553138484,50.81579812318165,2.1,0.992239467849224,1,27,1,0,0.8888888888888888,0.9867,100,4,1,1.2,0.0,1.1,0.0,0,0.760622962652221,0.5287263746004766,0.0,0.0,0.0,0.0,0.0,0.0,0.0,0.0,0.0,0.0,0.2277054755697556,0.0,0.0,0.0,0.0,0.0,0.0,0.0,0.0,0.0,0.0,0.0,0.0,0.0,0.0,0.0,0.0,0.0,0.0,0.0,0.0,0.0,0.0,0.0,0.0,0.0,0.0,0.0,0.0,0.0,0.1698416621222483,0.0,0.0,0.0,0.0,0.0,0.0,0.2473967576406325
B082LZGK39,199.0,299.0,33.0,100.0,0.334448160535117,-0.4297994269340974,0.2139689578713969,0,4.0,43994,10.69183127007966,42.76732508031864,2.68,0.9124168514412416,1,29,1,1,0.9310344827586208,0.9853,93,5,1,0.0,0.0,1.1,0.0,3,0.0,0.0,0.0,0.151671050518917,0.0,0.0,0.2826127890373587,0.1934404982611935,0.2979395189494997,0.0,0.2182370102144085,0.0,0.0,0.263307386163383,0.0,0.0,0.2228715807409237,0.0,0.0,0.0,0.0,0.0,0.0,0.0,0.0,0.0,0.0,0.617350041370741,0.0,0.0,0.0,0.0,0.0,0.0,0.0,0.0,0.0,0.0,0.2868049708780284,0.0,0.0,0.0,0.3754073014065365,0.0,0.0,0.0,0.0,0.0,0.0,0.0
B08CF3D7QR,154.0,339.0,55.0,185.0,0.5457227138643068,-0.5587392550143266,0.1230598669623059,0,4.3,13391,9.502412792729256,40.8603750087358,1.935,0.6651884700665188,1,20,1,0,0.85,0.9775,75,5,1,1.2,0.0,0.0,0.0,0,0.0,0.0,0.0,0.0,0.0,0.0,0.0,0.2499257727080385,0.3849388580108569,0.0,0.2819629493389808,0.0,0.0,0.0,0.0,0.0,0.2879508300073052,0.3504968254610555,0.0,0.0,0.0,0.0,0.0,0.0,0.0,0.0,0.0,0.0,0.0,0.0,0.0,0.0,0.0,0.0,0.0,0.0,0.0,0.0,0.3705529845483115,0.0,0.6056260062215094,0.0,0.0,0.0,0.0,0.0,0.0,0.0,0.0,0.0
B0789LZTCJ,299.0,799.0,63.0,500.0,0.6257822277847309,-0.1432664756446991,0.3880266075388026,0,4.2,94363,11.454914923466722,48.11064267856023,1.554,0.9656319290465633,1,13,1,1,1.0,0.8316,113,5,1,1.2,0.0,1.1,0.0,0,0.0,0.0,0.0,0.2914562361167577,0.0,0.0,0.5430783230515993,0.3717218239266155,0.0,0.0,0.0,0.0,0.0,0.0,0.0,0.0,0.0,0.0,0.0,0.0,0.0,0.0,0.0,0.0,0.0,0.0,0.0,0.5931603915474929,0.0,0.0,0.0,0.0,0.0,0.0,0.0,0.0,0.0,0.0,0.0,0.0,0.0,0.0,0.3606977030367824,0.0,0.0,0.0,0.0,0.0,0.0,0.0
B07KSMBL2H,219.0,700.0,69.0,481.0,0.6871428571428572,-0.8434596140100071,0.0950570342205323,0,4.4,426973,12.964478400427152,57.04370496187948,1.3640000000000003,0.9980988593155894,1,9,1,1,1.0,0.9945,74,5,2,1.2,0.0,1.1,0.0,0,0.0,0.0,0.0,0.6170215787832054,0.0,0.0,0.0,0.7869462315278474,0.0,0.0,0.0,0.0,0.0,0.0,0.0,0.0,0.0,0.0,0.0,0.0,0.0,0.0,0.0,0.0,0.0,0.0,0.0,0.0,0.0,0.0,0.0,0.0,0.0,0.0,0.0,0.0,0.0,0.0,0.0,0.0,0.0,0.0,0.0,0.0,0.0,0.0,0.0,0.0,0.0,0.0
B085DTN6R2,350.0,899.0,61.0,549.0,0.610678531701891,0.0028653295128939,0.5066518847006651,0,4.2,2262,7.724446645633537,32.44267591166086,1.638,0.3026607538802661,0,30,1,0,0.8333333333333334,0.9877,141,5,1,1.2,0.0,0.0,0.0,0,0.0,0.0,0.0,0.0,0.0,0.0,0.4162304221547608,0.2848980066589995,0.4388035381248917,0.0,0.0,0.0,0.0,0.0,0.0,0.0,0.0,0.0,0.0,0.0,0.0,0.0,0.0,0.0,0.0,0.0,0.0,0.0,0.0,0.0,0.0,0.0,0.0,0.0,0.0,0.0,0.0,0.0,0.0,0.0,0.6903715454545009,0.0,0.2764488119533873,0.0,0.0,0.0,0.0,0.0,0.0,0.0
B09KLVMZ3B,159.0,399.0,60.0,240.0,0.6015037593984962,-0.5444126074498568,0.1363636363636363,0,4.1,4768,8.469891918298224,34.726556865022715,1.64,0.4190687361419069,0,18,1,1,0.9444444444444444,0.9738,95,5,1,1.2,0.0,0.0,0.0,0,0.0,0.0,0.0,0.0,0.0,0.0,0.0,0.306955116776805,0.4727761800328011,0.0,0.3463027006109781,0.0,0.0,0.0,0.0,0.0,0.3536569265872571,0.0,0.0,0.0,0.0,0.0,0.0,0.0,0.0,0.0,0.0,0.0,0.0,0.0,0.0,0.0,0.0,0.0,0.0,0.0,0.0,0.0,0.4551076642139444,0.0,0.0,0.0,0.2978517763289534,0.0,0.0,0.0,0.0,0.0,0.3760635465130113,0.0
B083342NKJ,349.0,399.0,13.0,50.0,0.12531328320802,0.0,0.4866962305986696,0,4.4,18757,9.839375607068884,43.2932526711031,3.828,0.7405764966740577,1,9,0,1,0.8888888888888888,0.9666,15,5,1,0.0,1.4,0.0,0.0,2,0.0,0.5007351686748063,0.0,0.0,0.0,0.0,0.484362417742874,0.3315324396547117,0.0,0.0,0.374030511034141,0.0,0.0,0.0,0.0,0.0,0.0,0.0,0.0,0.0,0.0,0.0,0.0,0.0,0.0,0.0,0.0,0.0,0.0,0.0,0.0,0.0,0.0,0.0,0.0,0.0,0.0,0.0,0.0,0.0,0.4016885997497982,0.0,0.3217002117401722,0.0,0.0,0.0,0.0,0.0,0.0,0.0
B0B6F7LX4C,13999.0,24999.0,44.0,11000.0,0.4400176007040282,9.006433166547534,0.8498098859315589,1,4.2,32840,10.399433013772668,43.6776186578452,2.3520000000000003,0.8041825095057035,1,15,1,1,1.0,0.9647,186,4,2,0.0,0.0,1.1,0.0,3,0.0,0.0,0.0,0.2253551997084443,0.0,0.0,0.0,0.0,0.0,0.0,0.0,0.4383113567127867,0.0,0.0,0.0,0.0,0.0,0.0,0.3796695093562833,0.0,0.0,0.4313857337535005,0.0,0.0,0.0,0.3912261990046465,0.0,0.0,0.0,0.0,0.0,0.0,0.0,0.0,0.0,0.3554740510201999,0.0,0.0,0.0,0.3839737766876036,0.0,0.0,0.0,0.0,0.0,0.0,0.0,0.0,0.0,0.0
B082LSVT4B,249.0,399.0,38.0,150.0,0.3759398496240601,-0.2865329512893982,0.3015521064301552,0,4.0,43994,10.69183127007966,42.76732508031864,2.48,0.9124168514412416,1,31,1,1,0.9032258064516128,0.9853,90,5,1,0.0,0.0,1.1,0.0,3,0.0,0.0,0.0,0.1613554530557834,0.0,0.0,0.3006579993905561,0.2057919367570965,0.0,0.0,0.2321717396708708,0.0,0.0,0.2801199203273649,0.0,0.0,0.2371022338190048,0.0,0.0,0.0,0.0,0.0,0.0,0.0,0.0,0.0,0.0,0.0,0.0,0.0,0.0,0.0,0.0,0.0,0.0,0.0,0.0,0.0,0.3051178577345129,0.0,0.7480197865570978,0.0,0.0,0.0,0.0,0.0,0.0,0.0,0.0,0.0
B08WRBG3XW,199.0,499.0,60.0,300.0,0.6012024048096193,-0.4297994269340974,0.2139689578713969,0,4.1,13045,9.476236852356042,38.852571094659766,1.64,0.6529933481152993,1,17,1,1,0.9411764705882352,0.857,93,5,1,1.2,0.0,0.0,0.0,0,0.0,0.0,0.0,0.2406847444494009,0.0,0.0,0.0,0.3069681177183725,0.0,0.0,0.3463173681012046,0.0,0.0,0.4178389398210785,0.0,0.0,0.0,0.0,0.0,0.0,0.0,0.0,0.0,0.0,0.0,0.0,0.0,0.0,0.0,0.0,0.0,0.0,0.0,0.0,0.0,0.0,0.0,0.0,0.0,0.0,0.7438523572688452,0.0,0.0,0.0,0.0,0.0,0.0,0.0,0.0,0.0
B08DPLCM6T,13490.0,21990.0,39.0,8500.0,0.3865393360618463,8.642601858470336,0.8336501901140685,1,4.3,11976,9.390743422947509,40.38019671867428,2.623,0.5199619771863118,1,14,1,0,1.0,0.7666,154,4,2,0.0,0.0,0.0,0.0,4,0.0,0.0,0.0,0.0,0.0,0.0,0.0,0.0,0.0,0.0,0.0,0.4498838668996123,0.0,0.0,0.0,0.0,0.0,0.0,0.389693728891922,0.0,0.0,0.442775390265606,0.0,0.0,0.0,0.4015555438961161,0.0,0.0,0.0,0.0,0.0,0.0,0.0,0.0,0.0,0.3648594502656934,0.0,0.0,0.0,0.3941116395883426,0.0,0.0,0.0,0.0,0.0,0.0,0.0,0.0,0.0,0.0
B09C6HXFC1,970.0,1799.0,46.0,829.0,0.4608115619788771,1.779369627507163,0.8104212860310421,2,4.5,815,6.704414354964107,30.16986459733848,2.43,0.1596452328159645,0,25,1,1,0.92,0.9917,59,5,1,1.2,0.0,0.0,0.0,0,0.0,0.0,0.0,0.1770616676411793,0.0,0.0,0.3299238157346206,0.4516471283647588,0.3478163294901784,0.0,0.2547711566405266,0.0,0.0,0.0,0.0,0.0,0.260181581262878,0.0,0.0,0.0,0.0,0.0,0.3576948921515635,0.3378910702622252,0.0,0.0,0.0,0.0,0.0,0.0,0.0,0.0,0.0,0.0,0.0,0.0,0.0,0.0,0.334817793228839,0.0,0.0,0.0,0.2191263349343839,0.0,0.0,0.0,0.0,0.0,0.0,0.0
B085194JFL,279.0,499.0,44.0,220.0,0.4408817635270541,-0.8005718370264474,0.1378326996197718,0,3.7,10962,9.30228124567454,34.418440608995795,2.0720000000000005,0.5085551330798479,1,15,1,0,0.8666666666666667,0.3734,139,5,2,0.0,0.0,0.0,0.0,4,0.0,0.4266776018784106,0.0,0.0,0.0,0.0,0.0,0.2824995629349102,0.0,0.0,0.0,0.0,0.0,0.0,0.0,0.0,0.0,0.0,0.0,0.0,0.0,0.0,0.0,0.0,0.4103701309850464,0.0,0.0,0.0,0.0,0.0,0.0,0.0,0.0,0.0,0.0,0.0,0.0,0.0,0.0,0.7548089669526914,0.0,0.0,0.0,0.0,0.0,0.0,0.0,0.0,0.0,0.0
B09F6S8BT6,13490.0,22900.0,41.0,9410.0,0.4109170305676856,8.642601858470336,0.8336501901140685,1,4.3,16299,9.698920386794851,41.70535766321787,2.5370000000000004,0.591254752851711,1,15,1,1,1.0,-0.742,176,4,2,0.0,0.0,0.0,0.0,4,0.0,0.0,0.0,0.206717724045229,0.0,0.0,0.0,0.0,0.0,0.0,0.0,0.4020618392656003,0.0,0.0,0.0,0.0,0.0,0.0,0.3482698289857066,0.0,0.0,0.3957089837841592,0.0,0.0,0.0,0.3588707495976892,0.0,0.0,0.0,0.0,0.0,0.0,0.0,0.0,0.3982029630958621,0.3260753995430435,0.0,0.0,0.0,0.352218121936408,0.0,0.0,0.0,0.0,0.0,0.0,0.0,0.0,0.0,0.0
B09NHVCHS9,59.0,199.0,70.0,140.0,0.7035175879396985,-0.830945558739255,0.0155210643015521,0,4.0,9378,9.14622842650894,36.58491370603576,1.2000000000000002,0.5676274944567627,0,7,0,1,0.8571428571428571,0.9817,89,5,1,1.2,0.0,0.0,0.0,0,0.0,0.0,0.0,0.3471030947918728,0.0,0.0,0.0,0.4426935488006506,0.0,0.0,0.0,0.0,0.0,0.0,0.0,0.0,0.0,0.0,0.0,0.0,0.0,0.0,0.0,0.0,0.0,0.0,0.0,0.7064107131734689,0.0,0.0,0.0,0.0,0.0,0.0,0.0,0.0,0.0,0.0,0.0,0.0,0.0,0.0,0.4295646258130914,0.0,0.0,0.0,0.0,0.0,0.0,0.0
B0B1YVCJ2Y,11499.0,19990.0,42.0,8491.0,0.4247623811905953,7.219442458899214,0.8060836501901141,1,4.3,4703,8.456168489578463,36.36152450518739,2.494,0.3792775665399239,0,15,1,1,0.9333333333333332,0.9986,224,4,2,0.0,0.0,0.0,0.0,4,0.0,0.0,0.0,0.2253551997084443,0.0,0.0,0.0,0.0,0.0,0.0,0.0,0.4383113567127867,0.0,0.0,0.0,0.0,0.0,0.0,0.3796695093562833,0.0,0.0,0.4313857337535005,0.0,0.0,0.0,0.3912261990046465,0.0,0.0,0.0,0.0,0.0,0.0,0.0,0.0,0.0,0.3554740510201999,0.0,0.0,0.0,0.3839737766876036,0.0,0.0,0.0,0.0,0.0,0.0,0.0,0.0,0.0,0.0
B01M4GGIVU,199.0,699.0,72.0,500.0,0.7153075822603719,-0.8577555396711937,0.0703422053231939,0,4.2,12153,9.4054136126953,39.50273717332026,1.1760000000000002,0.526615969581749,1,28,1,0,0.8928571428571429,0.9816,111,5,2,1.2,0.0,0.0,0.0,0,0.0,0.0,0.0,0.0,0.0,0.0,0.0,0.3688477421192189,0.0,0.0,0.0,0.0,0.0,0.0,0.0,0.0,0.0,0.0,0.0,0.0,0.0,0.0,0.0,0.0,0.5358029395673005,0.0,0.0,0.0,0.0,0.0,0.0,0.0,0.0,0.0,0.0,0.0,0.5779732386686008,0.0,0.0,0.4927610866003141,0.0,0.0,0.0,0.0,0.0,0.0,0.0,0.0,0.0,0.0
B08B42LWKN,14999.0,19999.0,25.0,5000.0,0.2500125006250313,9.72122944960686,0.8621673003802282,1,4.2,34899,10.46024210819052,43.93301685440018,3.1500000000000004,0.8174904942965779,1,15,1,1,0.9333333333333332,0.9905,186,4,2,0.0,0.0,1.1,0.0,3,0.0,0.0,0.0,0.2253551997084443,0.0,0.0,0.0,0.0,0.0,0.0,0.0,0.4383113567127867,0.0,0.0,0.0,0.0,0.0,0.0,0.3796695093562833,0.0,0.0,0.4313857337535005,0.0,0.0,0.0,0.3912261990046465,0.0,0.0,0.0,0.0,0.0,0.0,0.0,0.0,0.0,0.3554740510201999,0.0,0.0,0.0,0.3839737766876036,0.0,0.0,0.0,0.0,0.0,0.0,0.0,0.0,0.0,0.0
B094JNXNPV,299.0,399.0,25.0,100.0,0.2506265664160401,-0.1432664756446991,0.3880266075388026,0,4.0,2766,7.925518979786926,31.702075919147703,3.0,0.3403547671840354,0,20,1,1,0.8,0.761,111,5,1,0.0,0.0,0.0,0.0,4,0.0,0.0,0.0,0.2642371230634636,0.0,0.0,0.4923602102093914,0.3370067034521234,0.0,0.0,0.3802065030058892,0.0,0.0,0.0,0.0,0.0,0.3882807240149167,0.0,0.0,0.0,0.0,0.0,0.0,0.0,0.0,0.0,0.0,0.0,0.0,0.0,0.0,0.0,0.0,0.0,0.0,0.0,0.5280792956143283,0.0,0.0,0.0,0.0,0.0,0.0,0.0,0.0,0.0,0.0,0.0,0.0,0.0
B09W5XR9RT,970.0,1999.0,51.0,1029.0,0.5147573786893447,1.779369627507163,0.8104212860310421,2,4.4,184,5.220355825078324,22.96956563034463,2.156,0.0532150776053215,0,27,1,1,0.8888888888888888,0.9686,57,5,1,1.2,0.0,0.0,1.0,0,0.0,0.0,0.0,0.1770616676411793,0.0,0.0,0.3299238157346206,0.4516471283647588,0.3478163294901784,0.0,0.2547711566405266,0.0,0.0,0.0,0.0,0.0,0.260181581262878,0.0,0.0,0.0,0.0,0.0,0.3576948921515635,0.3378910702622252,0.0,0.0,0.0,0.0,0.0,0.0,0.0,0.0,0.0,0.0,0.0,0.0,0.0,0.0,0.334817793228839,0.0,0.0,0.0,0.2191263349343839,0.0,0.0,0.0,0.0,0.0,0.0,0.0
B077Z65HSD,299.0,999.0,70.0,700.0,0.7007007007007007,-0.1432664756446991,0.3880266075388026,0,4.3,20850,9.94515718770752,42.76417590714234,1.29,0.7649667405764967,1,13,1,1,0.9230769230769232,0.9849,106,5,1,1.2,0.0,1.1,0.0,0,0.0,0.0,0.0,0.2657967281854496,0.0,0.0,0.0,0.3389958160141813,0.0,0.0,0.0,0.0,0.0,0.4614344102572227,0.0,0.0,0.0,0.0,0.0,0.0,0.0,0.0,0.0,0.0,0.0,0.0,0.0,0.0,0.0,0.0,0.0,0.0,0.0,0.0,0.0,0.0,0.0,0.0,0.0,0.0,0.4107313142496625,0.0,0.6578844948287683,0.0,0.0,0.0,0.0,0.0,0.0,0.0
B00NH11PEY,199.0,750.0,73.0,551.0,0.7346666666666667,-0.4297994269340974,0.2139689578713969,0,4.5,74976,11.224936678819944,50.51221505468975,1.215,0.9456762749445676,1,17,1,1,0.8823529411764706,0.9387,91,5,1,1.2,0.0,1.1,0.0,0,0.0,0.0,0.0,0.4903956389465643,0.0,0.0,0.0,0.6254481420045821,0.0,0.0,0.0,0.0,0.0,0.0,0.0,0.0,0.0,0.0,0.0,0.0,0.0,0.0,0.0,0.0,0.0,0.0,0.0,0.0,0.0,0.0,0.0,0.0,0.0,0.0,0.0,0.0,0.0,0.0,0.0,0.0,0.0,0.0,0.6068992823897611,0.0,0.0,0.0,0.0,0.0,0.0,0.0
B09CMM3VGK,179.0,499.0,64.0,320.0,0.6412825651302605,-0.4871060171919771,0.1629711751662971,0,4.0,1934,7.567862605463882,30.27145042185553,1.44,0.2793791574279379,0,30,1,1,0.9333333333333332,0.9663,66,5,1,1.2,0.0,0.0,0.0,0,0.0,0.0,0.0,0.2089978906861946,0.0,0.0,0.3894314477790446,0.2665548631169632,0.0,0.0,0.3007236690747656,0.0,0.0,0.3628292157400115,0.0,0.0,0.3071099600707345,0.0,0.0,0.0,0.0,0.0,0.0,0.0,0.0,0.0,0.0,0.0,0.0,0.0,0.0,0.0,0.0,0.0,0.0,0.0,0.0,0.0,0.0,0.0,0.6459220089199519,0.0,0.0,0.0,0.0,0.0,0.0,0.0,0.0,0.0
B08QSC1XY8,389.0,1099.0,65.0,710.0,0.6460418562329391,0.1146131805157593,0.532150776053215,0,4.3,974,6.882437470997847,29.59448112529074,1.505,0.1773835920177383,0,39,1,0,0.9743589743589745,0.9582,117,5,1,1.2,0.0,0.0,0.0,0,0.3102517024884302,0.0,0.0,0.0,0.0,0.0,0.312917115824121,0.4283659136987744,0.0,0.3356182052968768,0.2416383774951692,0.0,0.0,0.2915416111708314,0.0,0.0,0.2467699090411423,0.3003709686686422,0.0,0.0,0.0,0.0,0.0,0.0,0.0,0.0,0.0,0.0,0.0,0.0,0.0,0.0,0.0,0.0,0.3234945549730986,0.0,0.0,0.0,0.0,0.0,0.2595065873997318,0.0,0.2078309520520695,0.0,0.0,0.0,0.0,0.0,0.0,0.0
B008FWZGSG,599.0,599.0,0.0,0.0,0.0,0.7163323782234957,0.6873614190687362,2,4.3,355,5.87493073085203,25.262202142663728,4.3,0.0831485587583148,0,13,1,1,0.9230769230769232,0.9661,17,5,1,0.0,0.0,0.0,0.0,4,0.0,0.0,0.0,0.0,0.0,0.0,0.0,0.399994255640375,0.0,0.0,0.0,0.0,0.0,0.0,0.0,0.0,0.0,0.0,0.0,0.0,0.0,0.0,0.0,0.0,0.0,0.0,0.0,0.0,0.0,0.0,0.0,0.0,0.0,0.0,0.6041375356077926,0.0,0.0,0.0,0.0,0.0,0.4846377404982896,0.0,0.0,0.0,0.0,0.0,0.0,0.0,0.4900496852454431,0.0
B0B4HJNPV4,199.0,999.0,80.0,800.0,0.8008008008008008,-0.4297994269340974,0.2139689578713969,0,3.9,1075,6.98100574072173,27.225922388814745,0.7799999999999998,0.1951219512195122,0,33,1,1,0.9090909090909092,0.7615,138,5,1,1.2,0.0,0.0,0.0,0,0.0,0.0,0.0,0.1329190892534913,0.0,0.0,0.0,0.3390486815466807,0.0,0.0,0.3825102356693451,0.0,0.0,0.4615063697760705,0.0,0.0,0.1953166898443465,0.0,0.0,0.0,0.0,0.0,0.0,0.0,0.0,0.0,0.0,0.0,0.0,0.0,0.0,0.0,0.0,0.0,0.0,0.0,0.0,0.0,0.2513456285299937,0.0,0.6161930501250988,0.0,0.1644967725592569,0.0,0.0,0.0,0.0,0.0,0.0,0.0
B08Y1SJVV5,99.0,666.66,85.0,567.66,0.8514985149851498,-0.7163323782234957,0.0376940133037694,0,3.9,24871,10.12149795173859,39.4738420117805,0.5850000000000001,0.8292682926829268,1,30,1,1,0.9333333333333332,0.6611,125,5,1,1.2,0.0,0.0,0.0,0,0.0,0.0,0.0,0.1301538525725901,0.0,0.0,0.2425192095238316,0.3319951435177218,0.0,0.0,0.187276263704564,0.0,0.0,0.4519052331045684,0.0,0.0,0.0,0.0,0.0,0.0,0.0,0.0,0.0,0.0,0.0,0.0,0.0,0.5297681132644898,0.0,0.0,0.0,0.0,0.0,0.0,0.0,0.0,0.0,0.0,0.2461166568638561,0.0,0.0,0.0,0.4832237898541435,0.0,0.0,0.0,0.0,0.0,0.0,0.0
B07XLCFSSN,899.0,1900.0,53.0,1001.0,0.5268421052631579,1.5759312320916905,0.7882483370288248,2,4.4,13552,9.514363204016016,41.86319809767048,2.068,0.6762749445676275,1,17,1,0,0.9411764705882352,0.9921,144,5,1,1.2,0.0,0.0,0.0,0,0.0,0.0,0.0,0.0,0.0,0.0,0.4000479421607104,0.2738215546561954,0.0,0.429070081472152,0.3089218543044742,0.0,0.0,0.0,0.0,0.0,0.3154822453194966,0.384008358201309,0.0,0.0,0.0,0.0,0.0,0.4097086081279183,0.0,0.0,0.0,0.0,0.0,0.0,0.0,0.0,0.0,0.0,0.0,0.0,0.0,0.0,0.0,0.0,0.0,0.0,0.2657008532970848,0.0,0.0,0.0,0.0,0.0,0.0,0.0
B09RZS1NQT,199.0,999.0,80.0,800.0,0.8008008008008008,-0.4297994269340974,0.2139689578713969,0,4.0,576,6.3578422665081,25.4313690660324,0.7999999999999998,0.1286031042128603,0,40,1,1,0.9,0.9917,257,5,1,1.2,0.0,0.0,0.0,0,0.0,0.0,0.0,0.0,0.0,0.0,0.0,0.411654381044029,0.3170176601181675,0.0,0.2322115125019153,0.0,0.2677671561471637,0.2801679070559786,0.0,0.0,0.237142851282178,0.0,0.0,0.0,0.0,0.0,0.0,0.0,0.0,0.0,0.0,0.0,0.0,0.0,0.0,0.2964850071297695,0.0,0.0,0.0,0.0,0.0,0.0,0.3051701268049067,0.0,0.4987652854564207,0.0,0.1997229919394278,0.0,0.0,0.0,0.0,0.0,0.0,0.0
B0B3MMYHYW,32999.0,45999.0,28.0,13000.0,0.2826148394530315,22.587562544674768,0.9714828897338404,1,4.2,7298,8.895492631451633,37.36106905209686,3.024,0.4477186311787072,0,17,1,1,0.9411764705882352,-0.8841,151,4,2,0.0,0.0,0.0,0.0,4,0.0,0.0,0.0,0.1937397200475149,0.0,0.0,0.0,0.0,0.0,0.0,0.0,0.3768198810280204,0.0,0.0,0.0,0.0,0.0,0.0,0.3264050021851234,0.0,0.0,0.3708658659663635,0.0,0.0,0.0,0.3363403833968577,0.0,0.0,0.0,0.0,0.0,0.3559289927861806,0.0,0.0,0.0,0.3056039675051215,0.0,0.0,0.0,0.3301054162375106,0.0,0.3663554420968063,0.0,0.0,0.0,0.0,0.0,0.0,0.0,0.0
B09C6HWG18,970.0,1999.0,51.0,1029.0,0.5147573786893447,1.779369627507163,0.8104212860310421,2,4.2,462,6.137727054086234,25.778453627162182,2.058,0.1097560975609756,0,34,1,1,0.9411764705882352,0.9846,44,5,1,1.2,0.0,0.0,0.0,0,0.0,0.0,0.0,0.1599394026762028,0.0,0.0,0.2980194342469674,0.4079718263891569,0.0,0.0,0.4602684155758438,0.0,0.0,0.277661596719482,0.0,0.0,0.2350214320745311,0.0,0.0,0.0,0.0,0.0,0.0,0.0,0.0,0.0,0.0,0.0,0.0,0.0,0.0,0.0,0.0,0.0,0.0,0.0,0.0,0.0,0.3024401530144101,0.0,0.4943034589625841,0.0,0.1979363212090297,0.0,0.0,0.0,0.0,0.0,0.0,0.0
B00NH11KIK,209.0,695.0,70.0,486.0,0.6992805755395683,-0.4011461318051575,0.2560975609756097,0,4.5,107687,11.58699343632393,52.14147046345768,1.35,0.9822616407982262,1,18,1,1,0.8888888888888888,0.9051,50,5,1,1.2,0.0,1.1,0.0,0,0.0,0.0,0.0,0.4903956389465643,0.0,0.0,0.0,0.6254481420045821,0.0,0.0,0.0,0.0,0.0,0.0,0.0,0.0,0.0,0.0,0.0,0.0,0.0,0.0,0.0,0.0,0.0,0.0,0.0,0.0,0.0,0.0,0.0,0.0,0.0,0.0,0.0,0.0,0.0,0.0,0.0,0.0,0.0,0.0,0.6068992823897611,0.0,0.0,0.0,0.0,0.0,0.0,0.0
B09JPC82QC,19999.0,34999.0,43.0,15000.0,0.428583673819252,13.295210864903504,0.908745247148289,1,4.3,27151,10.209205987474007,43.89958574613823,2.451,0.7357414448669202,1,14,1,1,1.0,0.9997,212,4,2,0.0,0.0,0.0,0.0,4,0.0,0.0,0.0,0.2411025344732716,0.0,0.0,0.0,0.0,0.0,0.0,0.0,0.4689396079105035,0.0,0.0,0.0,0.0,0.0,0.0,0.4061999948812066,0.0,0.0,0.4615300373727458,0.0,0.0,0.0,0.4185642410487957,0.0,0.0,0.0,0.0,0.0,0.0,0.0,0.0,0.0,0.0,0.0,0.0,0.0,0.410805035119792,0.0,0.0,0.0,0.0,0.0,0.0,0.0,0.0,0.0,0.0
B07JW1Y6XV,399.0,1099.0,64.0,700.0,0.6369426751592356,0.1432664756446991,0.5598669623059866,0,4.2,24269,10.096996298720647,42.40738445462672,1.512,0.8004434589800443,1,23,1,1,0.782608695652174,0.8974,103,5,1,1.2,0.0,1.1,0.0,0,0.0,0.0,0.0,0.1943253956289437,0.0,0.0,0.3620917891159079,0.2478416364009953,0.0,0.0,0.2796116543381053,0.0,0.0,0.3373571410836944,0.0,0.0,0.2855496019428329,0.0,0.0,0.0,0.0,0.0,0.3925705792665828,0.3708358606519945,0.0,0.0,0.0,0.0,0.0,0.3830190454076366,0.0,0.0,0.0,0.0,0.0,0.0,0.0,0.0,0.0,0.0,0.0,0.0,0.2404914191542457,0.0,0.0,0.0,0.0,0.0,0.0,0.0
B07KRCW6LZ,999.0,1599.0,38.0,600.0,0.3752345215759849,1.8624641833810889,0.8270509977827051,2,4.3,12093,9.400464740833158,40.421998385582576,2.666,0.6419068736141907,1,30,1,0,0.9666666666666668,0.969,108,4,1,0.0,0.0,0.0,0.0,4,0.7286575382277353,0.5065064788066501,0.0,0.0,0.0,0.0,0.0,0.0,0.0,0.0,0.0,0.0,0.0,0.0,0.0,0.0,0.0,0.0,0.0,0.0,0.0,0.0,0.0,0.0,0.2435739878746807,0.0,0.0,0.0,0.2655928778854131,0.0,0.0,0.0,0.0,0.0,0.0,0.0,0.0,0.0,0.0,0.0,0.0,0.0,0.1627040116945421,0.0,0.0,0.0,0.0,0.0,0.0,0.2369998294021666
B09NJN8L25,59.0,199.0,70.0,140.0,0.7035175879396985,-0.830945558739255,0.0155210643015521,0,4.0,9378,9.14622842650894,36.58491370603576,1.2000000000000002,0.5676274944567627,0,32,1,1,0.90625,0.9817,81,5,1,1.2,0.0,0.0,0.0,0,0.0,0.0,0.0,0.0,0.0,0.0,0.0,0.4061637330629501,0.0,0.0,0.1527428495376306,0.0,0.0,0.3685747016730812,0.0,0.0,0.15598655924529,0.0,0.0,0.0,0.0,0.0,0.0,0.0,0.0,0.0,0.0,0.4320798034600067,0.0,0.0,0.0,0.0,0.0,0.0,0.0,0.0,0.0,0.0,0.4014663550460879,0.0,0.0,0.0,0.5254908954052449,0.0,0.0,0.0,0.0,0.0,0.1658693899882445,0.0
B07XJYYH7L,333.0,999.0,67.0,666.0,0.6666666666666666,-0.0458452722063037,0.4534368070953437,0,3.3,9792,9.189423123720797,30.32509630827862,1.0889999999999995,0.5842572062084257,0,25,1,1,0.88,-0.1531,118,5,1,0.0,0.0,0.0,0.0,4,0.0,0.0,0.0,0.1986584152065706,0.0,0.0,0.3701656222145579,0.5067358957409624,0.0,0.0,0.571692731609414,0.0,0.0,0.0,0.0,0.0,0.2919167162955264,0.0,0.0,0.0,0.0,0.0,0.0,0.0,0.0,0.0,0.0,0.0,0.0,0.0,0.0,0.0,0.0,0.0,0.0,0.0,0.0,0.0,0.0,0.0,0.3069835829868452,0.0,0.2458538372986883,0.0,0.0,0.0,0.0,0.0,0.0,0.0
B002PD61Y4,507.0,1208.0,58.0,701.0,0.5802980132450332,0.4527220630372492,0.6374722838137472,2,4.1,8131,9.003562174748238,36.91460491646777,1.722,0.5199556541019955,0,9,1,1,1.0,0.8718,51,4,1,1.2,0.0,0.0,0.0,0,0.0,0.6252438302085017,0.0,0.3245806624570699,0.0,0.0,0.0,0.0,0.0,0.0,0.0,0.0,0.0,0.0,0.0,0.0,0.0,0.0,0.0,0.0,0.0,0.0,0.0,0.0,0.0,0.0,0.0,0.0,0.0,0.0,0.0,0.0,0.0,0.0,0.0,0.0,0.0,0.0,0.0,0.0,0.0,0.0,0.4016915230852076,0.0,0.0,0.0,0.0,0.0,0.0,0.5851166265169859
B014I8SSD0,309.0,475.0,35.0,166.0,0.3494736842105263,-0.7791279485346676,0.1739543726235741,0,4.4,426973,12.964478400427152,57.04370496187948,2.8600000000000003,0.9980988593155894,1,13,1,1,1.0,0.9945,105,5,2,0.0,0.0,1.1,0.0,3,0.0,0.0,0.0,0.3886417848759123,0.0,0.0,0.0,0.4956717861075236,0.0,0.0,0.0,0.0,0.0,0.0,0.0,0.0,0.0,0.0,0.0,0.0,0.0,0.0,0.0,0.0,0.0,0.0,0.0,0.0,0.0,0.0,0.0,0.0,0.0,0.0,0.0,0.0,0.776702673811184,0.0,0.0,0.0,0.0,0.0,0.0,0.0,0.0,0.0,0.0,0.0,0.0,0.0
B09L8DSSFH,399.0,999.0,60.0,600.0,0.6006006006006006,-0.7147962830593281,0.2480988593155893,0,3.6,493,6.202535517187923,22.32912786187652,1.4400000000000002,0.1387832699619771,0,36,1,0,0.8333333333333334,0.9338,133,4,2,0.0,0.0,0.0,0.0,4,0.0,0.0,0.0,0.0,0.0,0.0,0.0,0.0,0.0,0.0,0.0,0.0,0.174394205503226,0.0,0.0,0.0,0.0,0.0,0.1770805740945449,0.0,0.0,0.0,0.0,0.0,0.0,0.1824706967858149,0.0,0.0,0.0,0.0,0.0,0.0,0.0,0.4246693987640422,0.6074084239498517,0.1657956393103464,0.0,0.0,0.0,0.537264345470144,0.0,0.198754405033196,0.0,0.0,0.0,0.0,0.0,0.0,0.0,0.0
B07232M876,199.0,395.0,50.0,196.0,0.4962025316455696,-0.4297994269340974,0.2139689578713969,0,4.2,92595,11.436001223156996,48.03120513725938,2.1,0.9556541019955654,1,17,1,1,0.8823529411764706,0.9992,52,5,1,1.2,0.0,1.1,0.0,0,0.0,0.0,0.0,0.2825068859918161,0.0,0.0,0.0,0.3603078675957291,0.0,0.0,0.4064945680332518,0.0,0.0,0.0,0.0,0.0,0.4151270531573129,0.0,0.0,0.0,0.0,0.0,0.0,0.0,0.0,0.0,0.0,0.5749470223812232,0.0,0.0,0.0,0.0,0.0,0.0,0.0,0.0,0.0,0.0,0.0,0.0,0.0,0.0,0.3496222493880733,0.0,0.0,0.0,0.0,0.0,0.0,0.0
B07P681N66,1199.0,2199.0,45.0,1000.0,0.4547521600727603,2.4355300859598854,0.8569844789356984,2,4.4,24780,10.117832509493988,44.51846304177355,2.4200000000000004,0.8137472283813747,1,32,1,0,0.90625,0.9965,134,4,1,0.0,0.0,1.1,0.0,3,0.7851867890404455,0.4093509380514477,0.0,0.0,0.0,0.0,0.0,0.0,0.0,0.0,0.0,0.0,0.0,0.0,0.0,0.0,0.0,0.0,0.0,0.0,0.0,0.0,0.0,0.0,0.0,0.0,0.0,0.0,0.0,0.0,0.0,0.0,0.0,0.0,0.0,0.0,0.0,0.0,0.0,0.0,0.0,0.0,0.2629898830467638,0.0,0.0,0.0,0.0,0.0,0.0,0.3830794137614345
B0711PVX6Z,179.0,500.0,64.0,321.0,0.642,-0.4871060171919771,0.1629711751662971,0,4.2,92595,11.436001223156996,48.03120513725938,1.512,0.9556541019955654,1,16,1,1,0.875,0.9992,56,5,1,1.2,0.0,1.1,0.0,0,0.0,0.0,0.0,0.2825068859918161,0.0,0.0,0.0,0.3603078675957291,0.0,0.0,0.4064945680332518,0.0,0.0,0.0,0.0,0.0,0.4151270531573129,0.0,0.0,0.0,0.0,0.0,0.0,0.0,0.0,0.0,0.0,0.5749470223812232,0.0,0.0,0.0,0.0,0.0,0.0,0.0,0.0,0.0,0.0,0.0,0.0,0.0,0.0,0.3496222493880733,0.0,0.0,0.0,0.0,0.0,0.0,0.0
B082T6V3DT,799.0,2100.0,62.0,1301.0,0.6195238095238095,1.2893982808022924,0.7594235033259423,2,4.3,8188,9.010547069270189,38.74535239786181,1.634,0.5254988913525499,0,21,1,1,0.9047619047619048,0.9893,22,5,1,1.2,0.0,0.0,0.0,0,0.0,0.0,0.0,0.0,0.0,0.0,0.0,0.2917930287868093,0.0,0.4572308370382322,0.3291970335904323,0.0,0.0,0.0,0.0,0.0,0.3361879966163441,0.0,0.0,0.0,0.0,0.0,0.4621877098626533,0.4365986302129424,0.0,0.0,0.0,0.0,0.0,0.0,0.0,0.0,0.0,0.0,0.0,0.0,0.0,0.0,0.0,0.0,0.0,0.0,0.283139349026561,0.0,0.0,0.0,0.0,0.0,0.0,0.0
B07MKFNHKG,6999.0,12999.0,46.0,6000.0,0.4615739672282483,4.0028591851322375,0.7480988593155894,3,4.2,4003,8.295049140435111,34.83920638982747,2.268,0.3564638783269962,0,13,1,1,1.0,0.9516,146,4,2,1.2,0.0,0.0,0.0,0,0.0,0.0,0.0,0.2411025344732716,0.0,0.0,0.0,0.0,0.0,0.0,0.0,0.4689396079105035,0.0,0.0,0.0,0.0,0.0,0.0,0.4061999948812066,0.0,0.0,0.4615300373727458,0.0,0.0,0.0,0.4185642410487957,0.0,0.0,0.0,0.0,0.0,0.0,0.0,0.0,0.0,0.0,0.0,0.0,0.0,0.410805035119792,0.0,0.0,0.0,0.0,0.0,0.0,0.0,0.0,0.0,0.0
B0BFWGBX61,199.0,349.0,43.0,150.0,0.4297994269340974,-0.4297994269340974,0.2139689578713969,0,4.1,314,5.752572638825633,23.58554781918509,2.337,0.0742793791574279,0,17,1,1,1.0,0.9565,75,5,1,0.0,0.0,0.0,0.0,4,0.0,0.0,0.0,0.0,0.4047657690597782,0.0,0.4024179115836265,0.2754437320091534,0.0,0.0,0.6215039466535077,0.0,0.0,0.0,0.0,0.0,0.3173512294988472,0.0,0.0,0.0,0.0,0.0,0.0,0.0,0.0,0.0,0.0,0.0,0.0,0.0,0.0,0.0,0.0,0.0,0.0,0.0,0.0,0.0,0.0,0.0,0.3337308624635611,0.0,0.0,0.0,0.0,0.0,0.0,0.0,0.0,0.0
B01N90RZ4M,230.0,499.0,54.0,269.0,0.5390781563126252,-0.8355968548963545,0.1026615969581749,0,3.7,2960,7.993282328101591,29.575144613975887,1.702,0.311787072243346,0,4,0,0,1.0,0.5719,9,4,2,0.0,0.0,0.0,0.0,4,0.0,0.0,0.0,0.0,0.0,0.0,0.0,0.0,0.0,0.0,0.0,0.0,0.0,0.0,0.0,0.0,0.0,0.0,0.0,0.0,0.0,0.0,0.0,0.0,0.0,0.0,0.0,0.0,0.0,0.0,0.0,0.0,0.0,1.0,0.0,0.0,0.0,0.0,0.0,0.0,0.0,0.0,0.0,0.0,0.0,0.0,0.0,0.0,0.0,0.0
B0088TKTY2,649.0,1399.0,54.0,750.0,0.536097212294496,0.8595988538681948,0.7106430155210643,2,4.2,179691,12.098999553138484,50.81579812318165,1.932,0.992239467849224,1,29,1,1,0.9310344827586208,0.9867,103,4,1,1.2,0.0,1.1,0.0,0,0.766248149936051,0.2663182853087558,0.0,0.1382528883829544,0.0,0.0,0.0,0.0,0.0,0.0,0.0,0.0,0.0,0.0,0.0,0.0,0.0,0.0,0.0,0.0,0.0,0.0,0.0,0.0,0.2561396922283512,0.0,0.0,0.0,0.2792945116726207,0.0,0.0,0.0,0.0,0.0,0.0,0.0,0.0,0.0,0.0,0.0,0.0,0.0,0.3421954523419793,0.0,0.0,0.0,0.0,0.0,0.0,0.2492263804149546
B09Q5SWVBJ,15999.0,21999.0,27.0,6000.0,0.2727396699849993,10.43602573266619,0.8802281368821293,1,4.2,34899,10.46024210819052,43.93301685440018,3.066,0.8174904942965779,1,16,1,1,0.9375,0.9905,157,4,2,0.0,0.0,1.1,0.0,3,0.0,0.0,0.0,0.2253551997084443,0.0,0.0,0.0,0.0,0.0,0.0,0.0,0.4383113567127867,0.0,0.0,0.0,0.0,0.0,0.0,0.3796695093562833,0.0,0.0,0.4313857337535005,0.0,0.0,0.0,0.3912261990046465,0.0,0.0,0.0,0.0,0.0,0.0,0.0,0.0,0.0,0.3554740510201999,0.0,0.0,0.0,0.3839737766876036,0.0,0.0,0.0,0.0,0.0,0.0,0.0,0.0,0.0,0.0
B0B4DT8MKT,348.0,1499.0,77.0,1151.0,0.7678452301534356,-0.0028653295128939,0.4689578713968957,0,4.2,656,6.48768401848461,27.24827287763536,0.966,0.1430155210643015,0,29,1,1,0.8620689655172413,0.9088,114,5,1,1.2,0.0,0.0,0.0,0,0.0,0.0,0.0,0.0,0.0,0.0,0.0,0.7663369796612322,0.0,0.0,0.3458284956073403,0.0,0.0,0.0,0.0,0.0,0.1765863255859772,0.0,0.0,0.0,0.0,0.0,0.0,0.2293280802442134,0.0,0.0,0.0,0.2445703822882984,0.0,0.0,0.0,0.0,0.0,0.0,0.0,0.0,0.2401653666098109,0.0,0.0,0.0,0.1857005779689076,0.0,0.1487219584774884,0.0,0.0,0.0,0.0,0.0,0.1877742944451542,0.0
B08CDKQ8T6,154.0,349.0,56.0,195.0,0.5587392550143266,-0.5587392550143266,0.1230598669623059,0,4.3,7064,8.862908295118627,38.110505669010095,1.892,0.4689578713968957,0,16,1,0,0.9375,0.9516,93,5,1,1.2,0.0,0.0,0.0,0,0.0,0.0,0.0,0.0,0.0,0.0,0.0,0.2709106983351302,0.4172601077115511,0.0,0.3056378647243025,0.0,0.0,0.0,0.0,0.0,0.312128515591663,0.3799261625603718,0.0,0.0,0.0,0.0,0.0,0.0,0.0,0.0,0.0,0.4322950269677852,0.0,0.0,0.0,0.0,0.0,0.0,0.0,0.0,0.0,0.0,0.4016663296722939,0.0,0.0,0.0,0.2628763239816212,0.0,0.0,0.0,0.0,0.0,0.0,0.0
B07B275VN9,179.0,799.0,78.0,620.0,0.7759699624530664,-0.8720514653323803,0.053231939163498,0,3.7,2201,7.697121317282625,28.479348873945717,0.814,0.2832699619771863,0,14,0,1,0.8571428571428571,0.8854,15,4,2,0.0,0.0,0.0,0.0,4,0.0,0.0,0.0,0.3061030921609662,0.0,0.0,0.0,0.0,0.0,0.0,0.0,0.0,0.5078868683711325,0.0,0.0,0.0,0.0,0.0,0.5157103584188583,0.0,0.0,0.0,0.0,0.0,0.0,0.0,0.0,0.0,0.0,0.0,0.0,0.0,0.0,0.6183806692686566,0.0,0.0,0.0,0.0,0.0,0.0,0.0,0.0,0.0,0.0,0.0,0.0,0.0,0.0,0.0,0.0
B0B15CPR37,32990.0,47900.0,31.0,14910.0,0.3112734864300626,22.581129378127237,0.9657794676806084,1,4.3,7109,8.869257522797287,38.13780734802833,2.967,0.4363117870722433,0,16,1,1,1.0,0.998,192,4,2,0.0,1.4,0.0,0.0,2,0.0,0.0,0.0,0.1925310275155909,0.0,0.0,0.0,0.0,0.0,0.0,0.0,0.3744689982252201,0.0,0.0,0.0,0.0,0.0,0.0,0.3243686449093565,0.0,0.0,0.3685521287397942,0.0,0.0,0.0,0.3342420418203521,0.0,0.0,0.0,0.0,0.0,0.0,0.0,0.0,0.3708749503638351,0.3036973825613671,0.0,0.0,0.0,0.3280459730254729,0.0,0.3640698442504611,0.0,0.0,0.0,0.0,0.0,0.0,0.0,0.0
B0994GFWBH,139.0,999.0,86.0,860.0,0.8608608608608609,-0.6017191977077364,0.0787139689578714,0,4.0,1313,7.180831199044556,28.723324796178225,0.56,0.2195121951219512,0,17,1,0,0.7058823529411765,0.1181,82,5,1,1.2,0.0,0.0,0.0,0,0.0,0.0,0.0,0.0,0.0,0.0,0.0,0.346179782850665,0.0,0.0,0.0,0.0,0.0,0.0,0.0,0.0,0.0,0.0,0.0,0.0,0.0,0.0,0.0,0.0,0.5028745579529775,0.0,0.0,0.0,0.0,0.0,0.0,0.0,0.0,0.0,0.0,0.0,0.0,0.0,0.0,0.0,0.4194354928881136,0.0,0.6718263199776927,0.0,0.0,0.0,0.0,0.0,0.0,0.0
B01GGKZ0V6,329.0,845.0,61.0,516.0,0.6106508875739645,-0.0573065902578796,0.442350332594235,0,4.2,29746,10.300483565552913,43.26203097532223,1.638,0.8669623059866962,1,16,1,1,0.9375,0.9586,107,5,1,1.2,0.0,1.1,0.0,0,0.0,0.0,0.0,0.0,0.0,0.0,0.0,0.2649119551208941,0.0,0.0,0.0,0.0,0.0,0.0,0.0,0.0,0.0,0.0,0.0,0.0,0.0,0.0,0.0,0.0,0.3848216704941029,0.0,0.0,0.0,0.0,0.0,0.0,0.0,0.0,0.0,0.0,0.0,0.0,0.0,0.0,0.0,0.6419408756519915,0.0,0.5141109699168678,0.0,0.0,0.0,0.0,0.0,0.3245547114593243,0.0
B09F9YQQ7B,13999.0,24999.0,44.0,11000.0,0.4400176007040282,9.006433166547534,0.8498098859315589,1,4.2,45238,10.719714825653304,45.02280226774388,2.3520000000000003,0.8517110266159695,1,16,1,1,1.0,0.9716,251,4,2,0.0,0.0,1.1,0.0,3,0.0,0.0,0.0,0.2253551997084443,0.0,0.0,0.0,0.0,0.0,0.0,0.0,0.4383113567127867,0.0,0.0,0.0,0.0,0.0,0.0,0.3796695093562833,0.0,0.0,0.4313857337535005,0.0,0.0,0.0,0.3912261990046465,0.0,0.0,0.0,0.0,0.0,0.0,0.0,0.0,0.0,0.3554740510201999,0.0,0.0,0.0,0.3839737766876036,0.0,0.0,0.0,0.0,0.0,0.0,0.0,0.0,0.0,0.0
B014I8SX4Y,309.0,1400.0,78.0,1091.0,0.7792857142857142,-0.7791279485346676,0.1739543726235741,0,4.4,426973,12.964478400427152,57.04370496187948,0.968,0.9980988593155894,1,8,1,1,1.0,0.9945,113,5,2,1.2,0.0,1.1,0.0,0,0.0,0.0,0.0,0.3085248524120601,0.0,0.0,0.0,0.3934910516697872,0.0,0.0,0.0,0.0,0.0,0.0,0.0,0.0,0.0,0.0,0.0,0.0,0.0,0.0,0.0,0.0,0.0,0.0,0.0,0.0,0.0,0.6081083436003479,0.0,0.0,0.0,0.0,0.0,0.0,0.6165885582327673,0.0,0.0,0.0,0.0,0.0,0.0,0.0,0.0,0.0,0.0,0.0,0.0,0.0
B09Q8HMKZX,263.0,699.0,62.0,436.0,0.6237482117310443,-0.2464183381088825,0.3215077605321508,0,4.1,450,6.111467339502679,25.057016091960985,1.5579999999999998,0.1053215077605321,0,20,1,0,0.95,0.9838,221,5,1,1.2,0.0,0.0,0.0,0,0.0,0.0,0.0,0.0,0.0,0.0,0.0,0.2635242948375663,0.4058834749763542,0.0,0.2973046220474303,0.0,0.0,0.3587040660458653,0.0,0.0,0.3036183047604773,0.3695674430517002,0.0,0.0,0.0,0.0,0.0,0.0,0.0,0.0,0.0,0.0,0.0,0.0,0.0,0.0,0.0,0.0,0.0,0.0,0.0,0.0,0.3907148626369282,0.0,0.319289132320209,0.0,0.2557089783920329,0.0,0.0,0.0,0.0,0.0,0.0,0.0
B0B9XN9S3W,7999.0,14990.0,47.0,6991.0,0.4663775850567044,4.717655468191565,0.7633079847908745,3,4.3,457,6.126869184114185,26.345537491691,2.279,0.1273764258555133,0,12,1,1,1.0,0.9787,137,4,2,1.2,0.0,0.0,0.0,0,0.0,0.0,0.0,0.2654766952653277,0.0,0.0,0.0,0.0,0.0,0.0,0.0,0.5163468632093543,0.0,0.0,0.0,0.0,0.0,0.0,0.4472646150047438,0.0,0.0,0.5081882252091497,0.0,0.0,0.0,0.0,0.0,0.0,0.0,0.0,0.0,0.0,0.0,0.0,0.0,0.0,0.0,0.0,0.0,0.4523351998775834,0.0,0.0,0.0,0.0,0.0,0.0,0.0,0.0,0.0,0.0
B07966M8XH,1599.0,2999.0,47.0,1400.0,0.4668222740913638,0.1429592566118656,0.55893536121673,2,4.2,2727,7.911324018963353,33.227560879646084,2.2260000000000004,0.3041825095057034,0,16,1,0,0.875,0.96,12,5,2,1.2,0.0,0.0,0.0,0,0.0,0.0,0.0,0.0,0.0,0.0,0.0,0.0,0.0,0.0,0.0,0.0,0.0,0.0,0.0,0.0,0.0,0.0,0.0,0.0,0.0,0.0,0.0,0.0,0.0,0.713690921514856,0.0,0.0,0.0,0.0,0.0,0.0,0.0,0.0,0.0,0.0,0.0,0.0,0.0,0.7004607544661411,0.0,0.0,0.0,0.0,0.0,0.0,0.0,0.0,0.0,0.0
B01GGKYKQM,219.0,700.0,69.0,481.0,0.6871428571428572,-0.3724928366762177,0.270509977827051,0,4.3,20053,9.90618391408387,42.59659083056064,1.3330000000000002,0.7505543237250555,1,19,1,1,0.8947368421052632,0.9815,105,5,1,1.2,0.0,0.0,0.0,0,0.0,0.0,0.0,0.2306146516270188,0.0,0.0,0.0,0.2941247717638648,0.0,0.0,0.3318276751596757,0.0,0.0,0.0,0.0,0.0,0.3388745035673147,0.0,0.0,0.0,0.0,0.0,0.0,0.0,0.4272573729343936,0.0,0.0,0.0,0.0,0.0,0.0,0.0,0.0,0.0,0.0,0.0,0.0,0.0,0.0,0.0,0.3563650297527582,0.0,0.5708038794213386,0.0,0.0,0.0,0.0,0.0,0.0,0.0
B0B86CDHL1,349.0,899.0,61.0,550.0,0.6117908787541713,0.0,0.4866962305986696,0,4.5,149,5.010635294096256,22.54785882343315,1.755,0.0432372505543237,0,47,1,0,0.9148936170212766,0.9617,217,5,1,1.2,0.0,0.0,1.0,0,0.0,0.0,0.0,0.0,0.0,0.0,0.2834893100828414,0.388080904483751,0.0,0.0,0.2189138703558328,0.0,0.2524334124298283,0.0,0.0,0.0,0.2235628149615151,0.0,0.0,0.0,0.0,0.0,0.0,0.0,0.2818708991108882,0.2641240316739749,0.0,0.0,0.0,0.0,0.0,0.0,0.0,0.0,0.2930720103416291,0.0,0.3040555107389205,0.0,0.0,0.0,0.235101692121092,0.2876944939381133,0.3765716238047956,0.0,0.0,0.0,0.0,0.0,0.0,0.0
B0B5ZF3NRK,349.0,599.0,42.0,250.0,0.4173622704507512,0.0,0.4866962305986696,0,4.1,210,5.351858133476067,21.942618347251877,2.378,0.0587583148558758,0,41,1,1,0.8780487804878049,0.9477,172,5,1,0.0,0.0,0.0,0.0,4,0.0,0.0,0.0,0.0,0.0,0.0,0.0,0.411654381044029,0.3170176601181675,0.0,0.2322115125019153,0.0,0.2677671561471637,0.2801679070559786,0.0,0.0,0.237142851282178,0.0,0.0,0.0,0.0,0.0,0.0,0.0,0.0,0.0,0.0,0.0,0.0,0.0,0.0,0.2964850071297695,0.0,0.0,0.0,0.0,0.0,0.0,0.3051701268049067,0.0,0.4987652854564207,0.0,0.1997229919394278,0.0,0.0,0.0,0.0,0.0,0.0,0.0
B09RFC46VP,26999.0,42999.0,37.0,16000.0,0.372101676783181,18.2987848463188,0.9401140684410646,1,4.2,45238,10.719714825653304,45.02280226774388,2.6460000000000004,0.8517110266159695,1,16,1,1,1.0,0.9716,222,4,2,0.0,0.0,1.1,0.0,3,0.0,0.0,0.0,0.2073162379776417,0.0,0.0,0.0,0.0,0.0,0.0,0.0,0.4032259368948838,0.0,0.0,0.0,0.0,0.0,0.0,0.3492781815391689,0.0,0.0,0.396854687864782,0.0,0.0,0.0,0.359909795207163,0.0,0.0,0.0,0.0,0.0,0.0,0.0,0.0,0.0,0.3270194921240978,0.0,0.0,0.0,0.3532379060608745,0.0,0.3920281912223184,0.0,0.0,0.0,0.0,0.0,0.0,0.0,0.0
B08R69VDHT,115.0,499.0,77.0,384.0,0.7695390781563126,-0.670487106017192,0.0521064301552106,0,4.0,7732,8.953252164609035,35.81300865843614,0.92,0.5022172949002217,0,30,1,1,0.8333333333333334,0.9763,53,5,1,1.2,0.0,0.0,0.0,0,0.0,0.0,0.0,0.0,0.0,0.0,0.0,0.4082230783440839,0.0,0.0,0.4605518747064119,0.0,0.0,0.2778325963191391,0.0,0.0,0.235166171466908,0.0,0.0,0.0,0.0,0.0,0.0,0.0,0.0,0.0,0.0,0.3257029119671794,0.0,0.3154377449472205,0.0,0.0,0.0,0.0,0.0,0.25244290584397,0.0,0.0,0.0,0.0,0.0,0.0,0.396116443016228,0.0,0.0,0.0,0.0,0.0,0.2500655799821083,0.0
B09RWZRCP1,399.0,999.0,60.0,600.0,0.6006006006006006,0.1432664756446991,0.5598669623059866,0,4.1,1780,7.484930283289661,30.688214161487608,1.64,0.270509977827051,0,26,1,1,0.9230769230769232,0.9949,100,5,1,1.2,0.0,0.0,0.0,0,0.0,0.0,0.0,0.2856208166087867,0.0,0.0,0.0,0.3642793591100075,0.0,0.0,0.4109751522023316,0.0,0.0,0.4958498698189643,0.0,0.0,0.4197027888468025,0.0,0.0,0.0,0.0,0.0,0.0,0.0,0.0,0.0,0.0,0.0,0.0,0.0,0.0,0.0,0.0,0.0,0.0,0.0,0.0,0.0,0.0,0.0,0.4413651521734977,0.0,0.0,0.0,0.0,0.0,0.0,0.0,0.0,0.0
B09CMP1SC8,199.0,499.0,60.0,300.0,0.6012024048096193,-0.4297994269340974,0.2139689578713969,0,4.1,602,6.401917196727186,26.24786050658146,1.64,0.1352549889135255,0,35,1,1,0.8857142857142857,0.9934,66,5,1,1.2,0.0,0.0,0.0,0,0.255850805521824,0.0,0.0,0.1384882150571578,0.0,0.0,0.0,0.1766271759330807,0.2720434257766165,0.0,0.1992684424654563,0.0,0.2297799259561252,0.2404214238404356,0.0,0.0,0.2035001887187966,0.0,0.0,0.0,0.0,0.0,0.0,0.0,0.0,0.0,0.0,0.56369165376245,0.0,0.0,0.0,0.0,0.0,0.0,0.0,0.0,0.0,0.0,0.0,0.0,0.428007123841114,0.0,0.3427779191437152,0.0,0.0,0.0,0.0,0.0,0.0,0.0
B09YLXYP7Y,179.0,399.0,55.0,220.0,0.5513784461152882,-0.4871060171919771,0.1629711751662971,0,4.0,1423,7.261225091971921,29.044900367887685,1.7999999999999998,0.2350332594235033,0,29,1,1,0.896551724137931,0.9475,126,5,1,1.2,0.0,0.0,0.0,0,0.0,0.0,0.0,0.1801283984283165,0.0,0.0,0.0,0.2297348572700658,0.0,0.0,0.5183676514827404,0.0,0.0,0.3127105509039835,0.0,0.0,0.2646879596119281,0.0,0.0,0.0,0.0,0.0,0.0,0.0,0.0,0.0,0.0,0.0,0.0,0.0,0.0,0.0,0.0,0.0,0.0,0.0,0.3599875621538476,0.0,0.3406168803393088,0.0,0.2783494527010487,0.0,0.2229216311527482,0.0,0.0,0.0,0.0,0.0,0.0,0.324714725857164
B09ZPM4C2C,10901.0,30990.0,65.0,20089.0,0.6482413681832849,6.791994281629735,0.7984790874524715,1,4.1,398,5.988961416889864,24.55474180924844,1.4349999999999998,0.1159695817490494,0,14,1,1,1.0,0.8932,155,4,2,1.2,0.0,0.0,0.0,0,0.0,0.0,0.0,0.2253551997084443,0.0,0.0,0.0,0.0,0.0,0.0,0.0,0.4383113567127867,0.0,0.0,0.0,0.0,0.0,0.0,0.3796695093562833,0.0,0.0,0.4313857337535005,0.0,0.0,0.0,0.3912261990046465,0.0,0.0,0.0,0.0,0.0,0.0,0.0,0.0,0.0,0.3554740510201999,0.0,0.0,0.0,0.3839737766876036,0.0,0.0,0.0,0.0,0.0,0.0,0.0,0.0,0.0,0.0
B0B2DJDCPX,209.0,499.0,58.0,290.0,0.5811623246492986,-0.4011461318051575,0.2560975609756097,0,3.9,536,6.285998094508865,24.515392568584573,1.638,0.1230598669623059,0,24,1,1,0.875,0.8402,186,5,1,1.2,0.0,0.0,0.0,0,0.2829080769039545,0.0,0.0,0.0,0.0,0.0,0.0,0.3906124475183014,0.0,0.0,0.2203418970308453,0.0,0.2540800949631383,0.2658469748667896,0.0,0.0,0.2250211677958376,0.0,0.0,0.0,0.0,0.0,0.3093567267747056,0.2922291533825784,0.0,0.0,0.0,0.0,0.3093567267747056,0.0,0.0,0.2813300176563738,0.0,0.0,0.0,0.0,0.0,0.0,0.2895711928011413,0.0,0.0,0.0,0.1895140445469806,0.0,0.0,0.0,0.0,0.0,0.2392778199437397,0.0
B0BCZCQTJX,1434.0,3999.0,64.0,2565.0,0.641410352588147,0.0250178699070764,0.5076045627376425,2,4.0,32,3.49650756146648,13.98603024586592,1.44,0.0152091254752851,0,2,0,0,1.0,0.9796,143,4,2,1.2,0.0,0.0,0.0,0,0.0,0.0,0.0,0.0,0.0,0.0,0.0,0.0,0.0,0.0,0.0,0.0,0.0,0.0,0.0,0.0,0.0,0.0,0.0,0.0,0.0,0.0,0.0,0.0,0.0,0.0,0.0,0.0,0.0,0.0,0.0,0.0,0.0,1.0,0.0,0.0,0.0,0.0,0.0,0.0,0.0,0.0,0.0,0.0,0.0,0.0,0.0,0.0,0.0,0.0
B07LGT55SJ,399.0,1099.0,64.0,700.0,0.6369426751592356,0.1432664756446991,0.5598669623059866,0,4.2,24269,10.096996298720647,42.40738445462672,1.512,0.8004434589800443,1,15,0,1,0.8666666666666667,0.8974,135,5,1,1.2,0.0,1.1,0.0,0,0.0,0.0,0.0,0.2040689618552817,0.0,0.0,0.3802472407790593,0.2602685319701578,0.0,0.0,0.2936315134660466,0.0,0.0,0.3542723859256683,0.0,0.0,0.0,0.0,0.0,0.0,0.0,0.0,0.4122542517233706,0.3894297441517257,0.0,0.0,0.0,0.0,0.0,0.0,0.0,0.0,0.0,0.0,0.0,0.0,0.0,0.0,0.3858876988177364,0.0,0.0,0.0,0.2525497713928266,0.0,0.0,0.0,0.0,0.0,0.0,0.0
B09NKZXMWJ,139.0,249.0,44.0,110.0,0.4417670682730923,-0.6017191977077364,0.0787139689578714,0,4.0,9378,9.14622842650894,36.58491370603576,2.24,0.5676274944567627,0,31,1,1,0.9032258064516128,0.9817,92,5,1,0.0,0.0,0.0,0.0,4,0.0,0.2481571044334059,0.0,0.0,0.0,0.0,0.0,0.1643026801336703,0.0,0.0,0.3707282188052533,0.0,0.0,0.4472911270857082,0.0,0.0,0.189300577544612,0.0,0.0,0.0,0.0,0.0,0.0,0.0,0.0,0.0,0.0,0.0,0.0,0.0,0.0,0.0,0.0,0.0,0.0,0.0,0.0,0.0,0.4872074442994001,0.0,0.3981421159677159,0.0,0.3188599404844293,0.0,0.0,0.0,0.0,0.0,0.2012940824752199,0.0
B08QX1CC14,7299.0,19125.0,62.0,11826.0,0.6183529411764705,4.217298070050036,0.7509505703422054,3,3.4,902,6.805722553416985,23.139456681617748,1.292,0.1787072243346007,0,12,1,1,1.0,0.9696,178,4,2,0.0,0.0,0.0,0.0,4,0.0,0.0,0.0,0.2082159370518641,0.0,0.0,0.0,0.0,0.0,0.0,0.0,0.4049758336017973,0.0,0.0,0.0,0.0,0.0,0.0,0.3507939588832029,0.0,0.0,0.3985769349919523,0.0,0.0,0.0,0.3614717110161232,0.0,0.0,0.0,0.0,0.0,0.3825239797947739,0.0,0.0,0.0,0.3284386724892579,0.0,0.0,0.0,0.3547708675894234,0.0,0.0,0.0,0.0,0.0,0.0,0.0,0.0,0.0,0.0
B0974H97TJ,299.0,799.0,63.0,500.0,0.6257822277847309,-0.1432664756446991,0.3880266075388026,0,4.4,28791,10.267852849758867,45.17855253893902,1.628,0.8592017738359202,1,13,1,1,0.8461538461538461,0.9882,109,5,1,1.2,0.0,1.1,0.0,0,0.0,0.5862776937038574,0.0,0.3043523070715359,0.0,0.0,0.0,0.3881694082386451,0.0,0.0,0.4379275894767094,0.0,0.0,0.0,0.0,0.0,0.0,0.0,0.0,0.0,0.0,0.0,0.0,0.0,0.0,0.0,0.0,0.0,0.0,0.0,0.0,0.0,0.0,0.0,0.0,0.0,0.0,0.0,0.0,0.0,0.4703106164316284,0.0,0.0,0.0,0.0,0.0,0.0,0.0,0.0,0.0
B07GVGTSLN,325.0,1299.0,75.0,974.0,0.7498075442648191,-0.0687679083094555,0.4290465631929046,0,4.2,10576,9.266437111328052,38.91903586757782,1.05,0.6053215077605322,1,35,1,0,0.9428571428571428,0.958,213,5,1,1.2,0.0,0.0,0.0,0,0.2703925188702141,0.0,0.0,0.0,0.0,0.0,0.0,0.3733321605462317,0.0,0.2925000932502774,0.2105942014905365,0.0,0.2428398567609289,0.0,0.0,0.0,0.4301329324018543,0.2617811994660338,0.0,0.0,0.0,0.0,0.0,0.0,0.0,0.0,0.0,0.0,0.0,0.2884772103445771,0.0,0.0,0.0,0.0,0.2819340131203212,0.0,0.0,0.0,0.0,0.0,0.2261668163869095,0.0,0.36226028204728,0.0,0.0,0.0,0.0,0.0,0.0,0.0
B09VCHLSJF,29999.0,39999.0,25.0,10000.0,0.2500062501562539,20.44317369549678,0.9553231939163498,1,4.2,7298,8.895492631451633,37.36106905209686,3.1500000000000004,0.4477186311787072,0,17,1,1,0.9411764705882352,-0.8841,186,4,2,0.0,0.0,0.0,0.0,4,0.0,0.0,0.0,0.1937397200475149,0.0,0.0,0.0,0.0,0.0,0.0,0.0,0.3768198810280204,0.0,0.0,0.0,0.0,0.0,0.0,0.3264050021851234,0.0,0.0,0.3708658659663635,0.0,0.0,0.0,0.3363403833968577,0.0,0.0,0.0,0.0,0.0,0.3559289927861806,0.0,0.0,0.0,0.3056039675051215,0.0,0.0,0.0,0.3301054162375106,0.0,0.3663554420968063,0.0,0.0,0.0,0.0,0.0,0.0,0.0,0.0
B0B1YZX72F,27999.0,40990.0,32.0,12991.0,0.3169309587704318,19.013581129378128,0.9429657794676806,1,4.3,4703,8.456168489578463,36.36152450518739,2.9239999999999995,0.3792775665399239,0,16,1,1,0.9375,0.9986,245,4,2,0.0,1.4,0.0,0.0,2,0.0,0.0,0.0,0.2073162379776417,0.0,0.0,0.0,0.0,0.0,0.0,0.0,0.4032259368948838,0.0,0.0,0.0,0.0,0.0,0.0,0.3492781815391689,0.0,0.0,0.396854687864782,0.0,0.0,0.0,0.359909795207163,0.0,0.0,0.0,0.0,0.0,0.0,0.0,0.0,0.0,0.3270194921240978,0.0,0.0,0.0,0.3532379060608745,0.0,0.3920281912223184,0.0,0.0,0.0,0.0,0.0,0.0,0.0,0.0
B092BJMT8Q,30990.0,52900.0,41.0,21910.0,0.4141776937618147,21.151536812008576,0.9591254752851712,1,4.3,7109,8.869257522797287,38.13780734802833,2.5370000000000004,0.4363117870722433,0,15,1,1,1.0,0.998,155,4,2,0.0,0.0,0.0,0.0,4,0.0,0.0,0.0,0.1925310275155909,0.0,0.0,0.0,0.0,0.0,0.0,0.0,0.3744689982252201,0.0,0.0,0.0,0.0,0.0,0.0,0.3243686449093565,0.0,0.0,0.3685521287397942,0.0,0.0,0.0,0.3342420418203521,0.0,0.0,0.0,0.0,0.0,0.0,0.0,0.0,0.3708749503638351,0.3036973825613671,0.0,0.0,0.0,0.3280459730254729,0.0,0.3640698442504611,0.0,0.0,0.0,0.0,0.0,0.0,0.0,0.0
B0BMXMLSMM,199.0,999.0,80.0,800.0,0.8008008008008008,-0.4297994269340974,0.2139689578713969,0,4.5,127,4.852030263919617,21.83413618763828,0.8999999999999998,0.0365853658536585,0,43,1,1,0.8837209302325582,0.9947,203,5,1,1.2,0.0,0.0,1.0,0,0.0,0.0,0.0,0.0,0.0,0.0,0.0,0.5243009692459311,0.269178343325271,0.0,0.1971698050292276,0.0,0.4547199008518713,0.237889375141202,0.0,0.0,0.2013569837584882,0.0,0.0,0.0,0.0,0.0,0.0,0.0,0.0,0.0,0.0,0.0,0.0,0.0,0.0,0.2517441552316818,0.0,0.0,0.0,0.0,0.0,0.0,0.2591186533112643,0.0,0.4234994769605937,0.0,0.0,0.0,0.0,0.0,0.0,0.0,0.0,0.0
B07JH1C41D,649.0,1999.0,68.0,1350.0,0.6753376688344173,0.8595988538681948,0.7106430155210643,2,4.2,24269,10.096996298720647,42.40738445462672,1.344,0.8004434589800443,1,23,1,0,0.9130434782608696,0.8974,103,5,1,1.2,0.0,1.1,0.0,0,0.0,0.0,0.0,0.0,0.0,0.0,0.2669076620852411,0.1826907809776231,0.0,0.2862709196750456,0.0,0.0,0.0,0.2486750832827814,0.0,0.0,0.4209726867876351,0.2562062250717146,0.0,0.0,0.0,0.0,0.2893744035768557,0.2733531539769556,0.0,0.0,0.0,0.0,0.0,0.5646674186867484,0.0,0.0,0.0,0.0,0.0,0.0,0.0,0.0,0.0,0.0,0.0,0.0,0.1772727368238504,0.0,0.0,0.0,0.0,0.0,0.0,0.0
B0141EZMAI,269.0,800.0,66.0,531.0,0.66375,-0.2292263610315186,0.3303769401330377,0,3.6,10134,9.2237500588861,33.205500211989964,1.224,0.5931263858093127,1,32,1,1,0.90625,0.9241,53,4,1,0.0,0.0,0.0,0.0,4,0.0,0.79682520343958,0.0,0.2068265530174532,0.0,0.0,0.0,0.0,0.0,0.0,0.0,0.0,0.3431670342382298,0.0,0.0,0.0,0.0,0.0,0.0,0.0,0.0,0.0,0.0,0.0,0.0,0.0,0.0,0.0,0.0,0.0,0.0,0.0,0.0,0.0,0.0,0.0,0.0,0.0,0.0,0.0,0.0,0.0,0.2559624854639413,0.0,0.0,0.0,0.0,0.0,0.0,0.3728430833174324
B09Q5P2MT3,24999.0,31999.0,22.0,7000.0,0.2187568361511297,16.869192280200142,0.9363117870722434,1,4.2,34899,10.46024210819052,43.93301685440018,3.276,0.8174904942965779,1,16,1,1,0.9375,0.9905,157,4,2,0.0,0.0,1.1,0.0,3,0.0,0.0,0.0,0.2253551997084443,0.0,0.0,0.0,0.0,0.0,0.0,0.0,0.4383113567127867,0.0,0.0,0.0,0.0,0.0,0.0,0.3796695093562833,0.0,0.0,0.4313857337535005,0.0,0.0,0.0,0.3912261990046465,0.0,0.0,0.0,0.0,0.0,0.0,0.0,0.0,0.0,0.3554740510201999,0.0,0.0,0.0,0.3839737766876036,0.0,0.0,0.0,0.0,0.0,0.0,0.0,0.0,0.0,0.0
B08HDH26JX,299.0,699.0,57.0,400.0,0.5722460658082976,-0.1432664756446991,0.3880266075388026,0,4.2,94363,11.454914923466722,48.11064267856023,1.8060000000000005,0.9656319290465633,1,31,1,1,0.9032258064516128,0.8316,109,5,1,1.2,0.0,1.1,0.0,0,0.0,0.0,0.0,0.2106957590625054,0.0,0.0,0.0,0.2687203159411627,0.0,0.0,0.3031667042941826,0.0,0.0,0.3657767873608735,0.0,0.0,0.3096048765866007,0.0,0.0,0.0,0.0,0.0,0.0,0.0,0.0,0.0,0.0,0.4287998109357532,0.0,0.0,0.0,0.0,0.0,0.0,0.0,0.0,0.0,0.0,0.0,0.0,0.325584692548185,0.0,0.52150180312486,0.0,0.0,0.0,0.0,0.0,0.0,0.0
B09VT6JKRP,199.0,999.0,80.0,800.0,0.8008008008008008,-0.4297994269340974,0.2139689578713969,0,4.1,425,6.054439346269371,24.823201319704417,0.8199999999999997,0.0975609756097561,0,15,1,0,0.8,0.9636,132,5,1,1.2,0.0,0.0,0.0,0,0.0,0.0,0.0,0.0,0.0,0.0,0.0,0.7308886379423253,0.0,0.0,0.0,0.0,0.0,0.0,0.0,0.0,0.0,0.0,0.0,0.0,0.0,0.0,0.0,0.0,0.0,0.0,0.0,0.5831433114148697,0.0,0.0,0.0,0.0,0.0,0.0,0.0,0.0,0.0,0.0,0.0,0.0,0.0,0.0,0.3546063694844084,0.0,0.0,0.0,0.0,0.0,0.0,0.0
B09T3KB6JZ,18990.0,40990.0,54.0,22000.0,0.5367162722615272,12.57398141529664,0.9011406844106464,1,4.2,6659,8.803874763534434,36.97627400684463,1.932,0.4220532319391635,0,15,1,1,1.0,0.9864,164,4,2,1.2,0.0,0.0,0.0,0,0.0,0.0,0.0,0.2253551997084443,0.0,0.0,0.0,0.0,0.0,0.0,0.0,0.4383113567127867,0.0,0.0,0.0,0.0,0.0,0.0,0.3796695093562833,0.0,0.0,0.4313857337535005,0.0,0.0,0.0,0.3912261990046465,0.0,0.0,0.0,0.0,0.0,0.0,0.0,0.0,0.0,0.3554740510201999,0.0,0.0,0.0,0.3839737766876036,0.0,0.0,0.0,0.0,0.0,0.0,0.0,0.0,0.0,0.0
B093QCY6YJ,290.0,349.0,17.0,59.0,0.1690544412607449,-0.1690544412607449,0.3503325942350332,0,3.7,1977,7.589841512182657,28.08241359507583,3.071,0.2860310421286031,0,18,1,0,0.9444444444444444,0.7933,24,4,1,0.0,0.0,0.0,0.0,4,0.0,0.4879185420434085,0.0,0.0,0.0,0.0,0.0,0.0,0.0,0.0,0.0,0.0,0.0,0.439724736261133,0.0,0.0,0.0,0.0,0.0,0.0,0.0,0.0,0.0,0.0,0.0,0.0,0.0,0.0,0.5116921310079889,0.0,0.0,0.0,0.0,0.0,0.0,0.0,0.0,0.0,0.0,0.0,0.0,0.0,0.3134660956663458,0.0,0.0,0.0,0.0,0.0,0.0,0.4566046677187082
B093ZNQZ2Y,249.0,799.0,69.0,550.0,0.688360450563204,-0.8220157255182273,0.1169201520912547,0,3.8,1079,6.984716320118266,26.54192201644941,1.1780000000000002,0.1920152091254753,0,30,1,0,0.9,0.9401,62,4,2,1.2,0.0,0.0,0.0,0,0.0,0.0,0.0,0.0,0.0,0.0,0.0,0.0,0.0,0.0,0.0,0.0,0.4233993862131026,0.0,0.0,0.0,0.0,0.0,0.0,0.0,0.0,0.0,0.0,0.0,0.0,0.2953384863449951,0.0,0.0,0.0,0.0,0.0,0.0,0.0,0.6873499122723881,0.0,0.2683490227145614,0.0,0.0,0.0,0.4347953982565767,0.0,0.0,0.0,0.0,0.0,0.0,0.0,0.0,0.0,0.0
B08LKS3LSP,345.0,999.0,65.0,654.0,0.6546546546546547,-0.0114613180515759,0.4634146341463415,0,3.7,1097,7.001245622069476,25.904608801657066,1.295,0.2062084257206208,0,25,1,0,0.92,0.1546,67,5,1,0.0,0.0,0.0,0.0,4,0.0,0.0,0.0,0.0,0.0,0.0,0.328764741761409,0.4500604213536333,0.0,0.0,0.5077522114290269,0.0,0.0,0.0,0.0,0.0,0.2592675226688375,0.0,0.0,0.0,0.0,0.0,0.0,0.3367040060775754,0.0,0.0,0.0,0.3590830542718592,0.0,0.0,0.0,0.0,0.0,0.0,0.0,0.0,0.0,0.0,0.0,0.0,0.2726492476039905,0.0,0.2183565098427876,0.0,0.0,0.0,0.0,0.0,0.0,0.0
B00V4BGDKU,1099.0,1899.0,42.0,800.0,0.421274354923644,2.1489971346704877,0.8370288248337029,2,4.5,22420,10.017753298664472,45.07988984399013,2.6100000000000003,0.779379157427938,1,14,1,0,0.8571428571428571,0.9919,67,4,1,0.0,0.0,1.1,0.0,3,0.0,0.8413320365168773,0.0,0.0,0.0,0.0,0.0,0.0,0.0,0.0,0.0,0.0,0.0,0.0,0.0,0.0,0.0,0.0,0.0,0.0,0.0,0.0,0.0,0.0,0.0,0.0,0.0,0.0,0.0,0.0,0.0,0.0,0.0,0.0,0.0,0.0,0.0,0.0,0.0,0.0,0.0,0.0,0.5405186438323508,0.0,0.0,0.0,0.0,0.0,0.0,0.0
B08CHKQ8D4,719.0,1499.0,52.0,780.0,0.5203468979319547,1.0601719197707735,0.7394678492239468,2,4.1,1045,6.952728644624869,28.50618744296196,1.968,0.1873614190687361,0,47,1,0,0.9574468085106383,0.9145,274,5,1,1.2,0.0,0.0,0.0,0,0.0,0.0,0.0,0.0,0.0,0.0,0.1433997192406985,0.0981530709736179,0.0,0.0,0.1107349957490377,0.0,0.0,0.0,0.0,0.0,0.113086609469589,0.137650228756901,0.0,0.0,0.0,0.0,0.0,0.2937252923172819,0.0,0.0,0.0,0.0,0.3109405545286537,0.0,0.0,0.8483110673653013,0.0,0.0,0.0,0.0,0.0,0.0,0.0,0.0,0.1189234141962035,0.0,0.0952421541253912,0.0,0.0,0.0,0.0,0.0,0.0,0.0
B09BW334ML,349.0,1499.0,77.0,1150.0,0.7671781187458305,-0.7505360972122945,0.2024714828897338,0,4.3,4145,8.329899292995725,35.818566959881615,0.989,0.3593155893536122,0,19,1,1,0.8947368421052632,0.8934,111,4,2,1.2,0.0,0.0,0.0,0,0.0,0.0,0.0,0.3051791220544995,0.0,0.0,0.0,0.0,0.0,0.0,0.0,0.0,0.5063538153054838,0.0,0.0,0.0,0.0,0.0,0.0,0.0,0.0,0.0,0.0,0.0,0.0,0.0,0.0,0.0,0.0,0.0,0.0,0.0,0.0,0.6165140914148118,0.0,0.0,0.0,0.0,0.0,0.5199825884340684,0.0,0.0,0.0,0.0,0.0,0.0,0.0,0.0,0.0,0.0
B082T6GVLJ,849.0,1809.0,53.0,960.0,0.5306799336650083,1.4326647564469914,0.7749445676274944,2,4.3,6547,8.786914938491025,37.7837342355114,2.021,0.4611973392461197,0,22,1,1,0.9090909090909092,0.8501,22,5,1,1.2,0.0,0.0,0.0,0,0.0,0.0,0.0,0.0,0.0,0.0,0.0,0.2917930287868093,0.0,0.4572308370382322,0.3291970335904323,0.0,0.0,0.0,0.0,0.0,0.3361879966163441,0.0,0.0,0.0,0.0,0.0,0.4621877098626533,0.4365986302129424,0.0,0.0,0.0,0.0,0.0,0.0,0.0,0.0,0.0,0.0,0.0,0.0,0.0,0.0,0.0,0.0,0.0,0.0,0.283139349026561,0.0,0.0,0.0,0.0,0.0,0.0,0.0
B07DL1KC3H,299.0,899.0,67.0,600.0,0.6674082313681868,-0.7862759113652609,0.1577946768060836,0,4.0,1588,7.370860166536716,29.483440666146866,1.3199999999999998,0.2357414448669201,0,26,1,0,0.7307692307692307,0.6742,38,4,2,1.2,0.0,0.0,0.0,0,0.0,0.0,0.0,0.0,0.0,0.0,0.0,0.0,0.0,0.0,0.0,0.0,0.199334626836327,0.0,0.0,0.0,0.0,0.0,0.0,0.0,0.0,0.0,0.0,0.0,0.0,0.4171323026176137,0.0,0.0,0.0,0.0,0.0,0.0,0.0,0.7281031719531974,0.4628499789730513,0.0,0.0,0.0,0.0,0.2046998207456183,0.0,0.0,0.0,0.0,0.0,0.0,0.0,0.0,0.0,0.0
B0B6F98KJJ,21999.0,29999.0,27.0,8000.0,0.2666755558518617,14.724803431022158,0.9230038022813688,1,4.2,32840,10.399433013772668,43.6776186578452,3.066,0.8041825095057035,1,24,1,1,0.9583333333333334,0.9647,187,4,2,0.0,0.0,1.1,0.0,3,0.0,0.0,0.0,0.2253551997084443,0.0,0.0,0.0,0.0,0.0,0.0,0.0,0.4383113567127867,0.0,0.0,0.0,0.0,0.0,0.0,0.3796695093562833,0.0,0.0,0.4313857337535005,0.0,0.0,0.0,0.3912261990046465,0.0,0.0,0.0,0.0,0.0,0.0,0.0,0.0,0.0,0.3554740510201999,0.0,0.0,0.0,0.3839737766876036,0.0,0.0,0.0,0.0,0.0,0.0,0.0,0.0,0.0,0.0
B07JNVF678,349.0,999.0,65.0,650.0,0.6506506506506506,0.0,0.4866962305986696,0,4.2,13120,9.481969279105716,39.82427097224401,1.47,0.6574279379157428,1,26,1,0,0.8846153846153846,0.9847,98,5,1,1.2,0.0,0.0,0.0,0,0.0,0.0,0.0,0.0,0.0,0.0,0.2908111541872475,0.1990520484140496,0.0,0.0,0.2245678868355694,0.0,0.0,0.2709457174143612,0.0,0.0,0.2293369024507826,0.2791513268707432,0.0,0.0,0.0,0.0,0.6305799064663501,0.0,0.0,0.0,0.0,0.0,0.315289953233175,0.0,0.0,0.0,0.0,0.0,0.0,0.0,0.0,0.0,0.2951249477837814,0.0,0.0,0.0,0.1931487796150711,0.0,0.0,0.0,0.0,0.0,0.0,0.0
B09QGZFBPM,399.0,999.0,60.0,600.0,0.6006006006006006,0.1432664756446991,0.5598669623059866,0,4.3,2806,7.939871576361883,34.141447778356095,1.72,0.3492239467849224,0,39,1,0,0.9487179487179488,0.9875,247,5,1,1.2,0.0,0.0,0.0,0,0.0,0.0,0.0,0.0,0.0,0.0,0.0,0.1714959135620121,0.0,0.268728901552633,0.1934794201637475,0.0,0.2231045030974576,0.0,0.0,0.0,0.1975882283686308,0.2405065017174017,0.0,0.0,0.0,0.0,0.0,0.0,0.0,0.0,0.0,0.0,0.0,0.0,0.0,0.0,0.0,0.0,0.2590215162472523,0.0,0.0,0.0,0.0,0.0,0.6233593924016904,0.5085375703327686,0.0,0.0,0.0,0.0,0.0,0.0,0.0,0.0
B07JGDB5M1,449.0,1299.0,65.0,850.0,0.6543494996150885,0.2865329512893982,0.5953436807095344,0,4.2,24269,10.096996298720647,42.40738445462672,1.47,0.8004434589800443,1,26,1,0,0.8461538461538461,0.8974,133,5,1,1.2,0.0,1.1,0.0,0,0.0,0.0,0.0,0.0,0.0,0.0,0.3100592732789309,0.2122268440783529,0.3268744880273077,0.0,0.2394315169534003,0.0,0.0,0.2888789890962833,0.0,0.0,0.2445161827051024,0.2976277089037028,0.0,0.0,0.0,0.0,0.3361582675356447,0.3175468235285449,0.0,0.0,0.0,0.0,0.0,0.3279792871333689,0.0,0.0,0.0,0.0,0.0,0.0,0.0,0.0,0.3146585869172084,0.0,0.0,0.0,0.2059328515425544,0.0,0.0,0.0,0.0,0.0,0.0,0.0
B0981XSZJ7,299.0,999.0,70.0,700.0,0.7007007007007007,-0.1432664756446991,0.3880266075388026,0,4.3,766,6.642486801367256,28.5626932458792,1.29,0.1529933481152993,0,15,0,0,0.8666666666666667,0.9722,110,5,1,1.2,0.0,0.0,0.0,0,0.0,0.0,0.0,0.0,0.0,0.0,0.0,0.5381530346940469,0.0,0.0,0.3035685660064298,0.0,0.3500502224864661,0.3662616416802532,0.0,0.0,0.3100152723987492,0.0,0.0,0.0,0.0,0.0,0.0,0.0,0.0,0.0,0.0,0.0,0.0,0.0,0.0,0.0,0.0,0.0,0.0,0.0,0.0,0.0,0.3989468772845695,0.0,0.326016270357277,0.0,0.0,0.0,0.0,0.0,0.0,0.0,0.0,0.0
B0B9XLX8VR,37999.0,65000.0,42.0,27001.0,0.4154,26.161543959971407,0.9828897338403042,1,4.3,3587,8.185350223178686,35.197005959668346,2.494,0.3469581749049429,0,15,1,0,0.9333333333333332,0.995,205,4,2,0.0,0.0,0.0,0.0,4,0.0,0.0,0.0,0.0,0.0,0.0,0.0,0.0,0.0,0.0,0.0,0.4456042718134472,0.0,0.0,0.0,0.0,0.0,0.4097811321043598,0.0,0.0,0.0,0.4385634157453498,0.0,0.0,0.0,0.3977356800180819,0.0,0.0,0.0,0.0,0.0,0.0,0.0,0.0,0.0,0.3613886640797856,0.0,0.0,0.0,0.3903625870877356,0.0,0.0,0.0,0.0,0.0,0.0,0.0,0.0,0.0,0.0
B08Y5KXR6Z,99.0,800.0,88.0,701.0,0.87625,-0.7163323782234957,0.0376940133037694,0,3.9,24871,10.12149795173859,39.4738420117805,0.4679999999999999,0.8292682926829268,1,29,1,1,0.896551724137931,0.6611,125,5,1,1.2,0.0,0.0,0.0,0,0.0,0.2519278094990738,0.0,0.1307824105538147,0.0,0.0,0.0,0.3335984629205762,0.0,0.0,0.3763613711416603,0.0,0.0,0.454087639813326,0.0,0.0,0.0,0.0,0.0,0.0,0.0,0.0,0.0,0.0,0.0,0.0,0.0,0.0,0.0,0.0,0.0,0.0,0.0,0.0,0.0,0.0,0.0,0.0,0.2473052393447153,0.0,0.4041918178167238,0.0,0.485557444708202,0.0,0.0,0.0,0.0,0.0,0.0,0.0
B09F6VHQXB,7390.0,20000.0,63.0,12610.0,0.6305,4.282344531808435,0.752851711026616,3,4.1,2581,7.856319571406588,32.21091024276701,1.517,0.2984790874524715,0,13,1,1,1.0,0.985,126,4,2,1.2,0.0,0.0,0.0,0,0.0,0.0,0.0,0.2411025344732716,0.0,0.0,0.0,0.0,0.0,0.0,0.0,0.4689396079105035,0.0,0.0,0.0,0.0,0.0,0.0,0.4061999948812066,0.0,0.0,0.4615300373727458,0.0,0.0,0.0,0.4185642410487957,0.0,0.0,0.0,0.0,0.0,0.0,0.0,0.0,0.0,0.0,0.0,0.0,0.0,0.410805035119792,0.0,0.0,0.0,0.0,0.0,0.0,0.0,0.0,0.0,0.0
B0974G5Q2Y,273.1,999.0,73.0,725.9,0.7266266266266266,-0.2174785100286532,0.3370288248337029,0,4.3,20850,9.94515718770752,42.76417590714234,1.161,0.7649667405764967,1,10,1,1,1.0,0.9849,106,5,1,1.2,0.0,1.1,0.0,0,0.0,0.0,0.0,0.2953873216692027,0.0,0.0,0.0,0.3767355107532751,0.0,0.0,0.0,0.0,0.0,0.5128049374512601,0.0,0.0,0.0,0.0,0.0,0.0,0.0,0.0,0.0,0.0,0.5472610268432911,0.0,0.0,0.0,0.0,0.0,0.0,0.0,0.0,0.0,0.0,0.0,0.0,0.0,0.0,0.0,0.4564571718777125,0.0,0.0,0.0,0.0,0.0,0.0,0.0,0.0,0.0
B09YL9SN9B,15990.0,23990.0,33.0,8000.0,0.3334722801167153,10.429592566118655,0.8783269961977186,1,4.3,1035,6.943122422819428,29.85542641812354,2.881,0.1901140684410646,0,13,1,1,1.0,0.9975,207,4,2,0.0,1.4,0.0,0.0,2,0.0,0.0,0.0,0.2253551997084443,0.0,0.0,0.0,0.0,0.0,0.0,0.0,0.4383113567127867,0.0,0.0,0.0,0.0,0.0,0.0,0.3796695093562833,0.0,0.0,0.4313857337535005,0.0,0.0,0.0,0.3912261990046465,0.0,0.0,0.0,0.0,0.0,0.0,0.0,0.0,0.0,0.3554740510201999,0.0,0.0,0.0,0.3839737766876036,0.0,0.0,0.0,0.0,0.0,0.0,0.0,0.0,0.0,0.0
B09RX1FK54,399.0,999.0,60.0,600.0,0.6006006006006006,0.1432664756446991,0.5598669623059866,0,4.1,1780,7.484930283289661,30.688214161487608,1.64,0.270509977827051,0,26,1,1,0.9230769230769232,0.9949,100,5,1,1.2,0.0,0.0,0.0,0,0.0,0.0,0.0,0.0,0.0,0.0,0.0,0.3801138730913175,0.0,0.0,0.4288394413276279,0.0,0.0,0.5174034975497852,0.0,0.0,0.4379464513321715,0.0,0.0,0.0,0.0,0.0,0.0,0.0,0.0,0.0,0.0,0.0,0.0,0.0,0.0,0.0,0.0,0.0,0.0,0.0,0.0,0.0,0.0,0.0,0.4605504353858901,0.0,0.0,0.0,0.0,0.0,0.0,0.0,0.0,0.0
B09TT6BFDX,399.0,1999.0,80.0,1600.0,0.80040020010005,-0.7147962830593281,0.2480988593155893,0,4.5,505,6.226536669287466,28.0194150117936,0.8999999999999998,0.1406844106463878,0,27,1,1,0.8518518518518519,0.8727,92,4,2,1.2,0.0,0.0,0.0,0,0.0,0.0,0.0,0.152284211976002,0.0,0.0,0.0,0.0,0.0,0.0,0.0,0.0,0.0,0.0,0.0,0.0,0.0,0.0,0.0,0.0,0.0,0.0,0.0,0.0,0.0,0.0,0.0,0.0,0.0,0.0,0.0,0.0,0.0,0.9229205649897564,0.0,0.2402122773628633,0.0,0.0,0.0,0.2594710220929951,0.0,0.0,0.0,0.0,0.0,0.0,0.0,0.0,0.0,0.0
B09KH58JZR,210.0,399.0,47.0,189.0,0.4736842105263157,-0.3982808022922636,0.2616407982261641,0,4.1,1717,7.4489161025442,30.540556020431215,2.173,0.2638580931263858,0,21,1,1,0.8571428571428571,-0.8288,103,5,1,1.2,0.0,0.0,0.0,0,0.0,0.0,0.0,0.0,0.0,0.0,0.0,0.2536426109438005,0.3906635795967202,0.0,0.2861562370492307,0.0,0.0,0.0,0.0,0.0,0.2922331680927047,0.0,0.0,0.0,0.0,0.0,0.0,0.0,0.0,0.0,0.0,0.0,0.0,0.0,0.0,0.0,0.0,0.0,0.0,0.0,0.0,0.0,0.3760637627542623,0.0,0.614632735988133,0.0,0.0,0.0,0.0,0.0,0.0,0.0,0.3107481667676612,0.0
B09DDCQFMT,1299.0,1999.0,35.0,700.0,0.3501750875437719,-0.0714796283059328,0.4771863117870722,2,3.6,590,6.3818160174060985,22.974537662661955,2.3400000000000003,0.150190114068441,0,17,0,0,0.8235294117647058,0.8402,18,4,2,0.0,0.0,0.0,0.0,4,0.0,0.0,0.0,0.0,0.0,0.0,0.0,0.0,0.0,0.0,0.0,0.0,0.3539002664868027,0.0,0.0,0.0,0.0,0.0,0.0,0.0,0.0,0.0,0.0,0.0,0.0,0.0,0.0,0.0,0.0,0.0,0.0,0.0,0.0,0.8617867374532963,0.0,0.0,0.0,0.0,0.0,0.3634256740107578,0.0,0.0,0.0,0.0,0.0,0.0,0.0,0.0,0.0,0.0
B08RP2L2NL,347.0,999.0,65.0,652.0,0.6526526526526526,-0.0057306590257879,0.4656319290465632,0,3.5,1121,7.022868086082641,24.58003830128925,1.225,0.2084257206208425,0,29,1,0,0.8620689655172413,0.687,169,5,1,0.0,0.0,0.0,0.0,4,0.0,0.0,0.0,0.0,0.0,0.0,0.0,0.2363539516654804,0.3640353663995575,0.3703594825641249,0.2666514004434979,0.0,0.3074803932420235,0.0,0.0,0.0,0.2723141187887286,0.0,0.0,0.0,0.0,0.0,0.0,0.0,0.0,0.0,0.0,0.3771524658755865,0.0,0.0,0.0,0.0,0.0,0.0,0.0,0.0,0.0,0.0,0.0,0.0,0.2863692252520395,0.0,0.4586888473152216,0.0,0.0,0.0,0.0,0.0,0.0,0.0
B0B4G2MWSB,149.0,999.0,85.0,850.0,0.8508508508508509,-0.5730659025787965,0.0997782705099778,0,4.0,1313,7.180831199044556,28.723324796178225,0.6000000000000001,0.2195121951219512,0,16,1,0,0.9375,0.1181,57,5,1,1.2,0.0,0.0,0.0,0,0.0,0.0,0.0,0.0,0.0,0.0,0.0,0.7675877475776121,0.0,0.0,0.0,0.0,0.0,0.0,0.0,0.0,0.0,0.0,0.0,0.0,0.0,0.0,0.0,0.0,0.0,0.0,0.0,0.0,0.4052754157590832,0.0,0.0,0.0,0.0,0.0,0.0,0.0,0.0,0.0,0.0,0.0,0.0,0.0,0.4965489775943865,0.0,0.0,0.0,0.0,0.0,0.0,0.0
B0B21C4BMX,228.0,899.0,75.0,671.0,0.746384872080089,-0.3467048710601719,0.2771618625277162,0,3.8,132,4.890349128221754,18.583326687242664,0.95,0.0399113082039911,0,17,1,0,0.9411764705882352,0.9864,7,5,1,1.2,0.0,0.0,0.0,0,0.0,0.0,0.0,0.0,0.0,0.0,0.8252067493615747,0.5648307895362142,0.0,0.0,0.0,0.0,0.0,0.0,0.0,0.0,0.0,0.0,0.0,0.0,0.0,0.0,0.0,0.0,0.0,0.0,0.0,0.0,0.0,0.0,0.0,0.0,0.0,0.0,0.0,0.0,0.0,0.0,0.0,0.0,0.0,0.0,0.0,0.0,0.0,0.0,0.0,0.0,0.0,0.0
B084MZXJNK,1599.0,1999.0,20.0,400.0,0.2001000500250125,3.5816618911174785,0.9190687361419068,2,4.4,1951,7.576609766973037,33.337082974681365,3.5200000000000005,0.2827050997782705,0,23,1,1,0.9130434782608696,0.7523,16,5,1,0.0,1.4,0.0,0.0,2,0.0,0.0,0.0,0.0,0.0,0.0,0.3983461479507034,0.272656724426668,0.0,0.0,0.3076077082544771,0.0,0.0,0.0,0.0,0.0,0.3141401915257815,0.0,0.0,0.0,0.0,0.0,0.4318766201007712,0.4079657176799979,0.0,0.0,0.0,0.0,0.0,0.0,0.0,0.0,0.0,0.0,0.0,0.0,0.0,0.0,0.0,0.0,0.3303540913262734,0.0,0.0,0.0,0.0,0.0,0.0,0.0,0.3340431521233456,0.0
B0BHZCNC4P,1499.0,3999.0,63.0,2500.0,0.6251562890722681,0.0714796283059328,0.5275665399239544,2,3.7,37,3.6375861597263857,13.459068790987628,1.369,0.0180608365019011,0,23,1,0,0.8695652173913043,0.6249,93,4,2,0.0,0.0,0.0,0.0,4,0.0,0.0,0.0,0.0,0.0,0.0,0.0,0.0,0.0,0.0,0.0,0.0,0.4436281597397291,0.0,0.0,0.0,0.0,0.0,0.0,0.0,0.0,0.0,0.0,0.0,0.0,0.0,0.0,0.0,0.0,0.0,0.0,0.0,0.0,0.5401420974046762,0.0,0.2108774604863815,0.0,0.0,0.0,0.6833529594258251,0.0,0.0,0.0,0.0,0.0,0.0,0.0,0.0,0.0,0.0
B0B16KD737,8499.0,15999.0,47.0,7500.0,0.4687792987061691,5.0750536097212295,0.7690114068441065,1,4.3,592,6.385194398997726,27.456335915690214,2.279,0.1520912547528517,0,16,1,1,1.0,0.8984,154,4,2,1.2,0.0,0.0,0.0,0,0.0,0.0,0.0,0.2253551997084443,0.0,0.0,0.0,0.0,0.0,0.0,0.0,0.4383113567127867,0.0,0.0,0.0,0.0,0.0,0.0,0.3796695093562833,0.0,0.0,0.4313857337535005,0.0,0.0,0.0,0.3912261990046465,0.0,0.0,0.0,0.0,0.0,0.0,0.0,0.0,0.0,0.3554740510201999,0.0,0.0,0.0,0.3839737766876036,0.0,0.0,0.0,0.0,0.0,0.0,0.0,0.0,0.0,0.0
B099K9ZX65,20990.0,44990.0,53.0,24000.0,0.5334518781951545,14.003573981415297,0.9125475285171104,1,4.1,1259,7.138866999945524,29.269354699776645,1.927,0.2053231939163498,0,15,1,1,1.0,0.9983,206,4,2,1.2,0.0,0.0,0.0,0,0.0,0.0,0.0,0.2073162379776417,0.0,0.0,0.0,0.0,0.0,0.0,0.0,0.4032259368948838,0.0,0.0,0.0,0.0,0.0,0.0,0.3492781815391689,0.0,0.0,0.396854687864782,0.0,0.0,0.0,0.359909795207163,0.0,0.0,0.0,0.0,0.0,0.0,0.0,0.0,0.0,0.3270194921240978,0.0,0.0,0.0,0.3532379060608745,0.0,0.3920281912223184,0.0,0.0,0.0,0.0,0.0,0.0,0.0,0.0
B08Y55LPBF,32999.0,44999.0,27.0,12000.0,0.2666725927242828,22.587562544674768,0.9714828897338404,1,4.2,45238,10.719714825653304,45.02280226774388,3.066,0.8517110266159695,1,16,1,1,1.0,0.9716,205,4,2,0.0,0.0,1.1,0.0,3,0.0,0.0,0.0,0.2073162379776417,0.0,0.0,0.0,0.0,0.0,0.0,0.0,0.4032259368948838,0.0,0.0,0.0,0.0,0.0,0.0,0.3492781815391689,0.0,0.0,0.396854687864782,0.0,0.0,0.0,0.359909795207163,0.0,0.0,0.0,0.0,0.0,0.0,0.0,0.0,0.0,0.3270194921240978,0.0,0.0,0.0,0.3532379060608745,0.0,0.3920281912223184,0.0,0.0,0.0,0.0,0.0,0.0,0.0,0.0
B015OW3M1W,799.0,1700.0,53.0,901.0,0.53,-0.4288777698355968,0.3802281368821292,2,4.1,28638,10.26252470426388,42.07635128748191,1.927,0.7547528517110266,1,10,1,1,0.9,0.9826,43,5,2,1.2,0.0,1.1,0.0,0,0.0,0.0,0.0,0.4903956389465643,0.0,0.0,0.0,0.6254481420045821,0.0,0.0,0.0,0.0,0.0,0.0,0.0,0.0,0.0,0.0,0.0,0.0,0.0,0.0,0.0,0.0,0.0,0.0,0.0,0.0,0.0,0.0,0.0,0.0,0.0,0.0,0.0,0.0,0.0,0.0,0.0,0.0,0.0,0.0,0.6068992823897611,0.0,0.0,0.0,0.0,0.0,0.0,0.0
B01D5H8ZI8,229.0,595.0,62.0,366.0,0.6151260504201681,-0.8363116511794139,0.1007604562737642,0,4.3,12835,9.460009002229748,40.67803870958792,1.634,0.5380228136882129,1,12,1,0,0.9166666666666666,-0.8447,33,5,2,1.2,0.0,0.0,0.0,0,0.0,0.0,0.0,0.0,0.0,0.0,0.0,0.5379615156792847,0.0,0.0,0.0,0.0,0.0,0.0,0.0,0.0,0.0,0.0,0.0,0.0,0.0,0.0,0.0,0.0,0.0,0.0,0.0,0.0,0.0,0.0,0.0,0.0,0.0,0.0,0.0,0.0,0.8429693989985916,0.0,0.0,0.0,0.0,0.0,0.0,0.0,0.0,0.0,0.0,0.0,0.0,0.0
B09X1M3DHX,9999.0,27990.0,64.0,17991.0,0.6427652733118971,6.147248034310222,0.7918250950570342,1,4.2,1269,7.146772179452637,30.01644315370108,1.512,0.2072243346007604,0,12,1,1,1.0,0.9294,160,4,2,1.2,0.0,0.0,0.0,0,0.0,0.0,0.0,0.2253551997084443,0.0,0.0,0.0,0.0,0.0,0.0,0.0,0.4383113567127867,0.0,0.0,0.0,0.0,0.0,0.0,0.3796695093562833,0.0,0.0,0.4313857337535005,0.0,0.0,0.0,0.3912261990046465,0.0,0.0,0.0,0.0,0.0,0.0,0.0,0.0,0.0,0.3554740510201999,0.0,0.0,0.0,0.3839737766876036,0.0,0.0,0.0,0.0,0.0,0.0,0.0,0.0,0.0,0.0
B09MM6P76N,349.0,599.0,42.0,250.0,0.4173622704507512,-0.7505360972122945,0.2024714828897338,0,4.2,284,5.652489180268651,23.74045455712833,2.4360000000000004,0.0922053231939163,0,26,1,0,0.8461538461538461,0.9919,75,4,2,0.0,0.0,0.0,0.0,4,0.0,0.0,0.0,0.0,0.0,0.0,0.0,0.0,0.0,0.0,0.0,0.0,0.2757995815297565,0.0,0.0,0.0,0.0,0.0,0.0,0.0,0.0,0.0,0.0,0.0,0.0,0.2885723276742695,0.0,0.0,0.0,0.0,0.0,0.0,0.0,0.671602832959089,0.0,0.2622011884472051,0.0,0.0,0.0,0.566445737972195,0.0,0.0,0.0,0.0,0.0,0.0,0.0,0.0,0.0,0.0
B01D5H8LDM,489.0,1200.0,59.0,711.0,0.5925,-0.6504646175839885,0.2861216730038022,0,4.4,69538,11.149643025245627,49.05842931108077,1.8040000000000005,0.9011406844106464,1,13,1,1,0.8461538461538461,0.958,85,5,2,1.2,0.0,1.1,0.0,0,0.0,0.7651986632905815,0.0,0.3972349298661566,0.0,0.0,0.0,0.5066314401934972,0.0,0.0,0.0,0.0,0.0,0.0,0.0,0.0,0.0,0.0,0.0,0.0,0.0,0.0,0.0,0.0,0.0,0.0,0.0,0.0,0.0,0.0,0.0,0.0,0.0,0.0,0.0,0.0,0.0,0.0,0.0,0.0,0.0,0.0,0.0,0.0,0.0,0.0,0.0,0.0,0.0,0.0
B0B1YY6JJL,23999.0,34990.0,31.0,10991.0,0.3141183195198628,16.154395997140814,0.9287072243346008,1,4.3,4703,8.456168489578463,36.36152450518739,2.967,0.3792775665399239,0,16,1,1,0.9375,0.9986,245,4,2,0.0,1.4,0.0,0.0,2,0.0,0.0,0.0,0.2073162379776417,0.0,0.0,0.0,0.0,0.0,0.0,0.0,0.4032259368948838,0.0,0.0,0.0,0.0,0.0,0.0,0.3492781815391689,0.0,0.0,0.396854687864782,0.0,0.0,0.0,0.359909795207163,0.0,0.0,0.0,0.0,0.0,0.0,0.0,0.0,0.0,0.3270194921240978,0.0,0.0,0.0,0.3532379060608745,0.0,0.3920281912223184,0.0,0.0,0.0,0.0,0.0,0.0,0.0,0.0
B09QGZM8QB,399.0,999.0,60.0,600.0,0.6006006006006006,0.1432664756446991,0.5598669623059866,0,4.3,2806,7.939871576361883,34.141447778356095,1.72,0.3492239467849224,0,29,1,1,0.9655172413793104,0.9875,248,5,1,1.2,0.0,0.0,0.0,0,0.0,0.0,0.0,0.2191847219628549,0.0,0.0,0.0,0.2795470967114295,0.0,0.0,0.3153813350813691,0.0,0.3636717330969427,0.0,0.0,0.0,0.3220789022756096,0.0,0.0,0.0,0.0,0.0,0.0,0.0,0.0,0.0,0.0,0.0,0.0,0.0,0.0,0.0,0.0,0.0,0.4222182986682602,0.0,0.0,0.0,0.0,0.0,0.3387025473558049,0.4144711043036177,0.2712565934636109,0.0,0.0,0.0,0.0,0.0,0.0,0.0
B08L4SBJRY,349.0,1299.0,73.0,950.0,0.7313317936874519,-0.7505360972122945,0.2024714828897338,0,4.0,3295,8.100464891029363,32.40185956411745,1.08,0.3250950570342205,0,23,1,1,0.8695652173913043,0.9879,2,5,2,1.2,0.0,0.0,0.0,0,0.0,0.0,0.0,0.6170215787832054,0.0,0.0,0.0,0.7869462315278474,0.0,0.0,0.0,0.0,0.0,0.0,0.0,0.0,0.0,0.0,0.0,0.0,0.0,0.0,0.0,0.0,0.0,0.0,0.0,0.0,0.0,0.0,0.0,0.0,0.0,0.0,0.0,0.0,0.0,0.0,0.0,0.0,0.0,0.0,0.0,0.0,0.0,0.0,0.0,0.0,0.0,0.0
B09X79PP8F,179.0,299.0,40.0,120.0,0.4013377926421405,-0.4871060171919771,0.1629711751662971,0,3.9,81,4.406719247264253,17.186205064330586,2.34,0.024390243902439,0,17,1,1,0.8823529411764706,0.9243,7,5,1,0.0,0.0,0.0,0.0,4,0.0,0.0,0.0,0.0,0.0,0.0,0.0,0.2440062339349093,0.0,0.0,0.0,0.0,0.0,0.0,0.0,0.0,0.0,0.0,0.0,0.0,0.0,0.0,0.0,0.0,0.3544531861952222,0.0,0.0,0.3893632925072303,0.0,0.0,0.0,0.0,0.0,0.0,0.0,0.0,0.0,0.0,0.0,0.0,0.5912816407445178,0.0,0.4735395257522077,0.0,0.0,0.0,0.0,0.0,0.2989422384236321,0.0
B082T6GVG9,689.0,1500.0,54.0,811.0,0.5406666666666666,0.9742120343839542,0.7250554323725056,2,4.2,42301,10.65258964524052,44.74087651001018,1.932,0.902439024390244,1,21,1,1,0.9047619047619048,-0.5647,22,5,1,1.2,0.0,1.1,0.0,0,0.0,0.0,0.0,0.0,0.0,0.0,0.0,0.2747636883901848,0.0,0.430546376493952,0.3099847571152928,0.0,0.0,0.0,0.0,0.0,0.316567720369711,0.0,0.0,0.0,0.0,0.0,0.435213961137018,0.4111182864175175,0.0,0.0,0.0,0.0,0.0,0.0,0.0,0.0,0.0,0.0,0.0,0.0,0.0,0.0,0.0,0.0,0.0,0.0,0.2666150462551784,0.0,0.0,0.0,0.0,0.0,0.3366244817614222,0.0
B0B3XY5YT4,30990.0,49990.0,38.0,19000.0,0.3800760152030406,21.151536812008576,0.9591254752851712,1,4.3,1376,7.227662498728654,31.07894874453321,2.666,0.2167300380228136,0,14,1,1,1.0,0.9682,187,4,2,0.0,0.0,0.0,0.0,4,0.0,0.0,0.0,0.2073162379776417,0.0,0.0,0.0,0.0,0.0,0.0,0.0,0.4032259368948838,0.0,0.0,0.0,0.0,0.0,0.0,0.3492781815391689,0.0,0.0,0.396854687864782,0.0,0.0,0.0,0.359909795207163,0.0,0.0,0.0,0.0,0.0,0.0,0.0,0.0,0.0,0.3270194921240978,0.0,0.0,0.0,0.3532379060608745,0.0,0.3920281912223184,0.0,0.0,0.0,0.0,0.0,0.0,0.0,0.0
B0B4HKH19N,249.0,931.0,73.0,682.0,0.7325456498388829,-0.2865329512893982,0.3015521064301552,0,3.9,1075,6.98100574072173,27.225922388814745,1.053,0.1951219512195122,0,25,1,1,0.92,0.7615,129,5,1,1.2,0.0,0.0,0.0,0,0.0,0.0,0.0,0.2024761229005106,0.0,0.0,0.0,0.5164740662884029,0.0,0.0,0.2913396033747473,0.0,0.0,0.0,0.0,0.0,0.2975266105083252,0.0,0.0,0.0,0.0,0.0,0.0,0.0,0.0,0.0,0.0,0.4120715272346159,0.0,0.0,0.0,0.0,0.0,0.0,0.0,0.0,0.0,0.0,0.0,0.0,0.3128830239214941,0.0,0.5011570410917573,0.0,0.0,0.0,0.0,0.0,0.0,0.0
B08TGG316Z,999.0,2399.0,58.0,1400.0,0.5835764902042517,-0.2859185132237312,0.4230038022813688,2,4.6,3664,8.206583614320753,37.75028462587546,1.932,0.3536121673003802,0,38,1,0,0.9736842105263158,0.8583,128,5,2,1.2,0.0,0.0,0.0,0,0.0,0.0,0.0,0.0,0.0,0.0,0.0,0.5299804685395695,0.0,0.0,0.0,0.0,0.3447342465163843,0.0,0.0,0.0,0.0,0.0,0.0,0.0,0.0,0.0,0.0,0.0,0.3849353819074936,0.0,0.0,0.0,0.0,0.0,0.0,0.0,0.0,0.0,0.0,0.0,0.4152316699473119,0.0,0.0,0.3540129459028812,0.0,0.3928883408896498,0.0,0.0,0.0,0.0,0.0,0.0,0.0,0.0
B071VMP1Z4,399.0,399.0,0.0,0.0,0.0,-0.7147962830593281,0.2480988593155893,0,3.9,1951,7.576609766973037,29.548778091194844,3.9,0.2680608365019011,0,13,0,0,0.8461538461538461,-0.3434,20,4,2,0.0,0.0,0.0,0.0,4,0.0,0.0,0.0,0.0,0.0,0.0,0.0,0.0,0.0,0.0,0.0,0.0,0.3554227078612123,0.0,0.0,0.0,0.0,0.0,0.0,0.0,0.0,0.0,0.0,0.0,0.0,0.743765871919831,0.0,0.0,0.0,0.0,0.0,0.0,0.0,0.4327470262528785,0.0,0.0,0.0,0.0,0.0,0.3649890926770654,0.0,0.0,0.0,0.0,0.0,0.0,0.0,0.0,0.0,0.0
B071SDRGWL,349.0,699.0,50.0,350.0,0.5007153075822603,0.0,0.4866962305986696,0,4.3,20850,9.94515718770752,42.76417590714234,2.15,0.7649667405764967,1,17,1,1,0.7647058823529411,0.9849,78,5,1,1.2,0.0,1.1,0.0,0,0.0,0.0,0.0,0.1974522233011438,0.0,0.0,0.0,0.2518295767549248,0.0,0.0,0.0,0.0,0.0,0.0,0.0,0.0,0.0,0.0,0.0,0.0,0.0,0.0,0.0,0.0,0.0,0.0,0.0,0.0,0.0,0.0,0.0,0.0,0.0,0.0,0.0,0.0,0.0,0.0,0.0,0.0,0.9153590233971464,0.0,0.2443610895177325,0.0,0.0,0.0,0.0,0.0,0.0,0.0
B08PSQRW2T,399.0,1099.0,64.0,700.0,0.6369426751592356,0.1432664756446991,0.5598669623059866,0,4.1,2685,7.895808377083183,32.37281434604105,1.4759999999999998,0.3337028824833702,0,29,1,1,0.9310344827586208,0.9641,222,5,1,1.2,0.0,0.0,0.0,0,0.0,0.0,0.0,0.1783133649693229,0.0,0.0,0.3322561373723161,0.2274199726861769,0.0,0.0,0.2565722035881994,0.0,0.295857895075967,0.0,0.0,0.0,0.2620208759811391,0.0,0.0,0.0,0.0,0.0,0.0,0.0,0.0,0.0,0.0,0.0,0.0,0.0,0.0,0.0,0.0,0.0,0.3434872874028096,0.0,0.0,0.0,0.0,0.0,0.551089422673631,0.3371847117312038,0.2206753988939481,0.0,0.0,0.0,0.0,0.0,0.0,0.0
B0859M539M,1699.0,2999.0,43.0,1300.0,0.4334778259419806,3.8681948424068766,0.9246119733924612,2,4.4,24780,10.117832509493988,44.51846304177355,2.5080000000000005,0.8137472283813747,1,24,1,0,0.9583333333333334,0.9965,141,4,1,0.0,0.0,1.1,0.0,3,0.5354375220519484,0.5582922560064051,0.0,0.0,0.0,0.0,0.0,0.0,0.0,0.0,0.0,0.0,0.0,0.0,0.0,0.0,0.0,0.0,0.0,0.0,0.0,0.0,0.0,0.0,0.0,0.0,0.0,0.0,0.0,0.0,0.0,0.0,0.0,0.0,0.0,0.0,0.0,0.0,0.0,0.0,0.0,0.0,0.3586780961390766,0.0,0.0,0.0,0.0,0.0,0.0,0.522461903120405
B08RX8G496,655.0,1099.0,40.0,444.0,0.4040036396724294,-0.5318084345961401,0.3574144486692015,2,3.2,285,5.655991810819852,18.09917379462353,1.92,0.0969581749049429,0,27,1,1,0.8888888888888888,0.9422,118,4,2,0.0,0.0,0.0,0.0,4,0.0,0.0,0.0,0.0,0.0,0.0,0.0,0.0,0.0,0.0,0.0,0.0,0.3164982699738113,0.0,0.0,0.0,0.0,0.0,0.0,0.0,0.0,0.0,0.0,0.0,0.0,0.3311558413708762,0.0,0.0,0.0,0.0,0.0,0.0,0.0,0.7707086920221765,0.0,0.3008932140807624,0.0,0.0,0.0,0.3250169835426233,0.0,0.0,0.0,0.0,0.0,0.0,0.0,0.0,0.0,0.0
B002SZEOLG,749.0,1339.0,44.0,590.0,0.4406273338312173,1.146131805157593,0.746119733924612,2,4.2,179692,12.099005118201022,50.81582149644429,2.3520000000000003,0.9955654101995566,1,25,1,0,0.92,0.9867,93,4,1,0.0,0.0,1.1,0.0,3,0.5354375220519484,0.5582922560064051,0.0,0.0,0.0,0.0,0.0,0.0,0.0,0.0,0.0,0.0,0.0,0.0,0.0,0.0,0.0,0.0,0.0,0.0,0.0,0.0,0.0,0.0,0.0,0.0,0.0,0.0,0.0,0.0,0.0,0.0,0.0,0.0,0.0,0.0,0.0,0.0,0.0,0.0,0.0,0.0,0.3586780961390766,0.0,0.0,0.0,0.0,0.0,0.0,0.522461903120405
B08CS3BT4L,9999.0,12999.0,23.0,3000.0,0.2307869836141241,6.147248034310222,0.7918250950570342,1,4.2,6088,8.714239143608575,36.599804403156014,3.2340000000000004,0.4087452471482889,0,13,1,1,1.0,0.991,109,4,2,0.0,0.0,0.0,0.0,4,0.0,0.0,0.0,0.2411025344732716,0.0,0.0,0.0,0.0,0.0,0.0,0.0,0.4689396079105035,0.0,0.0,0.0,0.0,0.0,0.0,0.4061999948812066,0.0,0.0,0.4615300373727458,0.0,0.0,0.0,0.4185642410487957,0.0,0.0,0.0,0.0,0.0,0.0,0.0,0.0,0.0,0.0,0.0,0.0,0.0,0.410805035119792,0.0,0.0,0.0,0.0,0.0,0.0,0.0,0.0,0.0,0.0
B00RFWNJMC,195.0,499.0,61.0,304.0,0.6092184368737475,-0.860614724803431,0.05893536121673,0,3.7,1383,7.232733136177615,26.76111260385717,1.443,0.2205323193916349,0,12,0,1,0.9166666666666666,-0.3071,6,4,2,0.0,0.0,0.0,0.0,4,0.0,0.0,0.0,0.2282907895662757,0.0,0.0,0.0,0.0,0.0,0.0,0.0,0.0,0.3787805388447958,0.0,0.0,0.0,0.0,0.0,0.7692305496152134,0.0,0.0,0.0,0.0,0.0,0.0,0.0,0.0,0.0,0.0,0.0,0.0,0.0,0.0,0.4611864919209251,0.0,0.0,0.0,0.0,0.0,0.0,0.0,0.0,0.0,0.0,0.0,0.0,0.0,0.0,0.0,0.0
B082T6GXS5,999.0,2100.0,52.0,1101.0,0.5242857142857142,1.8624641833810889,0.8270509977827051,2,4.5,5492,8.61122983334262,38.75053425004179,2.16,0.4368070953436807,0,18,1,1,0.8888888888888888,0.9788,22,5,1,1.2,0.0,0.0,0.0,0,0.0,0.0,0.0,0.0,0.0,0.0,0.0,0.3306859746712817,0.0,0.5181749050839177,0.0,0.0,0.0,0.0,0.0,0.0,0.0,0.0,0.0,0.0,0.0,0.0,0.5237924769912401,0.4947926417995357,0.0,0.0,0.0,0.0,0.0,0.0,0.0,0.0,0.0,0.0,0.0,0.0,0.0,0.0,0.0,0.0,0.0,0.0,0.320878850293058,0.0,0.0,0.0,0.0,0.0,0.0,0.0
B09CMQRQM6,499.0,899.0,44.0,400.0,0.4449388209121245,0.4297994269340974,0.6219512195121951,0,4.2,919,6.824373670043086,28.662369414180965,2.3520000000000003,0.1729490022172949,0,26,1,1,0.8846153846153846,0.9952,114,5,1,0.0,0.0,0.0,0.0,4,0.0,0.0,0.0,0.1543492872424091,0.0,0.0,0.287603220286689,0.3937126159313804,0.0,0.0,0.2220906815193911,0.0,0.0,0.2679569188776138,0.0,0.0,0.226807090187986,0.2760720123672907,0.0,0.0,0.0,0.0,0.0,0.0,0.285961323429467,0.0,0.0,0.0,0.0,0.0,0.0,0.0,0.0,0.0,0.0,0.0,0.3084678713595006,0.0,0.2918694284845232,0.0,0.4770268320108223,0.0,0.0,0.0,0.0,0.0,0.0,0.0,0.0,0.0
B005LJQMCK,416.0,599.0,31.0,183.0,0.3055091819699499,-0.7026447462473195,0.2661596958174905,0,4.2,30023,10.309752340814857,43.3009598314224,2.898,0.7671102661596958,1,23,1,1,0.9565217391304348,0.9667,51,5,2,0.0,0.0,1.1,0.0,3,0.0,0.0,0.0,0.0,0.0,0.0,0.0,0.5406373648641047,0.0,0.0,0.0,0.0,0.0,0.0,0.0,0.0,0.0,0.0,0.0,0.0,0.8412557516669927,0.0,0.0,0.0,0.0,0.0,0.0,0.0,0.0,0.0,0.0,0.0,0.0,0.0,0.0,0.0,0.0,0.0,0.0,0.0,0.0,0.0,0.0,0.0,0.0,0.0,0.0,0.0,0.0,0.0
B09C6H53KH,368.0,699.0,47.0,331.0,0.4735336194563662,0.0544412607449856,0.5144124168514412,0,4.2,387,5.961005339623274,25.03622242641775,2.2260000000000004,0.0909090909090909,0,22,1,1,0.8636363636363636,0.9668,76,5,1,1.2,0.0,0.0,0.0,0,0.0,0.0,0.0,0.1290990710244577,0.0,0.0,0.2405538064088472,0.1646523086547328,0.5071991653813575,0.0,0.0,0.0,0.2142014392254327,0.2241214709812481,0.0,0.0,0.3794068008755176,0.0,0.0,0.0,0.0,0.0,0.0,0.0,0.0,0.0,0.0,0.5254748125314312,0.0,0.0,0.0,0.0,0.0,0.0,0.0,0.0,0.0,0.0,0.2441220996285777,0.0,0.1994946720084899,0.0,0.1597692298614946,0.0,0.0,0.0,0.0,0.0,0.0,0.0
B0BB3CBFBM,29990.0,65000.0,54.0,35010.0,0.5386153846153846,20.43674052894925,0.9515209125475284,1,4.1,211,5.356586274672012,21.96200372615525,1.886,0.0684410646387832,0,16,1,1,1.0,0.9913,206,4,2,1.2,0.0,0.0,0.0,0,0.0,0.0,0.0,0.2073162379776417,0.0,0.0,0.0,0.0,0.0,0.0,0.0,0.4032259368948838,0.0,0.0,0.0,0.0,0.0,0.0,0.3492781815391689,0.0,0.0,0.396854687864782,0.0,0.0,0.0,0.359909795207163,0.0,0.0,0.0,0.0,0.0,0.0,0.0,0.0,0.0,0.3270194921240978,0.0,0.0,0.0,0.3532379060608745,0.0,0.3920281912223184,0.0,0.0,0.0,0.0,0.0,0.0,0.0,0.0
B08QSDKFGQ,339.0,1099.0,69.0,760.0,0.6915377616014559,-0.0286532951289398,0.458980044345898,0,4.3,974,6.882437470997847,29.59448112529074,1.3330000000000002,0.1773835920177383,0,35,1,0,0.9714285714285714,0.9582,117,5,1,1.2,0.0,0.0,0.0,0,0.3102517024884302,0.0,0.0,0.0,0.0,0.0,0.312917115824121,0.4283659136987744,0.0,0.3356182052968768,0.2416383774951692,0.0,0.0,0.2915416111708314,0.0,0.0,0.2467699090411423,0.3003709686686422,0.0,0.0,0.0,0.0,0.0,0.0,0.0,0.0,0.0,0.0,0.0,0.0,0.0,0.0,0.0,0.0,0.3234945549730986,0.0,0.0,0.0,0.0,0.0,0.2595065873997318,0.0,0.2078309520520695,0.0,0.0,0.0,0.0,0.0,0.0,0.0
B08PV1X771,15490.0,20900.0,26.0,5410.0,0.2588516746411483,10.072194424588991,0.8669201520912547,1,4.3,16299,9.698920386794851,41.70535766321787,3.182,0.591254752851711,1,15,1,0,1.0,-0.742,209,4,2,0.0,1.4,0.0,0.0,2,0.0,0.0,0.0,0.0,0.0,0.0,0.0,0.0,0.0,0.0,0.0,0.4109378398617813,0.0,0.0,0.0,0.0,0.0,0.0,0.3559583060004748,0.0,0.0,0.4044447374244397,0.0,0.0,0.0,0.366793254735703,0.0,0.0,0.0,0.0,0.0,0.0,0.0,0.0,0.4069937743409578,0.3332739077278307,0.0,0.0,0.0,0.359993762285673,0.0,0.0,0.0,0.0,0.0,0.0,0.0,0.0,0.0,0.0
B07YTNKVJQ,499.0,1299.0,62.0,800.0,0.6158583525789069,0.4297994269340974,0.6219512195121951,0,4.3,30411,10.322592546348329,44.387147949297805,1.634,0.876940133037694,1,16,1,1,0.9375,0.9334,6,5,1,1.2,0.0,1.1,0.0,0,0.0,0.0,0.0,0.3908482633160869,0.0,0.0,0.0,0.498485917660049,0.0,0.0,0.0,0.0,0.0,0.0,0.0,0.0,0.0,0.0,0.0,0.0,0.0,0.0,0.0,0.0,0.0,0.0,0.0,0.0,0.0,0.0,0.0,0.0,0.0,0.0,0.0,0.0,0.0,0.0,0.0,0.0,0.6039713955847051,0.0,0.4837023653786295,0.0,0.0,0.0,0.0,0.0,0.0,0.0
B0117H7GZ6,249.0,399.0,38.0,150.0,0.3759398496240601,-0.2865329512893982,0.3015521064301552,0,3.4,4642,8.443115988019922,28.706594359267736,2.108,0.4101995565410199,0,13,1,1,0.9230769230769232,0.9852,42,4,1,0.0,0.0,0.0,0.0,4,0.0,0.465168313552826,0.0,0.2414812143234825,0.0,0.4353145144956668,0.0,0.0,0.0,0.0,0.0,0.0,0.0,0.0,0.0,0.0,0.0,0.0,0.0,0.0,0.0,0.0,0.0,0.0,0.0,0.0,0.0,0.0,0.487833408917798,0.0,0.0,0.0,0.0,0.0,0.0,0.0,0.0,0.0,0.0,0.0,0.0,0.4566330384386648,0.2988500794957087,0.0,0.0,0.0,0.0,0.0,0.0,0.0
B09XJ1LM7R,399.0,799.0,50.0,400.0,0.5006257822277848,-0.7147962830593281,0.2480988593155893,0,4.3,12,2.5649493574615367,11.029282237084608,2.15,0.0038022813688212,0,21,1,0,0.8571428571428571,-0.7917,77,4,2,1.2,0.0,0.0,1.0,0,0.0,0.0,0.0,0.0,0.0,0.0,0.0,0.0,0.0,0.0,0.0,0.0,0.3544224571984752,0.0,0.0,0.0,0.0,0.0,0.3598819812367234,0.0,0.0,0.0,0.0,0.0,0.0,0.0,0.0,0.0,0.0,0.0,0.0,0.0,0.0,0.863058330250352,0.0,0.0,0.0,0.0,0.0,0.0,0.0,0.0,0.0,0.0,0.0,0.0,0.0,0.0,0.0,0.0
B084N133Y7,1499.0,1999.0,25.0,500.0,0.2501250625312656,3.2951289398280803,0.9057649667405764,2,4.4,1951,7.576609766973037,33.337082974681365,3.3000000000000003,0.2827050997782705,0,20,1,1,0.9,0.7523,210,5,1,0.0,1.4,0.0,0.0,2,0.0,0.0,0.0,0.0,0.0,0.0,0.0,0.2972593453388669,0.0,0.0,0.335364059585143,0.0,0.0,0.0,0.0,0.0,0.3424859881007454,0.0,0.0,0.0,0.0,0.0,0.4708461220909512,0.4447776683786634,0.0,0.0,0.0,0.0,0.0,0.0,0.0,0.0,0.0,0.0,0.0,0.0,0.0,0.0,0.0,0.0,0.3601629159308547,0.0,0.0,0.0,0.0,0.0,0.0,0.0,0.3641848515708389,0.0
B088Z1YWBC,9490.0,15990.0,41.0,6500.0,0.4065040650406504,5.783416726233024,0.785171102661597,1,3.9,10480,9.257319373170178,36.103545555363695,2.301,0.4980988593155893,1,36,1,1,0.9722222222222222,0.9998,110,3,2,0.0,0.0,0.0,0.0,4,0.0,0.0,0.0,0.2825257002825476,0.0,0.0,0.0,0.0,0.0,0.0,0.0,0.5495068370167869,0.0,0.0,0.0,0.0,0.0,0.0,0.4759881029840546,0.0,0.0,0.0,0.0,0.0,0.0,0.0,0.0,0.0,0.0,0.0,0.0,0.5190421866673247,0.0,0.0,0.0,0.0,0.0,0.0,0.0,0.0,0.0,0.0,0.3496455334033392,0.0,0.0,0.0,0.0,0.0,0.0,0.0
B07VSG5SXZ,637.0,1499.0,58.0,862.0,0.5750500333555704,-0.544674767691208,0.3498098859315589,2,4.1,24,3.218875824868201,13.19739088195962,1.722,0.0095057034220532,0,27,1,1,0.925925925925926,0.7947,142,5,2,1.2,0.0,0.0,0.0,0,0.0,0.0,0.0,0.0,0.0,0.0,0.0,0.6094362609241732,0.0,0.0,0.0,0.0,0.7928350672559602,0.0,0.0,0.0,0.0,0.0,0.0,0.0,0.0,0.0,0.0,0.0,0.0,0.0,0.0,0.0,0.0,0.0,0.0,0.0,0.0,0.0,0.0,0.0,0.0,0.0,0.0,0.0,0.0,0.0,0.0,0.0,0.0,0.0,0.0,0.0,0.0,0.0
B08RWCZ6SY,399.0,899.0,56.0,500.0,0.5561735261401557,-0.7147962830593281,0.2480988593155893,0,3.9,254,5.541263545158426,21.61092782611786,1.7159999999999995,0.0836501901140684,0,31,1,0,0.8709677419354839,0.3265,154,4,2,1.2,0.0,0.0,0.0,0,0.0,0.0,0.0,0.0,0.0,0.0,0.0,0.0,0.0,0.0,0.0,0.0,0.2541929672932236,0.0,0.0,0.0,0.0,0.0,0.2581085561254341,0.0,0.0,0.0,0.0,0.0,0.0,0.2659650745058175,0.0,0.0,0.0,0.0,0.0,0.0,0.0,0.6189883102994741,0.0,0.2416598957457585,0.0,0.0,0.0,0.5220694032496823,0.0,0.2896998316670146,0.0,0.0,0.0,0.0,0.0,0.0,0.0,0.0
B07KSB1MLX,1089.0,1600.0,32.0,511.0,0.319375,-0.2215868477483917,0.4410646387832699,2,4.0,3565,8.179199798423086,32.716799193692346,2.72,0.344106463878327,0,13,0,0,0.8461538461538461,0.9745,77,5,2,0.0,0.0,0.0,0.0,4,0.0,0.8338068275489237,0.0,0.0,0.0,0.0,0.0,0.5520563144578635,0.0,0.0,0.0,0.0,0.0,0.0,0.0,0.0,0.0,0.0,0.0,0.0,0.0,0.0,0.0,0.0,0.0,0.0,0.0,0.0,0.0,0.0,0.0,0.0,0.0,0.0,0.0,0.0,0.0,0.0,0.0,0.0,0.0,0.0,0.0,0.0,0.0,0.0,0.0,0.0,0.0,0.0
B081FG1QYX,339.0,999.0,66.0,660.0,0.6606606606606606,-0.0286532951289398,0.458980044345898,0,4.3,6255,8.741296282225147,37.58757401356813,1.4619999999999995,0.4534368070953437,0,31,1,1,0.967741935483871,0.9772,186,5,1,1.2,0.0,0.0,0.0,0,0.0,0.0,0.0,0.2092511727537429,0.0,0.0,0.3899033951366851,0.5337557955949486,0.0,0.0,0.3010881125263903,0.0,0.0,0.0,0.0,0.0,0.3074821429927534,0.0,0.0,0.0,0.0,0.0,0.0,0.0,0.0,0.0,0.0,0.0,0.0,0.0,0.0,0.0,0.0,0.0,0.4030831773457097,0.0,0.0,0.0,0.0,0.0,0.3233523970748895,0.0,0.2589631238488651,0.0,0.0,0.0,0.0,0.0,0.0,0.0
B08R69WBN7,149.0,499.0,70.0,350.0,0.7014028056112225,-0.5730659025787965,0.0997782705099778,0,4.0,7732,8.953252164609035,35.81300865843614,1.2000000000000002,0.5022172949002217,0,31,1,1,0.8387096774193549,0.9763,51,5,1,1.2,0.0,0.0,0.0,0,0.0,0.0,0.0,0.0,0.0,0.0,0.0,0.3747453781699119,0.0,0.0,0.4227827764020815,0.0,0.0,0.5100960082799942,0.0,0.0,0.2158805822948984,0.0,0.0,0.0,0.0,0.0,0.0,0.0,0.0,0.0,0.0,0.0,0.0,0.2895692166616663,0.0,0.0,0.0,0.0,0.0,0.2317404802309384,0.0,0.0,0.0,0.0,0.2270229519267514,0.0,0.3636315880022759,0.0,0.0,0.0,0.0,0.0,0.2295581149351049,0.0
B0B3RHX6B6,149.0,399.0,63.0,250.0,0.6265664160401002,-0.5730659025787965,0.0997782705099778,0,3.9,57,4.060443010546419,15.835727741131034,1.443,0.0133037694013303,0,8,1,1,0.875,0.9246,82,5,1,1.2,0.0,0.0,0.0,0,0.0,0.0,0.0,0.6170215787832054,0.0,0.0,0.0,0.7869462315278474,0.0,0.0,0.0,0.0,0.0,0.0,0.0,0.0,0.0,0.0,0.0,0.0,0.0,0.0,0.0,0.0,0.0,0.0,0.0,0.0,0.0,0.0,0.0,0.0,0.0,0.0,0.0,0.0,0.0,0.0,0.0,0.0,0.0,0.0,0.0,0.0,0.0,0.0,0.0,0.0,0.0,0.0
B084N18QZY,599.0,849.0,29.0,250.0,0.2944640753828033,0.7163323782234957,0.6873614190687362,2,4.5,577,6.359573868672378,28.6180824090257,3.195,0.130820399113082,0,26,1,1,0.9230769230769232,0.9892,88,5,1,0.0,1.4,0.0,0.0,2,0.0,0.0,0.0,0.1944007673796369,0.0,0.0,0.0,0.2479377651543667,0.0,0.0,0.2797201055255248,0.0,0.0,0.0,0.0,0.0,0.2856603562440838,0.0,0.0,0.0,0.0,0.0,0.0,0.0,0.3601642852310543,0.0,0.0,0.0,0.0,0.0,0.0,0.0,0.0,0.0,0.0,0.0,0.0,0.0,0.0,0.0,0.3004043097974906,0.0,0.7217540910773251,0.0,0.0,0.0,0.0,0.0,0.0,0.0
B081NHWT6Z,299.0,1199.0,75.0,900.0,0.7506255212677231,-0.7862759113652609,0.1577946768060836,0,3.9,1193,7.085064293952548,27.631750746414934,0.975,0.1986692015209125,0,20,0,0,0.85,0.9764,54,4,2,1.2,0.0,0.0,0.0,0,0.0,0.0,0.0,0.0,0.0,0.0,0.0,0.0,0.0,0.0,0.0,0.0,0.3652615920956502,0.0,0.0,0.0,0.0,0.0,0.1854440410916884,0.0,0.0,0.0,0.0,0.0,0.0,0.1910887378008567,0.0,0.0,0.0,0.0,0.0,0.0,0.0,0.6670896271722194,0.4240641049283187,0.1736261219295301,0.0,0.0,0.0,0.3750927955363785,0.0,0.0,0.0,0.0,0.0,0.0,0.0,0.0,0.0,0.0
B07JPJJZ2H,399.0,1299.0,69.0,900.0,0.6928406466512702,0.1432664756446991,0.5598669623059866,0,4.2,13120,9.481969279105716,39.82427097224401,1.3020000000000005,0.6574279379157428,1,28,1,0,0.8928571428571429,0.9847,116,5,1,1.2,0.0,0.0,0.0,0,0.0,0.0,0.0,0.0,0.0,0.0,0.2848853684741155,0.1949960149102517,0.0,0.0,0.2199919235127128,0.0,0.0,0.2654247247076836,0.0,0.0,0.0,0.2734631305249202,0.0,0.0,0.0,0.0,0.6177307383827889,0.0,0.0,0.0,0.0,0.0,0.3088653691913944,0.3013504452834462,0.0,0.0,0.0,0.0,0.0,0.0,0.0,0.0,0.289111260983997,0.0,0.0,0.0,0.1892130355341721,0.0,0.0,0.0,0.0,0.0,0.0,0.0
B09JKNF147,339.0,1999.0,83.0,1660.0,0.8304152076038019,-0.7576840600428878,0.1863117870722433,0,4.0,343,5.840641657373398,23.362566629493596,0.6800000000000002,0.1083650190114068,0,21,1,0,0.8095238095238095,0.8977,26,4,2,1.2,0.0,0.0,0.0,0,0.0,0.0,0.0,0.0,0.0,0.0,0.0,0.0,0.0,0.0,0.0,0.0,0.4250286275198982,0.0,0.0,0.0,0.0,0.0,0.0,0.0,0.0,0.0,0.0,0.0,0.0,0.4447124237510274,0.0,0.0,0.0,0.0,0.0,0.0,0.0,0.5174961266217137,0.0,0.4040724450764912,0.0,0.0,0.0,0.4364684914303294,0.0,0.0,0.0,0.0,0.0,0.0,0.0,0.0,0.0,0.0
B0B9959XF3,12499.0,22990.0,46.0,10491.0,0.4563288386254893,7.934238741958541,0.8136882129277566,1,4.3,1611,7.385230923066573,31.756492969186265,2.322,0.2385931558935361,0,15,1,1,0.9333333333333332,0.9983,194,4,2,1.2,0.0,0.0,0.0,0,0.0,0.0,0.0,0.2253551997084443,0.0,0.0,0.0,0.0,0.0,0.0,0.0,0.4383113567127867,0.0,0.0,0.0,0.0,0.0,0.0,0.3796695093562833,0.0,0.0,0.4313857337535005,0.0,0.0,0.0,0.3912261990046465,0.0,0.0,0.0,0.0,0.0,0.0,0.0,0.0,0.0,0.3554740510201999,0.0,0.0,0.0,0.3839737766876036,0.0,0.0,0.0,0.0,0.0,0.0,0.0,0.0,0.0,0.0
B09PNR6F8Q,249.0,399.0,38.0,150.0,0.3759398496240601,-0.2865329512893982,0.3015521064301552,0,4.0,6558,8.788593431293735,35.15437372517494,2.48,0.4634146341463415,0,8,1,1,1.0,0.9108,89,5,1,0.0,0.0,0.0,0.0,4,0.0,0.0,0.0,0.2499865305242134,0.0,0.0,0.4658066939703109,0.3188315690947202,0.0,0.0,0.3597015569472356,0.0,0.0,0.0,0.0,0.0,0.3673403265240892,0.0,0.0,0.0,0.0,0.0,0.0,0.0,0.0,0.0,0.0,0.5087628602598838,0.0,0.0,0.0,0.0,0.0,0.0,0.0,0.0,0.0,0.0,0.0,0.0,0.0,0.0,0.3093760097625643,0.0,0.0,0.0,0.0,0.0,0.0,0.0
B07M69276N,1399.0,2499.0,44.0,1100.0,0.4401760704281712,3.008595988538682,0.8869179600886918,2,4.4,23169,10.05061361742642,44.222699916676255,2.4640000000000004,0.7893569844789357,1,34,1,0,0.9411764705882352,0.9895,77,4,1,0.0,0.0,1.1,0.0,3,0.5704619917561544,0.5948117179440988,0.0,0.0,0.0,0.0,0.0,0.0,0.0,0.0,0.0,0.0,0.0,0.0,0.0,0.0,0.0,0.0,0.0,0.0,0.0,0.0,0.0,0.0,0.0,0.0,0.0,0.0,0.3118968119439297,0.0,0.0,0.0,0.0,0.0,0.0,0.0,0.0,0.0,0.0,0.0,0.0,0.0,0.3821402361542969,0.0,0.0,0.0,0.0,0.0,0.0,0.2783188006030896
B0B1YZ9CB8,32999.0,47990.0,31.0,14991.0,0.3123775786622213,22.587562544674768,0.9714828897338404,1,4.3,4703,8.456168489578463,36.36152450518739,2.967,0.3792775665399239,0,16,1,1,0.9375,0.9986,245,4,2,0.0,1.4,0.0,0.0,2,0.0,0.0,0.0,0.2073162379776417,0.0,0.0,0.0,0.0,0.0,0.0,0.0,0.4032259368948838,0.0,0.0,0.0,0.0,0.0,0.0,0.3492781815391689,0.0,0.0,0.396854687864782,0.0,0.0,0.0,0.359909795207163,0.0,0.0,0.0,0.0,0.0,0.0,0.0,0.0,0.0,0.3270194921240978,0.0,0.0,0.0,0.3532379060608745,0.0,0.3920281912223184,0.0,0.0,0.0,0.0,0.0,0.0,0.0,0.0
B09YLYB9PB,149.0,399.0,63.0,250.0,0.6265664160401002,-0.5730659025787965,0.0997782705099778,0,4.0,1423,7.261225091971921,29.044900367887685,1.48,0.2350332594235033,0,29,1,1,0.896551724137931,0.9475,133,5,1,1.2,0.0,0.0,0.0,0,0.0,0.0,0.0,0.1752117295659744,0.0,0.0,0.0,0.2234641624257774,0.0,0.0,0.5042186216044512,0.0,0.0,0.3041750049158401,0.0,0.0,0.2574632073762125,0.0,0.0,0.0,0.0,0.0,0.0,0.0,0.0,0.0,0.0,0.3565840947435856,0.0,0.0,0.0,0.0,0.0,0.0,0.0,0.0,0.3501615732863751,0.0,0.3313196211388453,0.0,0.0,0.0,0.2168369057446809,0.0,0.0,0.0,0.0,0.0,0.0,0.315851521633421
B08CTNJ985,325.0,999.0,67.0,674.0,0.6746746746746747,-0.0687679083094555,0.4290465631929046,0,4.3,2651,7.883069351305753,33.89719821061474,1.4189999999999998,0.3292682926829268,0,41,1,0,0.975609756097561,0.9472,234,5,1,1.2,0.0,0.0,0.0,0,0.3140579466063907,0.0,0.0,0.0,0.0,0.0,0.0,0.4336212119816631,0.3339344565006049,0.0,0.2446028564831574,0.0,0.2820558316006303,0.295118315291258,0.0,0.0,0.2497973429190032,0.3040559935163101,0.0,0.0,0.0,0.0,0.0,0.0,0.0,0.0,0.0,0.0,0.0,0.0,0.0,0.0,0.0,0.0,0.3274632656592375,0.0,0.0,0.0,0.0,0.0,0.2626902779772205,0.0,0.2103806732379115,0.0,0.0,0.0,0.0,0.0,0.0,0.0
B0BP7XLX48,399.0,1999.0,80.0,1600.0,0.80040020010005,0.1432664756446991,0.5598669623059866,0,5.0,5,1.791759469228055,8.958797346140274,0.9999999999999998,0.0022172949002217,0,32,1,1,0.84375,0.9382,146,5,1,1.2,0.0,0.0,1.0,0,0.0,0.0,0.0,0.0,0.0,0.0,0.0,0.3124370428241799,0.0,0.0,0.3524873370317353,0.0,0.4064593128822417,0.0,0.0,0.0,0.3599729024799246,0.0,0.0,0.0,0.0,0.0,0.0,0.0,0.0,0.0,0.0,0.0,0.4948869474351724,0.0,0.0,0.0,0.0,0.0,0.0,0.0,0.0,0.0,0.0,0.0,0.0,0.0,0.3031711253857793,0.0,0.0,0.0,0.0,0.0,0.3827796832979109,0.0
B09LHXNZLR,199.0,499.0,60.0,300.0,0.6012024048096193,-0.4297994269340974,0.2139689578713969,0,3.7,612,6.418364935936212,23.747950262963982,1.4800000000000002,0.1396895787139689,0,32,1,0,0.875,0.9552,230,4,1,0.0,0.0,0.0,0.0,4,0.0,0.9414316630983516,0.0,0.0,0.0,0.0,0.0,0.0,0.0,0.0,0.0,0.0,0.2702962626925514,0.0,0.0,0.0,0.0,0.0,0.0,0.0,0.0,0.0,0.0,0.0,0.0,0.0,0.0,0.0,0.0,0.0,0.0,0.0,0.0,0.0,0.0,0.0,0.0,0.0,0.0,0.0,0.0,0.0,0.2016094097266071,0.0,0.0,0.0,0.0,0.0,0.0,0.0
B0B3N8VG24,88.0,299.0,71.0,211.0,0.705685618729097,-0.7478510028653295,0.024390243902439,0,4.0,9378,9.14622842650894,36.58491370603576,1.16,0.5676274944567627,0,36,1,1,0.8611111111111112,0.9817,124,5,1,1.2,0.0,0.0,0.0,0,0.0,0.0,0.0,0.1425987227924782,0.0,0.0,0.0,0.3637393938264622,0.0,0.0,0.2051829852575737,0.0,0.0,0.4951148797382559,0.0,0.0,0.2095403351639114,0.0,0.0,0.0,0.0,0.0,0.0,0.0,0.0,0.0,0.0,0.0,0.0,0.0,0.0,0.0,0.0,0.0,0.0,0.0,0.0,0.0,0.5392989947365044,0.0,0.4407109238907791,0.0,0.1764760035761281,0.0,0.0,0.0,0.0,0.0,0.0,0.0
B08PSVBB2X,399.0,1099.0,64.0,700.0,0.6369426751592356,0.1432664756446991,0.5598669623059866,0,4.1,2685,7.895808377083183,32.37281434604105,1.4759999999999998,0.3337028824833702,0,42,1,0,0.9285714285714286,0.9641,218,5,1,1.2,0.0,0.0,0.0,0,0.0,0.0,0.0,0.0,0.0,0.0,0.2493846023296529,0.170696739866718,0.0,0.0,0.1925778029767018,0.0,0.2220648325509482,0.0,0.0,0.0,0.1966674640697493,0.2393857375794838,0.0,0.0,0.0,0.0,0.2703763541166063,0.0,0.0,0.0,0.0,0.0,0.0,0.0,0.0,0.4917622789103691,0.0,0.0,0.2578144718460156,0.0,0.0,0.0,0.0,0.0,0.4136363517870491,0.2530838885678663,0.3312688038351353,0.0,0.0,0.0,0.0,0.0,0.0,0.0
B0B3MQXNFB,57.89,199.0,71.0,141.11,0.7090954773869348,-0.8341260744985673,0.0088691796008869,0,4.0,9378,9.14622842650894,36.58491370603576,1.16,0.5676274944567627,0,31,1,1,0.8709677419354839,0.9817,106,5,1,1.2,0.0,0.0,0.0,0,0.0,0.0,0.0,0.1142730372588737,0.0,0.0,0.0,0.4372297783172428,0.0,0.0,0.1644256165838705,0.0,0.0,0.3967656932109416,0.0,0.0,0.1679174263171281,0.0,0.0,0.0,0.0,0.0,0.0,0.0,0.0,0.0,0.0,0.4651280784168308,0.0,0.0,0.0,0.0,0.0,0.0,0.0,0.0,0.0,0.0,0.4321731142633238,0.0,0.0,0.0,0.4242628938822956,0.0,0.0,0.0,0.0,0.0,0.0,0.0
B08XMSKKMM,799.0,1999.0,60.0,1200.0,0.6003001500750376,-0.4288777698355968,0.3802281368821292,2,3.3,576,6.3578422665081,20.980879479476727,1.32,0.1482889733840304,0,19,1,1,0.8947368421052632,0.8674,149,4,2,0.0,0.0,0.0,0.0,4,0.0,0.0,0.0,0.0,0.0,0.5054064441625854,0.0,0.0,0.0,0.0,0.0,0.0,0.0,0.0,0.0,0.0,0.0,0.0,0.0,0.0,0.0,0.0,0.0,0.0,0.0,0.0,0.0,0.0,0.0,0.0,0.0,0.0,0.0,0.5663816397909492,0.0,0.4422433372222242,0.0,0.0,0.0,0.4776996912173974,0.0,0.0,0.0,0.0,0.0,0.0,0.0,0.0,0.0,0.0
B09L8DT7D6,205.0,499.0,59.0,294.0,0.5891783567134269,-0.8534667619728378,0.0817490494296578,0,3.8,313,5.749392985908253,21.84769334645136,1.558,0.1026615969581749,0,28,0,0,0.8571428571428571,0.7514,25,4,2,1.2,0.0,0.0,0.0,0,0.0,0.0,0.0,0.0,0.0,0.0,0.0,0.0,0.0,0.0,0.0,0.0,0.1695958464184165,0.0,0.0,0.0,0.0,0.0,0.0,0.0,0.0,0.0,0.0,0.0,0.0,0.3549002351156221,0.0,0.0,0.0,0.0,0.0,0.0,0.0,0.8259697152616176,0.0,0.0,0.2042778378883805,0.0,0.0,0.3483212115430066,0.0,0.0,0.0,0.0,0.0,0.0,0.0,0.0,0.0,0.0
B00GE55L22,299.0,699.0,57.0,400.0,0.5722460658082976,-0.1432664756446991,0.3880266075388026,0,4.1,2957,7.992268643270745,32.76830143741005,1.763,0.3636363636363636,0,24,1,1,0.875,0.9344,91,5,1,1.2,0.0,0.0,0.0,0,0.0,0.0,0.0,0.204556990506058,0.0,0.0,0.0,0.521781922534608,0.0,0.0,0.0,0.0,0.0,0.355119624393188,0.0,0.0,0.0,0.0,0.0,0.0,0.0,0.0,0.0,0.0,0.0,0.0,0.0,0.416306428021472,0.0,0.0,0.3940407147848743,0.0,0.0,0.0,0.0,0.0,0.4088082333286739,0.0,0.0,0.0,0.0,0.0,0.25315374135997,0.0,0.0,0.0,0.0,0.0,0.0,0.0
B0162K34H2,849.0,999.0,15.0,150.0,0.1501501501501501,1.4326647564469914,0.7749445676274944,2,4.1,6736,8.81537000096066,36.1430170039387,3.4849999999999994,0.4656319290465632,0,15,1,0,0.8666666666666667,0.9733,54,5,1,0.0,0.0,0.0,0.0,4,0.0,0.0,0.0,0.0,0.0,0.0,0.0,0.3233002650308502,0.0,0.0,0.0,0.0,0.0,0.4400699362150045,0.0,0.0,0.0,0.4533974841258388,0.0,0.0,0.0,0.0,0.5120938279912477,0.4837416899465396,0.0,0.0,0.0,0.0,0.0,0.0,0.0,0.0,0.0,0.0,0.0,0.0,0.0,0.0,0.0,0.0,0.0,0.0,0.0,0.0,0.0,0.0,0.0,0.0,0.0,0.0
B0B8SRZ5SV,949.0,1999.0,53.0,1050.0,0.5252626313156579,1.7191977077363896,0.7982261640798226,2,4.4,13552,9.514363204016016,41.86319809767048,2.068,0.6762749445676275,1,16,1,0,0.875,0.9921,92,5,1,1.2,0.0,0.0,0.0,0,0.0,0.0,0.0,0.0,0.0,0.0,0.5401573508358439,0.3697225006732431,0.0,0.0,0.4171160324813431,0.0,0.0,0.0,0.0,0.0,0.0,0.5185001986124766,0.0,0.0,0.0,0.0,0.0,0.0,0.0,0.0,0.0,0.0,0.0,0.0,0.0,0.0,0.0,0.0,0.0,0.0,0.0,0.0,0.0,0.0,0.0,0.0,0.3587576735343397,0.0,0.0,0.0,0.0,0.0,0.0,0.0
B07CWNJLPC,499.0,1200.0,58.0,701.0,0.5841666666666666,0.4297994269340974,0.6219512195121951,0,4.3,5451,8.603737792816423,36.99607250911062,1.806,0.4334811529933481,0,15,1,0,0.9333333333333332,0.9663,130,5,1,1.2,0.0,0.0,0.0,0,0.0,0.0,0.0,0.0,0.0,0.0,0.4232543533419239,0.2897056898258698,0.0,0.0,0.0,0.0,0.0,0.0,0.0,0.0,0.0,0.4062843279496106,0.0,0.0,0.0,0.0,0.0,0.0,0.0,0.0,0.0,0.0,0.0,0.0,0.0,0.0,0.0,0.0,0.0,0.0,0.0,0.0,0.0,0.0,0.7020216362953979,0.0,0.2811139140905194,0.0,0.0,0.0,0.0,0.0,0.0,0.0
B00NH12R1O,299.0,485.0,38.0,186.0,0.3835051546391753,-0.1432664756446991,0.3880266075388026,0,4.3,10911,9.297618380083245,39.97975903435794,2.666,0.6208425720620843,1,17,1,1,0.8823529411764706,0.9825,88,5,1,0.0,0.0,0.0,0.0,4,0.0,0.0,0.0,0.3471030947918728,0.0,0.0,0.0,0.4426935488006506,0.0,0.0,0.0,0.0,0.0,0.0,0.0,0.0,0.0,0.0,0.0,0.0,0.0,0.0,0.0,0.0,0.0,0.0,0.0,0.7064107131734689,0.0,0.0,0.0,0.0,0.0,0.0,0.0,0.0,0.0,0.0,0.0,0.0,0.0,0.0,0.4295646258130914,0.0,0.0,0.0,0.0,0.0,0.0,0.0
B0B8SSC5D9,949.0,1999.0,53.0,1050.0,0.5252626313156579,1.7191977077363896,0.7982261640798226,2,4.4,13552,9.514363204016016,41.86319809767048,2.068,0.6762749445676275,1,16,1,0,0.875,0.9921,86,5,1,1.2,0.0,0.0,0.0,0,0.0,0.0,0.0,0.0,0.0,0.0,0.5401573508358439,0.3697225006732431,0.0,0.0,0.4171160324813431,0.0,0.0,0.0,0.0,0.0,0.0,0.5185001986124766,0.0,0.0,0.0,0.0,0.0,0.0,0.0,0.0,0.0,0.0,0.0,0.0,0.0,0.0,0.0,0.0,0.0,0.0,0.0,0.0,0.0,0.0,0.0,0.0,0.3587576735343397,0.0,0.0,0.0,0.0,0.0,0.0,0.0
B08WKG2MWT,379.0,1099.0,66.0,720.0,0.6551410373066424,0.0859598853868194,0.5232815964523282,0,4.3,2806,7.939871576361883,34.141447778356095,1.4619999999999995,0.3492239467849224,0,29,1,1,0.9655172413793104,0.9875,240,5,1,1.2,0.0,0.0,0.0,0,0.0,0.0,0.0,0.2329538053043451,0.0,0.0,0.0,0.2971081166494141,0.0,0.0,0.3351934453790099,0.0,0.3865174239695236,0.0,0.0,0.0,0.3423117506614569,0.0,0.0,0.0,0.0,0.0,0.0,0.0,0.0,0.0,0.0,0.0,0.0,0.0,0.0,0.0,0.0,0.0,0.4487418578406495,0.0,0.0,0.0,0.0,0.0,0.0,0.4405079882921064,0.2882968078037425,0.0,0.0,0.0,0.0,0.0,0.0,0.0
B0B466C3G4,8990.0,18990.0,53.0,10000.0,0.526592943654555,5.42601858470336,0.7737642585551331,1,3.9,350,5.860786223465865,22.857066271516874,1.833,0.1102661596958174,0,16,1,1,1.0,0.9627,189,4,2,1.2,0.0,0.0,0.0,0,0.0,0.0,0.0,0.2253551997084443,0.0,0.0,0.0,0.0,0.0,0.0,0.0,0.4383113567127867,0.0,0.0,0.0,0.0,0.0,0.0,0.3796695093562833,0.0,0.0,0.4313857337535005,0.0,0.0,0.0,0.3912261990046465,0.0,0.0,0.0,0.0,0.0,0.0,0.0,0.0,0.0,0.3554740510201999,0.0,0.0,0.0,0.3839737766876036,0.0,0.0,0.0,0.0,0.0,0.0,0.0,0.0,0.0,0.0
B005LJQMZC,486.0,1999.0,76.0,1513.0,0.7568784392196098,-0.6526090064331665,0.2832699619771863,0,4.2,30023,10.309752340814857,43.3009598314224,1.008,0.7671102661596958,1,23,1,1,0.9565217391304348,0.9667,56,5,2,1.2,0.0,1.1,0.0,0,0.0,0.0,0.0,0.0,0.0,0.0,0.0,0.5406373648641047,0.0,0.0,0.0,0.0,0.0,0.0,0.0,0.0,0.0,0.0,0.0,0.0,0.8412557516669927,0.0,0.0,0.0,0.0,0.0,0.0,0.0,0.0,0.0,0.0,0.0,0.0,0.0,0.0,0.0,0.0,0.0,0.0,0.0,0.0,0.0,0.0,0.0,0.0,0.0,0.0,0.0,0.0,0.0
B07MDRGHWQ,5699.0,11000.0,48.0,5301.0,0.4819090909090909,3.073624017155111,0.7319391634980988,3,4.2,4003,8.295049140435111,34.83920638982747,2.184,0.3564638783269962,0,13,1,1,1.0,0.9516,138,4,2,1.2,0.0,0.0,0.0,0,0.0,0.0,0.0,0.2411025344732716,0.0,0.0,0.0,0.0,0.0,0.0,0.0,0.4689396079105035,0.0,0.0,0.0,0.0,0.0,0.0,0.4061999948812066,0.0,0.0,0.4615300373727458,0.0,0.0,0.0,0.4185642410487957,0.0,0.0,0.0,0.0,0.0,0.0,0.0,0.0,0.0,0.0,0.0,0.0,0.0,0.410805035119792,0.0,0.0,0.0,0.0,0.0,0.0,0.0,0.0,0.0,0.0
B07DC4RZPY,709.0,1999.0,65.0,1290.0,0.6453226613306653,1.0315186246418335,0.7339246119733924,2,4.1,178817,12.09412380779549,49.58590761196151,1.4349999999999998,0.9889135254988912,1,13,1,1,0.8461538461538461,0.7791,135,5,1,1.2,0.0,1.1,0.0,0,0.0,0.0,0.0,0.0,0.0,0.0,0.0,0.4605145226274623,0.0,0.0,0.5195463901402424,0.0,0.0,0.0,0.0,0.0,0.0,0.0,0.0,0.0,0.0,0.0,0.0,0.0,0.0,0.0,0.0,0.0,0.0,0.0,0.0,0.0,0.0,0.0,0.0,0.0,0.0,0.0,0.0,0.0,0.0,0.0,0.4468570846128163,0.0,0.0,0.0,0.0,0.0,0.5641955945173428,0.0
B0B15GSPQW,47990.0,70900.0,32.0,22910.0,0.3231311706629055,33.30307362401715,0.9933460076045628,1,4.3,7109,8.869257522797287,38.13780734802833,2.9239999999999995,0.4363117870722433,0,16,1,1,1.0,0.998,192,4,2,0.0,1.4,0.0,0.0,2,0.0,0.0,0.0,0.1925310275155909,0.0,0.0,0.0,0.0,0.0,0.0,0.0,0.3744689982252201,0.0,0.0,0.0,0.0,0.0,0.0,0.3243686449093565,0.0,0.0,0.3685521287397942,0.0,0.0,0.0,0.3342420418203521,0.0,0.0,0.0,0.0,0.0,0.0,0.0,0.0,0.3708749503638351,0.3036973825613671,0.0,0.0,0.0,0.3280459730254729,0.0,0.3640698442504611,0.0,0.0,0.0,0.0,0.0,0.0,0.0,0.0
B08GJNM9N7,299.0,1199.0,75.0,900.0,0.7506255212677231,-0.7862759113652609,0.1577946768060836,0,3.7,490,6.19644412779452,22.92684327283973,0.925,0.1368821292775665,0,16,1,0,0.875,0.9793,69,4,2,0.0,0.0,0.0,0.0,4,0.0,0.0,0.0,0.0,0.0,0.0,0.0,0.0,0.0,0.0,0.0,0.0,0.3145005743763255,0.0,0.0,0.0,0.0,0.0,0.3193451416744098,0.0,0.0,0.0,0.0,0.0,0.0,0.3290656291038612,0.0,0.0,0.0,0.0,0.0,0.0,0.0,0.765844079772877,0.0,0.0,0.0,0.0,0.0,0.3229655189416165,0.0,0.0,0.0,0.0,0.0,0.0,0.0,0.0,0.0,0.0
B09C6FML9B,320.0,599.0,47.0,279.0,0.4657762938230384,-0.0830945558739255,0.4235033259423503,0,4.1,491,6.198478716492308,25.41376273761846,2.173,0.1164079822616408,0,23,1,1,1.0,-0.7352,56,5,1,1.2,0.0,0.0,0.0,0,0.0,0.0,0.0,0.1746168713324606,0.0,0.0,0.3253683603522565,0.2227054832138119,0.0,0.0,0.5025067579107627,0.0,0.0,0.3031423057549364,0.0,0.0,0.2565890986101272,0.0,0.0,0.0,0.0,0.0,0.0,0.0,0.0,0.0,0.0,0.3553734624119277,0.0,0.0,0.0,0.0,0.0,0.0,0.0,0.0,0.3489727459433341,0.0,0.3301947637731466,0.0,0.0,0.0,0.2161007266142574,0.0,0.0,0.0,0.0,0.0,0.0,0.0
B0B65MJ45G,139.0,549.0,75.0,410.0,0.7468123861566485,-0.6017191977077364,0.0787139689578714,0,3.9,61,4.127134385045092,16.095824101675856,0.975,0.0166297117516629,0,27,1,1,0.925925925925926,0.6486,63,5,1,1.2,0.0,0.0,0.0,0,0.0,0.0,0.0,0.1728578151021793,0.0,0.0,0.6441813261765198,0.4409239834141761,0.0,0.0,0.2487223015270771,0.0,0.0,0.300088509420533,0.0,0.0,0.2540042701849685,0.0,0.0,0.0,0.0,0.0,0.0,0.0,0.0,0.0,0.0,0.0,0.0,0.0,0.0,0.0,0.0,0.0,0.0,0.0,0.0,0.0,0.0,0.0,0.2671143398187618,0.0,0.0,0.0,0.0,0.0,0.0,0.0,0.2700972029502735,0.0
B08P9RYPLR,129.0,249.0,48.0,120.0,0.4819277108433735,-0.6303724928366762,0.0665188470066518,0,4.0,9378,9.14622842650894,36.58491370603576,2.08,0.5676274944567627,0,32,1,1,0.90625,0.9817,15,5,1,1.2,0.0,0.0,0.0,0,0.0,0.0,0.0,0.1336356796902373,0.0,0.0,0.0,0.5113148298830156,0.0,0.0,0.192286208170822,0.0,0.0,0.4639944326490279,0.0,0.0,0.196369676837151,0.0,0.0,0.0,0.0,0.0,0.0,0.2550202053177357,0.0,0.0,0.0,0.0,0.0,0.0,0.0,0.0,0.0,0.0,0.0,0.0,0.0,0.0,0.5054013549809718,0.0,0.0,0.0,0.3307672077993761,0.0,0.0,0.0,0.0,0.0,0.0,0.0
B0B6F8HHR6,24999.0,35999.0,31.0,11000.0,0.3055640434456512,16.869192280200142,0.9363117870722434,1,4.2,32840,10.399433013772668,43.6776186578452,2.898,0.8041825095057035,1,15,1,1,1.0,0.9647,187,4,2,0.0,0.0,1.1,0.0,3,0.0,0.0,0.0,0.2253551997084443,0.0,0.0,0.0,0.0,0.0,0.0,0.0,0.4383113567127867,0.0,0.0,0.0,0.0,0.0,0.0,0.3796695093562833,0.0,0.0,0.4313857337535005,0.0,0.0,0.0,0.3912261990046465,0.0,0.0,0.0,0.0,0.0,0.0,0.0,0.0,0.0,0.3554740510201999,0.0,0.0,0.0,0.3839737766876036,0.0,0.0,0.0,0.0,0.0,0.0,0.0,0.0,0.0,0.0
B084MZXJN6,999.0,1699.0,41.0,700.0,0.4120070629782225,1.8624641833810889,0.8270509977827051,2,4.4,7318,8.898228985601227,39.1522075366454,2.5960000000000005,0.4844789356984479,0,20,1,1,0.85,0.899,4,5,1,0.0,0.0,0.0,0.0,4,0.0,0.0,0.0,0.2275340780678825,0.0,0.0,0.0,0.2901958236740956,0.446963303360964,0.0,0.0,0.0,0.0,0.0,0.0,0.0,0.0,0.0,0.0,0.0,0.0,0.0,0.4596578051000367,0.4342087939400223,0.0,0.0,0.0,0.0,0.0,0.0,0.0,0.0,0.0,0.0,0.0,0.0,0.0,0.0,0.430259462242459,0.0,0.0,0.0,0.2815895120830401,0.0,0.0,0.0,0.0,0.0,0.0,0.0
B08XMG618K,225.0,499.0,55.0,274.0,0.5490981963927856,-0.3553008595988539,0.2749445676274945,0,4.1,789,6.672032945461067,27.35533507639037,1.845,0.155210643015521,0,11,1,0,0.9090909090909092,0.7935,20,5,1,1.2,0.0,0.0,0.0,0,0.0,0.0,0.0,0.0,0.0,0.0,0.0,0.6365421332525051,0.0,0.0,0.0,0.0,0.0,0.0,0.0,0.0,0.0,0.0,0.0,0.0,0.0,0.0,0.0,0.0,0.0,0.0,0.0,0.0,0.0,0.0,0.0,0.0,0.0,0.0,0.0,0.0,0.0,0.0,0.0,0.0,0.7712419287061291,0.0,0.0,0.0,0.0,0.0,0.0,0.0,0.0,0.0
B0BCKWZ884,547.0,2999.0,82.0,2452.0,0.8176058686228743,-0.6090064331665476,0.3136882129277566,2,4.3,407,6.0112671744041615,25.84844884993789,0.7740000000000001,0.11787072243346,0,16,1,1,0.9375,0.9896,137,4,2,1.2,0.0,0.0,0.0,0,0.0,0.0,0.0,0.1974671154406339,0.0,0.0,0.0,0.0,0.0,0.0,0.0,0.0,0.3276378365190961,0.0,0.0,0.0,0.0,0.0,0.0,0.0,0.0,0.0,0.0,0.0,0.0,0.0,0.0,0.0,0.0,0.0,0.0,0.0,0.0,0.3989173913359819,0.3803833988867288,0.3114835404719767,0.0,0.0,0.0,0.6729127544910697,0.0,0.0,0.0,0.0,0.0,0.0,0.0,0.0,0.0,0.0
B00GGGOYEK,259.0,699.0,63.0,440.0,0.6294706723891274,-0.2578796561604584,0.3170731707317073,0,3.8,2399,7.783224016336037,29.57625126207694,1.406,0.3126385809312638,0,15,1,0,0.8,0.9335,52,5,1,1.2,0.0,0.0,0.0,0,0.0,0.0,0.0,0.0,0.0,0.0,0.0,0.474019548942715,0.0,0.0,0.0,0.0,0.0,0.0,0.0,0.0,0.0,0.0,0.0,0.0,0.0,0.0,0.0,0.0,0.0,0.0,0.0,0.0,0.7508267441030286,0.0,0.0,0.0,0.0,0.0,0.0,0.0,0.0,0.0,0.0,0.0,0.0,0.0,0.4599615935703657,0.0,0.0,0.0,0.0,0.0,0.0,0.0
B07ZR4S1G4,239.0,699.0,66.0,460.0,0.6580829756795422,-0.8291636883488206,0.1074144486692015,0,4.4,2640,7.878912912297133,34.667216814107384,1.496,0.3003802281368821,0,15,0,0,0.6666666666666666,0.9134,102,4,2,1.2,0.0,0.0,0.0,0,0.0,0.0,0.0,0.0,0.0,0.0,0.0,0.0,0.0,0.0,0.0,0.0,0.0,0.0,0.0,0.0,0.0,0.0,0.0,0.0,0.0,0.0,0.0,0.0,0.0,0.3681118215145393,0.0,0.0,0.0,0.0,0.0,0.0,0.0,0.8567174273686914,0.0,0.0,0.0,0.0,0.0,0.3612878859082031,0.0,0.0,0.0,0.0,0.0,0.0,0.0,0.0,0.0,0.0
B09C635BMM,349.0,999.0,65.0,650.0,0.6506506506506506,-0.7505360972122945,0.2024714828897338,0,4.0,839,6.733401891837359,26.93360756734944,1.4,0.1749049429657794,0,19,1,1,0.9473684210526316,0.9833,34,4,2,1.2,0.0,0.0,0.0,0,0.0,0.0,0.0,0.1851238916006998,0.0,0.0,0.0,0.0,0.0,0.0,0.0,0.0,0.3071579346095412,0.0,0.0,0.0,0.0,0.0,0.0,0.0,0.0,0.0,0.0,0.0,0.0,0.0,0.0,0.0,0.0,0.0,0.0,0.0,0.0,0.7479639305666376,0.356606490883708,0.2920134071592902,0.0,0.0,0.0,0.3154252482524976,0.0,0.0,0.0,0.0,0.0,0.0,0.0,0.0,0.0,0.0
B00GG59HU2,467.0,599.0,22.0,132.0,0.2203672787979966,-0.6661901358112938,0.2775665399239543,0,4.4,44054,10.69319413230083,47.05005418212365,3.4320000000000004,0.844106463878327,1,23,1,1,0.9130434782608696,0.8885,146,5,2,0.0,1.4,1.1,0.0,2,0.0,0.0,0.0,0.0,0.0,0.0,0.0,0.5379615156792847,0.0,0.0,0.0,0.0,0.0,0.0,0.0,0.0,0.0,0.0,0.0,0.0,0.0,0.0,0.0,0.0,0.0,0.0,0.0,0.0,0.0,0.0,0.0,0.0,0.0,0.0,0.0,0.0,0.8429693989985916,0.0,0.0,0.0,0.0,0.0,0.0,0.0,0.0,0.0,0.0,0.0,0.0,0.0
B00RGLI0ZS,449.0,599.0,25.0,150.0,0.2504173622704507,0.2865329512893982,0.5953436807095344,0,4.0,3231,8.080856419640986,32.32342567856394,3.0,0.3813747228381374,0,25,1,1,0.88,0.995,81,5,1,0.0,0.0,0.0,0.0,4,0.0,0.0,0.0,0.2206425544508236,0.0,0.0,0.0,0.2814064089657404,0.0,0.0,0.3174789865611948,0.0,0.0,0.383044846660518,0.0,0.0,0.0,0.0,0.0,0.0,0.0,0.0,0.4457357471537659,0.421057532451712,0.0,0.0,0.0,0.0,0.0,0.0,0.0,0.0,0.0,0.0,0.0,0.0,0.0,0.0,0.4172278176172422,0.0,0.0,0.0,0.2730607642606704,0.0,0.0,0.0,0.0,0.0,0.0,0.0
B09ZPJT8B2,11990.0,31990.0,63.0,20000.0,0.6251953735542357,7.570407433881344,0.8079847908745247,1,4.2,64,4.174387269895637,17.532426533561676,1.554,0.0247148288973384,0,14,1,1,1.0,0.891,155,4,2,1.2,0.0,0.0,1.0,0,0.0,0.0,0.0,0.2253551997084443,0.0,0.0,0.0,0.0,0.0,0.0,0.0,0.4383113567127867,0.0,0.0,0.0,0.0,0.0,0.0,0.3796695093562833,0.0,0.0,0.4313857337535005,0.0,0.0,0.0,0.3912261990046465,0.0,0.0,0.0,0.0,0.0,0.0,0.0,0.0,0.0,0.3554740510201999,0.0,0.0,0.0,0.3839737766876036,0.0,0.0,0.0,0.0,0.0,0.0,0.0,0.0,0.0,0.0
B07HZ2QCGR,350.0,599.0,42.0,249.0,0.4156928213689482,0.0028653295128939,0.5066518847006651,0,3.9,8314,9.025816391627028,35.20068392734541,2.262,0.5343680709534369,0,11,0,0,0.9090909090909092,0.9794,98,5,1,0.0,0.0,0.0,0.0,4,0.0,0.0,0.0,0.0,0.0,0.0,0.0,0.391174944977355,0.0,0.0,0.4413183962511003,0.0,0.0,0.5324596101666234,0.0,0.0,0.0,0.0,0.0,0.0,0.0,0.0,0.0,0.0,0.0,0.0,0.0,0.0,0.0,0.0,0.0,0.0,0.0,0.0,0.0,0.0,0.0,0.0,0.0,0.0,0.4739521600625513,0.0,0.3795739046161749,0.0,0.0,0.0,0.0,0.0,0.0,0.0
B095244Q22,252.0,999.0,75.0,747.0,0.7477477477477478,-0.2779369627507163,0.3126385809312638,0,3.7,2249,7.718685495198466,28.559136332234324,0.925,0.2993348115299334,0,24,1,0,0.8333333333333334,0.973,119,5,1,0.0,0.0,0.0,0.0,4,0.3056166819370022,0.0,0.0,0.0,0.0,0.0,0.0,0.2109831600431164,0.0,0.0,0.2380284090833259,0.0,0.274474721325241,0.2871861109478354,0.0,0.0,0.2430832778616651,0.0,0.0,0.0,0.0,0.0,0.3341883250787307,0.3156859471791012,0.0,0.0,0.0,0.0,0.3341883250787307,0.0,0.0,0.0,0.0,0.0,0.0,0.0,0.0,0.0,0.31281463610694,0.0,0.0,0.0,0.4094521026670615,0.0,0.0,0.0,0.0,0.0,0.0,0.0
B08CKW1KH9,204.0,599.0,66.0,395.0,0.659432387312187,-0.854181558255897,0.0798479087452471,0,3.6,339,5.828945617610208,20.98420422339675,1.224,0.1064638783269961,0,7,0,0,0.8571428571428571,0.9569,109,4,2,0.0,0.0,0.0,0.0,4,0.0,0.0,0.0,0.0,0.0,0.0,0.0,0.0,0.0,0.0,0.0,0.0,0.5334955229332183,0.0,0.0,0.0,0.0,0.0,0.5417134887324923,0.0,0.0,0.0,0.0,0.0,0.0,0.0,0.0,0.0,0.0,0.0,0.0,0.0,0.0,0.6495606385361444,0.0,0.0,0.0,0.0,0.0,0.0,0.0,0.0,0.0,0.0,0.0,0.0,0.0,0.0,0.0,0.0
B0BLV1GNLN,6490.0,9990.0,35.0,3500.0,0.3503503503503503,3.6390278770550393,0.7357414448669202,3,4.0,27,3.332204510175204,13.328818040700815,2.6,0.0133079847908745,0,36,1,0,0.8888888888888888,0.9781,264,3,2,0.0,0.0,0.0,0.0,4,0.0,0.0,0.0,0.0,0.0,0.0,0.0,0.0,0.0,0.0,0.0,0.0,0.3790785577877935,0.0,0.0,0.0,0.0,0.0,0.3849178844348291,0.0,0.4534157987258669,0.0,0.0,0.0,0.0,0.3966343283970001,0.0,0.0,0.0,0.0,0.4401054279577866,0.0,0.0,0.0,0.0,0.0,0.0,0.0,0.0,0.3892816519599663,0.0,0.0,0.0,0.0,0.0,0.0,0.0,0.0,0.0,0.0
B08RHPDNVV,235.0,599.0,61.0,364.0,0.6076794657762938,-0.8320228734810579,0.1045627376425855,0,3.5,197,5.288267030694535,18.508934607430877,1.365,0.061787072243346,0,30,1,0,0.9,0.8448,96,4,2,0.0,0.0,0.0,0.0,4,0.0,0.0,0.0,0.0,0.0,0.0,0.0,0.0,0.0,0.0,0.0,0.0,0.2467250057760655,0.0,0.0,0.0,0.0,0.0,0.250525558118371,0.0,0.0,0.0,0.0,0.0,0.0,0.0,0.0,0.0,0.0,0.0,0.0,0.0,0.0,0.9012044829181988,0.0,0.0,0.0,0.0,0.0,0.2533657360860407,0.0,0.0,0.0,0.0,0.0,0.0,0.0,0.0,0.0,0.0
B00NH13Q8W,299.0,800.0,63.0,501.0,0.62625,-0.1432664756446991,0.3880266075388026,0,4.5,74977,11.224950016154477,50.51227507269515,1.665,0.9490022172949002,1,20,1,1,0.9,0.9387,88,5,1,1.2,0.0,1.1,0.0,0,0.0,0.0,0.0,0.3526041898640182,0.0,0.0,0.0,0.4497096179061078,0.0,0.0,0.0,0.0,0.0,0.0,0.0,0.0,0.0,0.0,0.0,0.0,0.0,0.0,0.0,0.0,0.0,0.0,0.0,0.0,0.0,0.694989554871817,0.0,0.0,0.0,0.0,0.0,0.0,0.0,0.0,0.0,0.0,0.0,0.0,0.4363726199845215,0.0,0.0,0.0,0.0,0.0,0.0,0.0
B0B8SSZ76F,799.0,1999.0,60.0,1200.0,0.6003001500750376,1.2893982808022924,0.7594235033259423,2,4.2,8583,9.057655284310536,38.04215219410425,1.6800000000000002,0.5432372505543237,0,14,1,1,0.9285714285714286,0.9275,93,5,1,1.2,0.0,0.0,0.0,0,0.0,0.0,0.0,0.0,0.0,0.0,0.0,0.4605145226274623,0.0,0.0,0.5195463901402424,0.0,0.0,0.0,0.0,0.0,0.0,0.0,0.0,0.0,0.0,0.0,0.0,0.0,0.0,0.0,0.0,0.0,0.0,0.0,0.0,0.0,0.0,0.0,0.0,0.0,0.0,0.0,0.0,0.0,0.0,0.0,0.4468570846128163,0.0,0.0,0.0,0.0,0.0,0.5641955945173428,0.0
B0841KQR1Z,299.0,999.0,70.0,700.0,0.7007007007007007,-0.7862759113652609,0.1577946768060836,0,3.8,928,6.834108738813838,25.969613207492586,1.14,0.182509505703422,0,19,0,0,0.8421052631578947,0.8038,69,4,2,1.2,0.0,0.0,0.0,0,0.0,0.0,0.0,0.0,0.0,0.0,0.0,0.0,0.0,0.0,0.0,0.0,0.4678804495707115,0.0,0.0,0.0,0.0,0.0,0.475087680685943,0.0,0.0,0.0,0.0,0.0,0.0,0.0,0.0,0.0,0.0,0.0,0.0,0.0,0.0,0.5696706167481245,0.0,0.0,0.0,0.0,0.0,0.4804736922910263,0.0,0.0,0.0,0.0,0.0,0.0,0.0,0.0,0.0,0.0
B0B467CCB9,6999.0,16990.0,59.0,9991.0,0.5880517951736316,4.0028591851322375,0.7480988593155894,3,3.8,110,4.709530201312334,17.89621476498687,1.558,0.0380228136882129,0,17,1,1,0.9411764705882352,0.5574,166,4,2,1.2,0.0,0.0,0.0,0,0.0,0.0,0.0,0.2411025344732716,0.0,0.0,0.0,0.0,0.0,0.0,0.0,0.4689396079105035,0.0,0.0,0.0,0.0,0.0,0.0,0.4061999948812066,0.0,0.0,0.4615300373727458,0.0,0.0,0.0,0.4185642410487957,0.0,0.0,0.0,0.0,0.0,0.0,0.0,0.0,0.0,0.0,0.0,0.0,0.0,0.410805035119792,0.0,0.0,0.0,0.0,0.0,0.0,0.0,0.0,0.0,0.0
B095JQVC7N,42999.0,59999.0,28.0,17000.0,0.2833380556342605,29.735525375268047,0.9847908745247148,1,4.1,6753,8.817890200945513,36.1533498238766,2.9519999999999995,0.4306083650190114,0,14,1,1,1.0,0.8529,162,4,2,0.0,0.0,0.0,0.0,4,0.0,0.0,0.0,0.2435950650718942,0.0,0.0,0.0,0.0,0.0,0.0,0.0,0.4737875300784583,0.0,0.0,0.0,0.0,0.0,0.0,0.0,0.0,0.0,0.4663013590133425,0.0,0.0,0.0,0.4228913800420984,0.0,0.0,0.0,0.0,0.0,0.0,0.0,0.0,0.0,0.3842455142000913,0.0,0.0,0.0,0.4150519590367941,0.0,0.0,0.0,0.0,0.0,0.0,0.0,0.0,0.0,0.0
B08PPHFXG3,173.0,999.0,83.0,826.0,0.8268268268268268,-0.8763402430307362,0.0513307984790874,0,4.3,1237,7.121252453244542,30.62138554895153,0.7310000000000001,0.2034220532319391,0,14,1,1,0.9285714285714286,0.6631,3,5,2,1.2,0.0,0.0,0.0,0,0.0,0.0,0.0,0.3886417848759123,0.0,0.0,0.0,0.4956717861075236,0.0,0.0,0.0,0.0,0.0,0.0,0.0,0.0,0.0,0.0,0.0,0.0,0.0,0.0,0.0,0.0,0.0,0.0,0.0,0.0,0.0,0.0,0.0,0.0,0.0,0.0,0.0,0.0,0.776702673811184,0.0,0.0,0.0,0.0,0.0,0.0,0.0,0.0,0.0,0.0,0.0,0.0,0.0
B06XR9PR5X,209.0,600.0,65.0,391.0,0.6516666666666666,-0.8506075768406004,0.085551330798479,0,4.4,18872,9.84548760823814,43.320145476247816,1.54,0.6387832699619772,1,4,0,1,1.0,0.9525,131,4,2,1.2,0.0,0.0,0.0,0,0.0,0.0,0.0,1.0,0.0,0.0,0.0,0.0,0.0,0.0,0.0,0.0,0.0,0.0,0.0,0.0,0.0,0.0,0.0,0.0,0.0,0.0,0.0,0.0,0.0,0.0,0.0,0.0,0.0,0.0,0.0,0.0,0.0,0.0,0.0,0.0,0.0,0.0,0.0,0.0,0.0,0.0,0.0,0.0,0.0,0.0,0.0,0.0,0.0,0.0
B09JSW16QD,848.99,1490.0,43.0,641.01,0.4302080536912752,1.4326361031518624,0.7694013303769401,2,3.9,356,5.877735781779639,22.923169548940592,2.2230000000000003,0.0864745011086474,0,28,1,1,0.9642857142857144,0.9331,97,5,1,0.0,0.0,0.0,0.0,4,0.0,0.0,0.0,0.2976583483298852,0.0,0.0,0.0,0.379631966782978,0.0,0.0,0.4282957610079387,0.0,0.0,0.5167475361995761,0.0,0.0,0.0,0.0,0.0,0.0,0.0,0.0,0.0,0.0,0.0,0.0,0.0,0.0,0.0,0.0,0.0,0.0,0.0,0.0,0.0,0.0,0.0,0.0,0.562862152218739,0.0,0.0,0.0,0.0,0.0,0.0,0.0,0.0,0.0,0.0,0.0
B07JH1CBGW,649.0,1999.0,68.0,1350.0,0.6753376688344173,0.8595988538681948,0.7106430155210643,2,4.2,24269,10.096996298720647,42.40738445462672,1.344,0.8004434589800443,1,22,1,1,0.8181818181818182,0.8974,134,5,1,1.2,0.0,1.1,0.0,0,0.0,0.0,0.0,0.1667243109382949,0.0,0.0,0.3106619381443958,0.4252787024262804,0.0,0.0,0.4797938040877846,0.0,0.0,0.0,0.0,0.0,0.0,0.0,0.0,0.0,0.0,0.0,0.3368116612398125,0.318164042009569,0.0,0.0,0.0,0.0,0.0,0.328616783283267,0.0,0.0,0.0,0.0,0.0,0.0,0.0,0.0,0.3152701915079902,0.0,0.0,0.0,0.206333124990135,0.0,0.0,0.0,0.0,0.0,0.0,0.0
B09127FZCK,299.0,899.0,67.0,600.0,0.6674082313681868,-0.7862759113652609,0.1577946768060836,0,3.8,425,6.054439346269371,23.00686951582361,1.2539999999999998,0.123574144486692,0,14,0,1,0.8571428571428571,0.7548,37,4,2,1.2,0.0,0.0,0.0,0,0.0,0.0,0.0,0.0,0.0,0.0,0.0,0.0,0.0,0.0,0.0,0.0,0.3539002664868027,0.0,0.0,0.0,0.0,0.0,0.0,0.0,0.0,0.0,0.0,0.0,0.0,0.0,0.0,0.0,0.0,0.0,0.0,0.0,0.0,0.8617867374532963,0.0,0.0,0.0,0.0,0.0,0.3634256740107578,0.0,0.0,0.0,0.0,0.0,0.0,0.0,0.0,0.0,0.0
B083GQGT3Z,399.0,799.0,50.0,400.0,0.5006257822277848,-0.7147962830593281,0.2480988593155893,0,4.1,1161,7.057897937411856,28.937381543388607,2.05,0.1939163498098859,0,33,1,0,0.9090909090909092,-0.0161,325,5,2,1.2,0.0,0.0,0.0,0,0.0,0.0,0.0,0.0,0.0,0.0,0.0,0.0,0.0,0.0,0.0,0.0,0.0,0.0,0.0,0.0,0.0,0.0,0.0,0.0,0.0,0.4475921465876231,0.0,0.0,0.0,0.4059238878628898,0.0,0.0,0.0,0.0,0.0,0.0,0.0,0.0,0.0,0.0,0.0,0.0,0.0,0.7967980092691999,0.0,0.0,0.0,0.0,0.0,0.0,0.0,0.0,0.0,0.0
B09Q8WQ5QJ,249.0,499.0,50.0,250.0,0.501002004008016,-0.2865329512893982,0.3015521064301552,0,4.1,1508,7.319202458767849,30.00873008094818,2.05,0.2461197339246119,0,21,1,0,0.9523809523809524,0.9934,218,5,1,1.2,0.0,0.0,0.0,0,0.0,0.0,0.0,0.0,0.0,0.0,0.3480051654629726,0.2381997390632159,0.0,0.0,0.2687337933591183,0.0,0.0,0.3242327808360364,0.0,0.0,0.2744407342531362,0.334052192627766,0.0,0.0,0.0,0.0,0.0,0.0,0.0,0.0,0.0,0.0,0.0,0.0,0.0,0.0,0.0,0.0,0.0,0.0,0.0,0.0,0.3531673555396583,0.0,0.5772112059062613,0.0,0.0,0.0,0.0,0.0,0.0,0.0,0.0,0.0
B07YZG8PPY,1249.0,2299.0,46.0,1050.0,0.4567203131796433,-0.1072194424588992,0.4638783269961977,2,4.3,7636,8.940760134888384,38.44526858002005,2.322,0.4562737642585551,0,12,1,0,0.8333333333333334,0.979,21,4,2,1.2,0.0,0.0,0.0,0,0.0,0.0,0.0,0.0,0.0,0.0,0.0,0.0,0.0,0.0,0.0,0.0,0.0,0.0,0.0,0.0,0.0,0.0,1.0,0.0,0.0,0.0,0.0,0.0,0.0,0.0,0.0,0.0,0.0,0.0,0.0,0.0,0.0,0.0,0.0,0.0,0.0,0.0,0.0,0.0,0.0,0.0,0.0,0.0,0.0,0.0,0.0,0.0,0.0,0.0
B09H39KTTB,213.0,499.0,57.0,286.0,0.5731462925851704,-0.8477483917083631,0.0893536121673003,0,3.7,246,5.5093883366279774,20.38473684552352,1.5910000000000002,0.0817490494296578,0,15,0,0,0.8,0.1004,29,4,2,0.0,0.0,0.0,0.0,4,0.0,0.0,0.0,0.0,0.0,0.0,0.0,0.0,0.0,0.0,0.0,0.0,0.2373231431085977,0.0,0.0,0.0,0.0,0.0,0.0,0.0,0.0,0.0,0.0,0.0,0.0,0.4966279603323681,0.0,0.0,0.0,0.0,0.0,0.0,0.0,0.5779084012906417,0.5510583561973217,0.0,0.0,0.0,0.0,0.2437108174537359,0.0,0.0,0.0,0.0,0.0,0.0,0.0,0.0,0.0,0.0
B08DCVRW98,209.0,499.0,58.0,290.0,0.5811623246492986,-0.8506075768406004,0.085551330798479,0,4.0,479,6.173786103901937,24.695144415607743,1.6800000000000002,0.1330798479087452,0,12,1,0,0.9166666666666666,0.9072,37,4,2,1.2,0.0,0.0,0.0,0,0.0,0.0,0.0,0.0,0.0,0.0,0.0,0.0,0.0,0.0,0.0,0.0,0.5055215561547529,0.0,0.0,0.0,0.0,0.0,0.0,0.0,0.6046542476437353,0.0,0.0,0.0,0.0,0.0,0.0,0.0,0.0,0.0,0.0,0.0,0.0,0.6155007693490445,0.0,0.0,0.0,0.0,0.0,0.0,0.0,0.0,0.0,0.0,0.0,0.0,0.0,0.0,0.0,0.0
B0718ZN31Q,598.0,4999.0,88.0,4401.0,0.880376075215043,-0.5725518227305219,0.3250950570342205,2,4.2,910,6.814542897259958,28.621080168491822,0.504,0.1806083650190114,0,28,1,1,0.8928571428571429,0.9679,126,5,2,1.2,0.0,0.0,0.0,0,0.4651415013104101,0.0,0.0,0.2517741389717478,0.0,0.0,0.0,0.3211114759563388,0.0,0.0,0.0,0.0,0.0,0.0,0.0,0.0,0.0,0.0,0.4241790912110126,0.0,0.0,0.0,0.0,0.0,0.0,0.0,0.0,0.0,0.0,0.0,0.0,0.0,0.0,0.0,0.0,0.0,0.5031719556308198,0.0,0.0,0.4289879582912905,0.0,0.0,0.0,0.0,0.0,0.0,0.0,0.0,0.0,0.0
B0162LYSFS,799.0,1749.0,54.0,950.0,0.5431675242995998,1.2893982808022924,0.7594235033259423,2,4.1,5626,8.635331719433278,35.40486004967644,1.886,0.4412416851441241,0,15,1,1,0.8666666666666667,0.4588,12,5,1,1.2,0.0,0.0,0.0,0,0.0,0.0,0.0,0.0,0.0,0.0,0.0,0.3627254644243372,0.0,0.0,0.0,0.0,0.0,0.4937347390591967,0.0,0.0,0.0,0.0,0.0,0.0,0.0,0.0,0.5745416619724616,0.5427320918853219,0.0,0.0,0.0,0.0,0.0,0.0,0.0,0.0,0.0,0.0,0.0,0.0,0.0,0.0,0.0,0.0,0.0,0.0,0.0,0.0,0.0,0.0,0.0,0.0,0.0,0.0
B07PFJ5VQD,159.0,595.0,73.0,436.0,0.7327731092436974,-0.5444126074498568,0.1363636363636363,0,4.3,14184,9.559940347242952,41.10774349314469,1.161,0.6895787139689579,1,11,1,0,0.9090909090909092,0.8852,29,5,1,1.2,0.0,0.0,0.0,0,0.0,0.0,0.0,0.0,0.0,0.0,0.5464231478855869,0.3740112623652894,0.0,0.0,0.0,0.0,0.0,0.0,0.0,0.0,0.0,0.0,0.0,0.0,0.0,0.0,0.0,0.0,0.0,0.0,0.0,0.5968136723432307,0.0,0.0,0.0,0.0,0.0,0.0,0.0,0.0,0.0,0.0,0.0,0.0,0.4531564405179689,0.0,0.0,0.0,0.0,0.0,0.0,0.0,0.0,0.0
B01J8S6X2I,499.0,1100.0,55.0,601.0,0.5463636363636364,0.4297994269340974,0.6219512195121951,0,4.4,25177,10.133725876326205,44.58839385583531,1.98,0.835920177383592,1,12,1,1,0.9166666666666666,0.9881,51,5,1,1.2,0.0,1.1,0.0,0,0.0,0.0,0.0,0.0,0.0,0.0,0.0,1.0,0.0,0.0,0.0,0.0,0.0,0.0,0.0,0.0,0.0,0.0,0.0,0.0,0.0,0.0,0.0,0.0,0.0,0.0,0.0,0.0,0.0,0.0,0.0,0.0,0.0,0.0,0.0,0.0,0.0,0.0,0.0,0.0,0.0,0.0,0.0,0.0,0.0,0.0,0.0,0.0,0.0,0.0
B09MJ77786,31999.0,49999.0,36.0,18000.0,0.3600072001440029,21.87276626161544,0.9619771863117872,1,4.3,21252,9.964253340858692,42.84628936569237,2.752,0.6777566539923955,1,16,1,0,1.0,0.9925,210,4,2,0.0,0.0,0.0,0.0,4,0.0,0.0,0.0,0.0,0.0,0.0,0.0,0.0,0.0,0.0,0.0,0.3854221307882411,0.0,0.0,0.0,0.0,0.0,0.3544371701144762,0.3338563535950374,0.0,0.0,0.3793321942234598,0.0,0.0,0.0,0.3440185451077919,0.0,0.0,0.0,0.0,0.0,0.0,0.0,0.0,0.0,0.3125804615505562,0.0,0.0,0.0,0.3376412427176041,0.0,0.3747188039378405,0.0,0.0,0.0,0.0,0.0,0.0,0.0,0.0
B09NNGHG22,32990.0,56790.0,42.0,23800.0,0.4190878675823208,22.581129378127237,0.9657794676806084,1,4.3,567,6.342121418721152,27.27112210050095,2.494,0.1463878326996197,0,20,1,1,0.95,0.9604,109,4,2,0.0,0.0,0.0,0.0,4,0.0,0.0,0.0,0.242567711342764,0.0,0.0,0.0,0.0,0.0,0.0,0.0,0.0,0.0,0.0,0.0,0.0,0.0,0.0,0.4086684668041091,0.0,0.0,0.4643347492220502,0.0,0.0,0.0,0.4211078503298891,0.0,0.0,0.0,0.0,0.0,0.0,0.0,0.0,0.0,0.0,0.0,0.0,0.0,0.4133014918104838,0.0,0.4586875685873515,0.0,0.0,0.0,0.0,0.0,0.0,0.0,0.0
B07V5YF4ND,299.0,1199.0,75.0,900.0,0.7506255212677231,-0.7862759113652609,0.1577946768060836,0,3.5,466,6.1463292576688975,21.512152401841146,0.875,0.1311787072243346,0,32,1,0,0.90625,0.7003,56,4,2,0.0,0.0,0.0,0.0,4,0.0,0.0,0.0,0.0,0.0,0.0,0.0,0.0,0.0,0.0,0.0,0.0,0.3702876911386356,0.0,0.0,0.0,0.0,0.0,0.1879958016316091,0.0,0.0,0.0,0.0,0.0,0.0,0.3874363418114117,0.0,0.0,0.0,0.0,0.0,0.0,0.0,0.6762689622276221,0.0,0.1760152646813329,0.0,0.0,0.0,0.3802541746177643,0.0,0.2110056051776731,0.0,0.0,0.0,0.0,0.0,0.0,0.0,0.0
B0B65P827P,128.31,549.0,77.0,420.69,0.7662841530054645,-0.632349570200573,0.0598669623059867,0,3.9,61,4.127134385045092,16.095824101675856,0.8969999999999999,0.0166297117516629,0,26,1,1,0.9230769230769232,0.6486,63,5,1,1.2,0.0,0.0,0.0,0,0.0,0.0,0.0,0.1795304111660296,0.0,0.0,0.6690477852308038,0.4579443746209464,0.0,0.0,0.2583233915858652,0.0,0.0,0.3116724196162191,0.0,0.0,0.2638092529243114,0.0,0.0,0.0,0.0,0.0,0.0,0.0,0.0,0.0,0.0,0.0,0.0,0.0,0.0,0.0,0.0,0.0,0.0,0.0,0.0,0.0,0.0,0.0,0.2774253928158107,0.0,0.0,0.0,0.0,0.0,0.0,0.0,0.0,0.0
B084MZYBTV,599.0,849.0,29.0,250.0,0.2944640753828033,0.7163323782234957,0.6873614190687362,2,4.5,474,6.163314804034641,27.73491661815589,3.195,0.1130820399113082,0,26,1,1,0.9230769230769232,0.9764,88,5,1,0.0,0.0,0.0,0.0,4,0.0,0.0,0.0,0.0,0.0,0.0,0.0,0.2414481915229521,0.0,0.0,0.2723986544353096,0.0,0.0,0.0,0.0,0.0,0.2781834238200624,0.0,0.0,0.0,0.0,0.0,0.0,0.0,0.3507372717748447,0.0,0.0,0.0,0.0,0.0,0.0,0.0,0.0,0.0,0.0,0.0,0.0,0.0,0.0,0.0,0.2925414661261711,0.0,0.7028627522975921,0.0,0.0,0.0,0.0,0.0,0.2958082737200211,0.0
B097ZQTDVZ,399.0,899.0,56.0,500.0,0.5561735261401557,-0.7147962830593281,0.2480988593155893,0,3.4,431,6.068425588244111,20.632647000029976,1.4959999999999998,0.1254752851711026,0,32,1,1,0.9375,0.7706,90,4,2,0.0,0.0,0.0,0.0,4,0.0,0.0,0.0,0.0,0.0,0.195069224465707,0.0,0.0,0.0,0.0,0.0,0.0,0.1795428968010531,0.0,0.0,0.0,0.0,0.0,0.0,0.0,0.0,0.0,0.0,0.0,0.0,0.0,0.0,0.0,0.0,0.0,0.0,0.0,0.0,0.8744140760507925,0.0,0.170690472615568,0.0,0.0,0.0,0.36875077225295,0.0,0.0,0.0,0.0,0.0,0.0,0.0,0.0,0.0,0.0
B0B5F3YZY4,449.0,1099.0,59.0,650.0,0.5914467697907189,0.2865329512893982,0.5953436807095344,0,4.0,242,5.493061443340548,21.972245773362197,1.64,0.0643015521064301,0,31,1,1,0.9032258064516128,0.9971,190,5,1,1.2,0.0,0.0,0.0,0,0.0,0.0,0.0,0.1640208578842361,0.0,0.0,0.305624520621242,0.2091913807269223,0.0,0.0,0.2360069473705763,0.0,0.2721437384714993,0.0,0.0,0.0,0.2410188875601064,0.0,0.0,0.0,0.0,0.0,0.3313502230782332,0.3130049770464466,0.0,0.0,0.0,0.3338088681197214,0.0,0.0,0.0,0.0,0.0,0.0,0.3159554504612181,0.0,0.0,0.0,0.0,0.0,0.2534587351133441,0.0,0.4059748213125633,0.0,0.0,0.0,0.0,0.0,0.0,0.0
B09G5TSGXV,254.0,799.0,68.0,545.0,0.6821026282853567,-0.2722063037249284,0.3148558758314856,0,4.0,2905,7.974532844130228,31.89813137652091,1.2799999999999998,0.3614190687361419,0,35,1,0,0.9428571428571428,0.9452,235,5,1,1.2,0.0,0.0,0.0,0,0.0,0.0,0.0,0.0,0.0,0.0,0.0,0.1972466680785618,0.0,0.3090795538314798,0.0,0.0,0.0,0.2684882693544094,0.0,0.0,0.2272568417973745,0.0,0.0,0.0,0.0,0.0,0.3124303077983286,0.5902651304263098,0.0,0.0,0.0,0.0,0.0,0.3048286462854564,0.0,0.284125142277258,0.0,0.0,0.0,0.0,0.0,0.0,0.2924481967456188,0.0,0.0,0.0,0.1913969412827411,0.0,0.0,0.0,0.0,0.0,0.0,0.0
B006LW0WDQ,399.0,795.0,50.0,396.0,0.4981132075471698,-0.7147962830593281,0.2480988593155893,0,4.4,12091,9.40029935589935,41.36131716595714,2.2,0.5228136882129277,1,8,1,0,1.0,0.9604,73,5,2,1.2,0.0,0.0,0.0,0,0.0,0.0,0.0,0.0,0.0,0.0,0.0,0.0,0.0,0.0,0.0,0.0,0.0,0.0,0.0,0.0,0.0,0.0,0.0,0.0,0.0,0.0,0.0,0.0,0.0,0.0,0.0,0.0,0.0,0.0,0.0,0.0,0.0,0.0,0.0,0.0,0.0,0.0,0.0,0.0,0.0,0.0,0.0,0.0,0.0,0.0,0.0,0.0,0.0,0.0
B09YLX91QR,179.0,399.0,55.0,220.0,0.5513784461152882,-0.4871060171919771,0.1629711751662971,0,4.0,1423,7.261225091971921,29.044900367887685,1.7999999999999998,0.2350332594235033,0,29,1,1,0.896551724137931,0.9475,126,5,1,1.2,0.0,0.0,0.0,0,0.0,0.0,0.0,0.0,0.0,0.0,0.0,0.2245436595273363,0.0,0.0,0.5066543702930348,0.0,0.0,0.3056443950525354,0.0,0.0,0.2587069449988525,0.0,0.0,0.0,0.0,0.0,0.0,0.0,0.0,0.0,0.0,0.0,0.0,0.0,0.0,0.0,0.0,0.0,0.0,0.0,0.3518531125441095,0.0,0.3329201398386961,0.0,0.2720597365137788,0.0,0.2178843882972361,0.0,0.0,0.0,0.0,0.0,0.2750978248401726,0.3173773179777878
B081FJWN52,339.0,999.0,66.0,660.0,0.6606606606606606,-0.0286532951289398,0.458980044345898,0,4.3,6255,8.741296282225147,37.58757401356813,1.4619999999999995,0.4534368070953437,0,29,1,0,0.9310344827586208,0.9772,186,5,1,1.2,0.0,0.0,0.0,0,0.0,0.0,0.0,0.0,0.0,0.0,0.3475343752051097,0.237877496384929,0.0,0.3727468309878859,0.268370243433922,0.0,0.0,0.0,0.0,0.0,0.2740694638328388,0.3336002783071907,0.0,0.0,0.0,0.0,0.0,0.0,0.0,0.0,0.0,0.0,0.0,0.0,0.0,0.0,0.0,0.0,0.359281970718473,0.0,0.0,0.0,0.0,0.0,0.2882151699374189,0.0,0.4616455694951246,0.0,0.0,0.0,0.0,0.0,0.0,0.0
B0758F7KK7,399.0,999.0,60.0,600.0,0.6006006006006006,-0.7147962830593281,0.2480988593155893,0,4.0,1236,7.120444372392488,28.48177748956995,1.6,0.2015209125475285,0,21,1,0,0.9047619047619048,0.9633,262,5,2,1.2,0.0,0.0,0.0,0,0.0,0.0,0.0,0.0,0.0,0.0,0.0,0.0,0.0,0.0,0.0,0.0,0.0,0.0,0.0,0.0,0.0,0.0,0.2869628830913383,0.0,0.0,0.0,0.0,0.0,0.0,0.2956976929687732,0.0,0.0,0.0,0.0,0.0,0.0,0.0,0.0,0.0,0.2686754032944728,0.0,0.0,0.0,0.8706484398225293,0.0,0.0,0.0,0.0,0.0,0.0,0.0,0.0,0.0,0.0
B09L835C3V,199.0,399.0,50.0,200.0,0.5012531328320802,-0.8577555396711937,0.0703422053231939,0,4.2,1335,7.197435354096591,30.22922848720568,2.1,0.211977186311787,0,27,1,1,0.925925925925926,0.7962,153,4,2,1.2,0.0,0.0,0.0,0,0.0,0.0,0.0,0.1423606371306026,0.0,0.0,0.0,0.0,0.0,0.0,0.0,0.0,0.0,0.0,0.0,0.0,0.0,0.0,0.0,0.0,0.0,0.0,0.0,0.0,0.0,0.0,0.0,0.0,0.0,0.0,0.0,0.0,0.0,0.8627786029032504,0.0,0.0,0.0,0.0,0.0,0.4851252738912747,0.0,0.0,0.0,0.0,0.0,0.0,0.0,0.0,0.0,0.0
B098TV3L96,349.0,1999.0,83.0,1650.0,0.8254127063531765,-0.7505360972122945,0.2024714828897338,0,3.8,197,5.288267030694535,20.095414716639237,0.6460000000000001,0.061787072243346,0,14,0,0,0.8571428571428571,0.8883,130,4,2,1.2,0.0,0.0,0.0,0,0.0,0.0,0.0,0.0,0.0,0.0,0.0,0.0,0.0,0.0,0.0,0.0,0.2944827684673286,0.0,0.0,0.0,0.0,0.0,0.0,0.0,0.0,0.0,0.0,0.0,0.0,0.6162415293397493,0.0,0.0,0.0,0.0,0.0,0.0,0.0,0.3585492415603159,0.0,0.5599263888732624,0.0,0.0,0.0,0.3024089235004401,0.0,0.0,0.0,0.0,0.0,0.0,0.0,0.0,0.0,0.0
B08NCKT9FG,299.0,798.0,63.0,499.0,0.62531328320802,-0.1432664756446991,0.3880266075388026,0,4.4,28791,10.267852849758867,45.17855253893902,1.628,0.8592017738359202,1,8,1,1,0.875,0.9882,104,5,1,1.2,0.0,1.1,0.0,0,0.0,0.0,0.0,0.4465650437736429,0.0,0.0,0.0,0.5695468204252402,0.0,0.0,0.0,0.0,0.0,0.0,0.0,0.0,0.0,0.0,0.0,0.0,0.0,0.0,0.0,0.0,0.0,0.0,0.0,0.0,0.0,0.0,0.0,0.0,0.0,0.0,0.0,0.0,0.0,0.0,0.0,0.0,0.6900696204173487,0.0,0.0,0.0,0.0,0.0,0.0,0.0,0.0,0.0
B0B4T6MR8N,89.0,800.0,89.0,711.0,0.88875,-0.7449856733524355,0.0277161862527716,0,3.9,1075,6.98100574072173,27.225922388814745,0.4289999999999999,0.1951219512195122,0,26,1,1,0.9230769230769232,0.7615,129,5,1,1.2,0.0,0.0,0.0,0,0.0,0.0,0.0,0.0,0.0,0.0,0.0,0.3378564418816471,0.0,0.0,0.1905825833284684,0.0,0.0,0.4598835166884176,0.0,0.0,0.0,0.0,0.0,0.0,0.0,0.0,0.0,0.0,0.0,0.0,0.0,0.5391210481979226,0.0,0.0,0.0,0.0,0.0,0.0,0.0,0.0,0.0,0.0,0.2504617901779339,0.0,0.0,0.0,0.4917549953979098,0.0,0.0,0.0,0.0,0.0,0.2069610258992109,0.0
B01GGKZ4NU,549.0,995.0,45.0,446.0,0.4482412060301508,0.5730659025787965,0.6496674057649667,2,4.2,29746,10.300483565552913,43.26203097532223,2.3100000000000005,0.8669623059866962,1,19,1,1,0.8947368421052632,0.9586,108,5,1,0.0,0.0,1.1,0.0,3,0.0,0.3812637576610743,0.0,0.0,0.0,0.0,0.0,0.2524314480722801,0.0,0.0,0.2847898191256872,0.0,0.0,0.0,0.0,0.0,0.0,0.0,0.0,0.0,0.0,0.0,0.0,0.0,0.0,0.0,0.0,0.0,0.0,0.0,0.0,0.0,0.0,0.0,0.0,0.0,0.0,0.0,0.0,0.0,0.6116978176529217,0.0,0.4898902223825062,0.0,0.0,0.0,0.0,0.0,0.309264320498371,0.0
B09BW2GP18,129.0,1000.0,87.0,871.0,0.871,-0.6303724928366762,0.0665188470066518,0,3.9,295,5.69035945432406,22.192401871863837,0.507,0.0709534368070953,0,32,1,1,0.84375,0.9393,109,5,1,1.2,0.0,0.0,0.0,0,0.0,0.0,0.0,0.1580159885649767,0.0,0.0,0.0,0.2015328004696041,0.6208067717379845,0.0,0.0,0.0,0.0,0.2743224681224033,0.0,0.0,0.2321950895264858,0.0,0.0,0.0,0.0,0.0,0.0,0.0,0.0,0.0,0.0,0.0,0.0,0.0,0.0,0.0,0.0,0.0,0.0,0.0,0.0,0.0,0.2988030401555672,0.0,0.4883590185539797,0.0,0.0,0.3034291777841715,0.0,0.0,0.0,0.0,0.0,0.0
B09WN3SRC7,77990.0,139900.0,44.0,61910.0,0.44253037884203,54.746962115797,1.0,1,4.7,5935,8.688790784847216,40.83731668878192,2.632000000000001,0.403041825095057,0,15,1,1,1.0,0.9987,187,4,2,0.0,0.0,0.0,0.0,4,0.0,0.0,0.0,0.2073162379776417,0.0,0.0,0.0,0.0,0.0,0.0,0.0,0.4032259368948838,0.0,0.0,0.0,0.0,0.0,0.0,0.3492781815391689,0.0,0.0,0.396854687864782,0.0,0.0,0.0,0.359909795207163,0.0,0.0,0.0,0.0,0.0,0.0,0.0,0.0,0.0,0.3270194921240978,0.0,0.0,0.0,0.3532379060608745,0.0,0.3920281912223184,0.0,0.0,0.0,0.0,0.0,0.0,0.0,0.0
B09B125CFJ,349.0,799.0,56.0,450.0,0.5632040050062578,-0.7505360972122945,0.2024714828897338,0,3.6,323,5.780743515792329,20.810676656852387,1.584,0.1045627376425855,0,28,1,1,0.8928571428571429,0.9905,67,4,2,0.0,0.0,0.0,0.0,4,0.0,0.0,0.0,0.0,0.0,0.0,0.0,0.0,0.0,0.0,0.0,0.0,0.2972982846210334,0.0,0.0,0.0,0.0,0.0,0.0,0.0,0.0,0.3429977975729475,0.0,0.0,0.0,0.3110666721494022,0.0,0.0,0.0,0.0,0.0,0.0,0.0,0.7239545799086764,0.0,0.2826398905994716,0.0,0.0,0.0,0.3053002207181732,0.0,0.0,0.0,0.0,0.0,0.0,0.0,0.0,0.0,0.0
B09RQRZW2X,499.0,899.0,44.0,400.0,0.4449388209121245,-0.6433166547533953,0.2984790874524715,0,3.7,185,5.225746673713202,19.335262692738848,2.0720000000000005,0.05893536121673,0,26,1,0,0.9230769230769232,0.7469,109,4,2,0.0,0.0,0.0,0.0,4,0.0,0.0,0.0,0.0,0.0,0.0,0.0,0.0,0.0,0.0,0.0,0.0,0.2541929672932236,0.0,0.0,0.0,0.0,0.0,0.2581085561254341,0.0,0.0,0.0,0.0,0.0,0.0,0.2659650745058175,0.0,0.0,0.0,0.0,0.0,0.0,0.0,0.6189883102994741,0.0,0.2416598957457585,0.0,0.0,0.0,0.5220694032496823,0.0,0.2896998316670146,0.0,0.0,0.0,0.0,0.0,0.0,0.0,0.0
B07924P3C5,299.0,799.0,63.0,500.0,0.6257822277847309,-0.1432664756446991,0.3880266075388026,0,4.2,2117,7.658227526161352,32.16455560987768,1.554,0.29490022172949,0,18,1,0,0.8333333333333334,0.9442,94,5,1,1.2,0.0,0.0,0.0,0,0.0,0.0,0.0,0.0,0.0,0.0,0.0,0.2618723005915483,0.0,0.0,0.0,0.0,0.0,0.0,0.0,0.0,0.0,0.0,0.0,0.0,0.0,0.0,0.0,0.0,0.0,0.0,0.0,0.8357447228333352,0.0,0.0,0.0,0.0,0.0,0.0,0.0,0.0,0.4103459623227774,0.0,0.0,0.0,0.0,0.0,0.2541059771916344,0.0,0.0,0.0,0.0,0.0,0.0,0.0
B08N1WL9XW,182.0,599.0,70.0,417.0,0.6961602671118531,-0.4785100286532951,0.1751662971175166,0,4.0,9378,9.14622842650894,36.58491370603576,1.2000000000000002,0.5676274944567627,0,30,1,1,0.9,0.9817,106,5,1,1.2,0.0,0.0,0.0,0,0.0,0.0,0.0,0.0,0.0,0.0,0.0,0.4895444199268725,0.0,0.0,0.1840991787006445,0.0,0.0,0.0,0.0,0.0,0.1880087842561981,0.0,0.0,0.0,0.0,0.0,0.0,0.488324262022543,0.0,0.0,0.0,0.5207807579269094,0.0,0.0,0.0,0.0,0.0,0.0,0.0,0.0,0.0,0.0,0.0,0.0,0.3954251812392901,0.0,0.158342014948035,0.0,0.0,0.0,0.0,0.0,0.0,0.0
B07VVXJ2P5,96.0,399.0,76.0,303.0,0.7593984962406015,-0.9313795568263044,0.0114068441064638,0,3.6,1796,7.493873886783559,26.97794599242081,0.864,0.2547528517110266,0,12,0,1,0.9166666666666666,-0.4109,60,5,2,0.0,0.0,0.0,0.0,4,0.0,0.0,0.0,0.4436305792849523,0.0,0.0,0.0,0.0,0.0,0.0,0.0,0.0,0.0,0.0,0.0,0.0,0.0,0.0,0.0,0.0,0.0,0.0,0.0,0.0,0.0,0.0,0.0,0.0,0.0,0.0,0.0,0.0,0.0,0.8962097461662072,0.0,0.0,0.0,0.0,0.0,0.0,0.0,0.0,0.0,0.0,0.0,0.0,0.0,0.0,0.0,0.0
B0BC8BQ432,54990.0,85000.0,35.0,30010.0,0.3530588235294117,38.30664760543245,0.9961977186311788,1,4.3,3587,8.185350223178686,35.197005959668346,2.795,0.3469581749049429,0,15,1,0,0.9333333333333332,0.995,205,4,2,0.0,0.0,0.0,0.0,4,0.0,0.0,0.0,0.0,0.0,0.0,0.0,0.0,0.0,0.0,0.0,0.4456042718134472,0.0,0.0,0.0,0.0,0.0,0.4097811321043598,0.0,0.0,0.0,0.4385634157453498,0.0,0.0,0.0,0.3977356800180819,0.0,0.0,0.0,0.0,0.0,0.0,0.0,0.0,0.0,0.3613886640797856,0.0,0.0,0.0,0.3903625870877356,0.0,0.0,0.0,0.0,0.0,0.0,0.0,0.0,0.0,0.0
B06XFTHCNY,439.0,758.0,42.0,319.0,0.420844327176781,-0.686204431736955,0.2699619771863117,0,4.2,4296,8.365672383774996,35.135824011854986,2.4360000000000004,0.3612167300380228,0,26,1,1,0.8076923076923077,0.9779,182,5,2,0.0,0.0,0.0,0.0,4,0.0,0.0,0.0,0.1797078191359475,0.0,0.0,0.0,0.91679381018738,0.0,0.0,0.0,0.0,0.0,0.0,0.0,0.0,0.0,0.0,0.0,0.0,0.3566429718128596,0.0,0.0,0.0,0.0,0.0,0.0,0.0,0.0,0.0,0.0,0.0,0.0,0.0,0.0,0.0,0.0,0.0,0.0,0.0,0.0,0.0,0.0,0.0,0.0,0.0,0.0,0.0,0.0,0.0
B08CT62BM1,299.0,999.0,70.0,700.0,0.7007007007007007,-0.1432664756446991,0.3880266075388026,0,4.3,2651,7.883069351305753,33.89719821061474,1.29,0.3292682926829268,0,37,1,0,0.972972972972973,0.9472,187,5,1,1.2,0.0,0.0,0.0,0,0.3134460558530856,0.0,0.0,0.0,0.0,0.0,0.0,0.4327763716809619,0.0,0.3390737323245478,0.2441262876596924,0.0,0.2815062917557159,0.2945433253245687,0.0,0.0,0.2493106534848272,0.3034635899394224,0.0,0.0,0.0,0.0,0.0,0.0,0.0,0.0,0.0,0.0,0.0,0.0,0.0,0.0,0.0,0.0,0.3268252568252973,0.0,0.0,0.0,0.0,0.0,0.2621784687591629,0.0,0.2099707807641837,0.0,0.0,0.0,0.0,0.0,0.0,0.0
B07CRL2GY6,299.0,799.0,63.0,500.0,0.6257822277847309,-0.1432664756446991,0.3880266075388026,0,4.2,94363,11.454914923466722,48.11064267856023,1.554,0.9656319290465633,1,9,1,1,1.0,0.8316,111,5,1,1.2,0.0,1.1,0.0,0,0.0,0.0,0.0,0.0,0.0,0.0,0.5125996755473717,0.3508600477146207,0.0,0.0,0.0,0.0,0.0,0.0,0.0,0.0,0.0,0.0,0.0,0.0,0.0,0.0,0.0,0.0,0.0,0.0,0.0,0.5598710376549275,0.0,0.0,0.0,0.0,0.0,0.0,0.0,0.0,0.0,0.0,0.0,0.0,0.0,0.0,0.3404546226562788,0.0,0.0,0.0,0.0,0.0,0.4298533129494165,0.0
B07DWFX9YS,789.0,1999.0,61.0,1210.0,0.6053026513256629,1.2607449856733524,0.7516629711751663,2,4.2,34540,10.44990230322135,43.88958967352967,1.638,0.893569844789357,1,16,1,1,0.875,0.935,135,5,1,1.2,0.0,1.1,0.0,0,0.0,0.0,0.0,0.400686559872744,0.0,0.0,0.0,0.5110336318180898,0.0,0.0,0.5765413805768936,0.0,0.0,0.0,0.0,0.0,0.0,0.0,0.0,0.0,0.0,0.0,0.0,0.0,0.0,0.0,0.0,0.0,0.0,0.0,0.0,0.0,0.0,0.0,0.0,0.0,0.0,0.0,0.0,0.0,0.0,0.0,0.4958779531000028,0.0,0.0,0.0,0.0,0.0,0.0,0.0
B01D5H90L4,299.0,700.0,57.0,401.0,0.5728571428571428,-0.7862759113652609,0.1577946768060836,0,4.4,8714,9.07280095795412,39.92032421499813,1.8920000000000003,0.4714828897338403,0,12,1,0,0.9166666666666666,0.996,113,5,2,1.2,0.0,0.0,0.0,0,0.0,0.0,0.0,0.0,0.0,0.0,0.0,0.5379615156792847,0.0,0.0,0.0,0.0,0.0,0.0,0.0,0.0,0.0,0.0,0.0,0.0,0.0,0.0,0.0,0.0,0.0,0.0,0.0,0.0,0.0,0.0,0.0,0.0,0.0,0.0,0.0,0.0,0.8429693989985916,0.0,0.0,0.0,0.0,0.0,0.0,0.0,0.0,0.0,0.0,0.0,0.0,0.0
B07F1P8KNV,325.0,1099.0,70.0,774.0,0.7042766151046406,-0.0687679083094555,0.4290465631929046,0,4.2,10576,9.266437111328052,38.91903586757782,1.2600000000000002,0.6053215077605322,1,19,1,1,0.9473684210526316,0.958,116,5,1,1.2,0.0,0.0,0.0,0,0.0,0.0,0.0,0.2242690200189032,0.0,0.0,0.4178865579513626,0.2860315849898815,0.0,0.4482028291356077,0.0,0.0,0.0,0.0,0.0,0.0,0.3295499756335947,0.0,0.0,0.0,0.0,0.0,0.0,0.0,0.0,0.0,0.0,0.0,0.0,0.0,0.0,0.0,0.0,0.0,0.4320122462387066,0.0,0.0,0.0,0.0,0.0,0.3465592295537164,0.0,0.277548771853084,0.0,0.0,0.0,0.0,0.0,0.0,0.0
B084N1BM9L,1299.0,1999.0,35.0,700.0,0.3501750875437719,2.722063037249284,0.8758314855875832,2,4.4,7318,8.898228985601227,39.1522075366454,2.8600000000000003,0.4844789356984479,0,23,1,1,0.8695652173913043,0.899,11,5,1,0.0,0.0,0.0,0.0,4,0.0,0.0,0.0,0.2094842071650686,0.0,0.0,0.3903376144863971,0.2671751087186398,0.4115065050102847,0.0,0.0,0.0,0.0,0.0,0.0,0.0,0.0,0.0,0.0,0.0,0.0,0.0,0.4231939746620696,0.3997637879785606,0.0,0.0,0.0,0.0,0.0,0.0,0.0,0.0,0.0,0.0,0.0,0.0,0.0,0.0,0.3961277496913679,0.0,0.0,0.0,0.2592515204123206,0.0,0.0,0.0,0.0,0.0,0.0,0.0
B09F6D21BY,790.0,1999.0,60.0,1209.0,0.6048024012006002,-0.4353109363831308,0.3726235741444867,2,3.0,103,4.6443908991413725,13.933172697424116,1.2000000000000002,0.0323193916349809,0,24,1,0,0.9166666666666666,-0.5267,77,4,2,0.0,0.0,0.0,0.0,4,0.0,0.0,0.0,0.0,0.0,0.0,0.0,0.0,0.0,0.0,0.0,0.0,0.2880539438369813,0.0,0.0,0.0,0.0,0.0,0.0,0.0,0.0,0.0,0.0,0.0,0.0,0.0,0.0,0.0,0.0,0.0,0.0,0.0,0.0,0.7014435759942679,0.0,0.2738513452124733,0.0,0.0,0.0,0.5916141275034378,0.0,0.0,0.0,0.0,0.0,0.0,0.0,0.0,0.0,0.0
B09LQQYNZQ,4699.0,4699.0,0.0,0.0,0.0,2.3588277340957826,0.7243346007604563,3,4.5,224,5.41610040220442,24.37245180991989,4.5,0.0722433460076045,0,5,1,0,1.0,-0.9808,10,4,2,0.0,0.0,0.0,0.0,4,0.0,0.0,0.0,0.0,0.0,0.0,0.0,0.0,0.0,0.0,0.0,0.0,0.0,0.0,0.0,0.0,0.0,0.0,0.0,0.0,0.0,0.0,0.0,0.0,0.0,0.0,0.0,0.0,0.0,0.0,0.0,0.0,0.0,0.0,0.0,0.6793491490318265,0.0,0.0,0.0,0.7338151904326683,0.0,0.0,0.0,0.0,0.0,0.0,0.0,0.0,0.0,0.0
B0BC9BW512,18999.0,24990.0,24.0,5991.0,0.2397358943577431,12.580414581844174,0.9039923954372624,1,4.3,4702,8.455955881945048,36.3606102923637,3.268,0.3745247148288973,0,15,1,1,1.0,0.9986,195,4,2,0.0,1.4,0.0,0.0,2,0.0,0.0,0.0,0.2253551997084443,0.0,0.0,0.0,0.0,0.0,0.0,0.0,0.4383113567127867,0.0,0.0,0.0,0.0,0.0,0.0,0.3796695093562833,0.0,0.0,0.4313857337535005,0.0,0.0,0.0,0.3912261990046465,0.0,0.0,0.0,0.0,0.0,0.0,0.0,0.0,0.0,0.3554740510201999,0.0,0.0,0.0,0.3839737766876036,0.0,0.0,0.0,0.0,0.0,0.0,0.0,0.0,0.0,0.0
B0B61HYR92,199.0,999.0,80.0,800.0,0.8008008008008008,-0.4297994269340974,0.2139689578713969,0,4.2,85,4.454347296253507,18.70825864426473,0.8399999999999999,0.0266075388026607,0,11,1,1,1.0,0.7956,28,5,1,1.2,0.0,0.0,1.0,0,0.0,0.0,0.0,0.2880522433574615,0.0,0.0,0.0,0.7347607772173,0.0,0.0,0.0,0.0,0.0,0.5000709299332771,0.0,0.0,0.0,0.0,0.0,0.0,0.0,0.0,0.0,0.0,0.0,0.0,0.0,0.0,0.0,0.0,0.0,0.0,0.0,0.0,0.0,0.0,0.0,0.0,0.0,0.0,0.0,0.0,0.3564850212777957,0.0,0.0,0.0,0.0,0.0,0.0,0.0
B075ZTJ9XR,269.0,650.0,59.0,381.0,0.5861538461538461,-0.8077197998570408,0.1311787072243346,0,4.4,35877,10.487879573259036,46.14667012233976,1.8040000000000005,0.8212927756653993,1,17,1,1,0.9411764705882352,0.9097,92,5,2,1.2,0.0,1.1,0.0,0,0.0,0.0,0.0,0.3147730354841249,0.0,0.0,0.5865251487845974,0.4014599530689149,0.0,0.0,0.0,0.0,0.0,0.0,0.0,0.0,0.0,0.0,0.0,0.0,0.0,0.0,0.0,0.0,0.0,0.0,0.0,0.0,0.0,0.0,0.0,0.0,0.0,0.0,0.0,0.0,0.6290755853291561,0.0,0.0,0.0,0.0,0.0,0.0,0.0,0.0,0.0,0.0,0.0,0.0,0.0
B0978V2CP6,1990.0,3100.0,36.0,1110.0,0.3580645161290323,0.4224446032880629,0.6064638783269962,2,4.0,897,6.8001700683022,27.2006802732088,2.56,0.1768060836501901,0,28,1,1,0.8928571428571429,0.7772,241,3,2,0.0,0.0,0.0,0.0,4,0.0,0.4580369600174677,0.0,0.0,0.0,0.4286408404480279,0.0,0.0,0.0,0.0,0.0,0.0,0.0,0.0,0.4686671998108971,0.0,0.0,0.0,0.0,0.0,0.4718896447971283,0.0,0.0,0.0,0.0,0.0,0.0,0.0,0.0,0.0,0.0,0.0,0.0,0.0,0.0,0.0,0.0,0.0,0.0,0.4051424343519419,0.0,0.0,0.0,0.0,0.0,0.0,0.0,0.0,0.0,0.0
B09LRZYBH1,2299.0,3999.0,43.0,1700.0,0.4251062765691423,0.6433166547533953,0.658745247148289,3,3.8,282,5.645446897643238,21.452698211044304,2.166,0.0874524714828897,0,20,0,1,0.95,0.9617,127,4,2,0.0,0.0,0.0,0.0,4,0.0,0.0,0.0,0.0,0.0,0.4055288405499096,0.0,0.0,0.0,0.0,0.0,0.0,0.0,0.0,0.4433970079575984,0.0,0.0,0.0,0.0,0.0,0.446445701072413,0.0,0.0,0.0,0.0,0.3905370992986584,0.0,0.4578263031695471,0.0,0.0,0.0,0.0,0.0,0.0,0.0,0.0,0.0,0.0,0.0,0.0,0.0,0.0,0.2784017582702251,0.0,0.0,0.0,0.0,0.0,0.0,0.0
B0B997FBZT,35999.0,49990.0,28.0,13991.0,0.279875975195039,24.731951393852757,0.9790874524714828,1,4.3,1611,7.385230923066573,31.756492969186265,3.096,0.2385931558935361,0,16,1,1,1.0,0.9983,209,4,2,0.0,1.4,0.0,0.0,2,0.0,0.0,0.0,0.2073162379776417,0.0,0.0,0.0,0.0,0.0,0.0,0.0,0.4032259368948838,0.0,0.0,0.0,0.0,0.0,0.0,0.3492781815391689,0.0,0.0,0.396854687864782,0.0,0.0,0.0,0.359909795207163,0.0,0.0,0.0,0.0,0.0,0.0,0.0,0.0,0.0,0.3270194921240978,0.0,0.0,0.0,0.3532379060608745,0.0,0.3920281912223184,0.0,0.0,0.0,0.0,0.0,0.0,0.0,0.0
B098LCVYPW,349.0,999.0,65.0,650.0,0.6506506506506506,-0.7505360972122945,0.2024714828897338,0,4.2,513,6.2422232654551655,26.217337714911697,1.47,0.1425855513307984,0,19,1,1,0.8421052631578947,0.8874,106,4,2,1.2,0.0,0.0,0.0,0,0.0,0.0,0.0,0.3051791220544995,0.0,0.0,0.0,0.0,0.0,0.0,0.0,0.0,0.5063538153054838,0.0,0.0,0.0,0.0,0.0,0.0,0.0,0.0,0.0,0.0,0.0,0.0,0.0,0.0,0.0,0.0,0.0,0.0,0.0,0.0,0.6165140914148118,0.0,0.0,0.0,0.0,0.0,0.5199825884340684,0.0,0.0,0.0,0.0,0.0,0.0,0.0,0.0,0.0,0.0
B09HV71RL1,719.0,1499.0,52.0,780.0,0.5203468979319547,1.0601719197707735,0.7394678492239468,2,4.1,1045,6.952728644624869,28.50618744296196,1.968,0.1873614190687361,0,45,1,1,0.9555555555555556,0.9145,268,5,1,1.2,0.0,0.0,0.0,0,0.0,0.0,0.0,0.0774651003234948,0.0,0.0,0.1443428260078618,0.0987986010063351,0.0,0.0,0.1114632741892307,0.0,0.0,0.0,0.0,0.0,0.1138303539289997,0.0,0.0,0.0,0.0,0.0,0.0,0.2956570555894712,0.0,0.0,0.0,0.0,0.3129855385963649,0.0,0.0,0.8538902129349579,0.0,0.0,0.0,0.0,0.0,0.0,0.0,0.0,0.1197055459695186,0.0,0.0958685397316566,0.0,0.0,0.0,0.0,0.0,0.0,0.0
B08PZ6HZLT,8999.0,18999.0,53.0,10000.0,0.5263434917627243,5.432451751250894,0.779467680608365,1,4.0,6347,8.7558950816463,35.0235803265852,1.88,0.4163498098859315,0,13,1,1,1.0,0.9643,144,4,2,1.2,0.0,0.0,0.0,0,0.0,0.0,0.0,0.2253551997084443,0.0,0.0,0.0,0.0,0.0,0.0,0.0,0.4383113567127867,0.0,0.0,0.0,0.0,0.0,0.0,0.3796695093562833,0.0,0.0,0.4313857337535005,0.0,0.0,0.0,0.3912261990046465,0.0,0.0,0.0,0.0,0.0,0.0,0.0,0.0,0.0,0.3554740510201999,0.0,0.0,0.0,0.3839737766876036,0.0,0.0,0.0,0.0,0.0,0.0,0.0,0.0,0.0,0.0
B075TJHWVC,917.0,2299.0,60.0,1382.0,0.6011309264897782,-0.3445318084345961,0.4068441064638783,2,4.2,3300,8.101980731853192,34.02831907378341,1.6800000000000002,0.3269961977186312,0,18,1,0,0.8888888888888888,0.8052,61,4,2,1.2,0.0,0.0,0.0,0,0.0,0.0,0.0,0.0,0.0,0.0,0.0,0.0,0.0,0.0,0.0,0.0,0.0,0.0,0.0,0.0,0.0,0.0,0.5430058811576002,0.0,0.0,0.0,0.0,0.0,0.0,0.0,0.0,0.0,0.0,0.6352683291818023,0.0,0.0,0.0,0.0,0.0,0.0,0.0,0.0,0.0,0.5491618731911563,0.0,0.0,0.0,0.0,0.0,0.0,0.0,0.0,0.0,0.0
B09LV13JFB,399.0,999.0,60.0,600.0,0.6006006006006006,-0.7147962830593281,0.2480988593155893,0,3.3,23,3.1780538303479458,10.48757764014822,1.32,0.0076045627376425,0,19,0,1,0.8947368421052632,-0.7479,33,4,2,0.0,0.0,0.0,0.0,4,0.0,0.0,0.0,0.2231758205388343,0.0,0.0,0.0,0.0,0.0,0.0,0.0,0.0,0.3702937719100911,0.0,0.0,0.0,0.0,0.0,0.0,0.0,0.0,0.0,0.0,0.0,0.0,0.0,0.0,0.0,0.0,0.0,0.0,0.0,0.0,0.9017067569955408,0.0,0.0,0.0,0.0,0.0,0.0,0.0,0.0,0.0,0.0,0.0,0.0,0.0,0.0,0.0,0.0
B092BL5DCX,45999.0,69900.0,34.0,23901.0,0.341931330472103,31.879914224446036,0.988593155893536,1,4.3,7109,8.869257522797287,38.13780734802833,2.838,0.4363117870722433,0,15,1,1,1.0,0.998,182,4,2,0.0,1.4,0.0,0.0,2,0.0,0.0,0.0,0.1925310275155909,0.0,0.0,0.0,0.0,0.0,0.0,0.0,0.3744689982252201,0.0,0.0,0.0,0.0,0.0,0.0,0.3243686449093565,0.0,0.0,0.3685521287397942,0.0,0.0,0.0,0.3342420418203521,0.0,0.0,0.0,0.0,0.0,0.0,0.0,0.0,0.3708749503638351,0.3036973825613671,0.0,0.0,0.0,0.3280459730254729,0.0,0.3640698442504611,0.0,0.0,0.0,0.0,0.0,0.0,0.0,0.0
B09VH568H7,119.0,299.0,60.0,180.0,0.6020066889632107,-0.6590257879656161,0.0576496674057649,0,3.8,51,3.951243718581428,15.014726130609423,1.52,0.0110864745011086,0,16,1,0,1.0,0.4939,65,5,1,1.2,0.0,0.0,0.0,0,0.0,0.0,0.0,0.0,0.0,0.0,0.0,0.3566286447165585,0.0,0.0,0.4023437174705198,0.0,0.0,0.485435868473178,0.0,0.0,0.4108880534320758,0.0,0.0,0.0,0.0,0.0,0.0,0.0,0.0,0.0,0.0,0.0,0.0,0.0,0.0,0.0,0.0,0.0,0.0,0.0,0.0,0.0,0.0,0.0,0.4320954567102397,0.0,0.3460521408928045,0.0,0.0,0.0,0.0,0.0,0.0,0.0
B09HQSV46W,21999.0,29999.0,27.0,8000.0,0.2666755558518617,14.724803431022158,0.9230038022813688,1,4.2,32840,10.399433013772668,43.6776186578452,3.066,0.8041825095057035,1,16,1,1,1.0,0.9647,184,4,2,0.0,0.0,1.1,0.0,3,0.0,0.0,0.0,0.2411025344732716,0.0,0.0,0.0,0.0,0.0,0.0,0.0,0.4689396079105035,0.0,0.0,0.0,0.0,0.0,0.0,0.4061999948812066,0.0,0.0,0.4615300373727458,0.0,0.0,0.0,0.4185642410487957,0.0,0.0,0.0,0.0,0.0,0.0,0.0,0.0,0.0,0.0,0.0,0.0,0.0,0.410805035119792,0.0,0.0,0.0,0.0,0.0,0.0,0.0,0.0,0.0,0.0
B08TZD7FQN,299.0,599.0,50.0,300.0,0.5008347245409015,-0.7862759113652609,0.1577946768060836,0,3.7,708,6.563855526532128,24.286265448168876,1.85,0.1653992395437262,0,10,1,0,0.9,0.8676,52,4,2,0.0,0.0,0.0,0.0,4,0.0,0.0,0.0,0.0,0.0,0.0,0.0,0.0,0.0,0.0,0.0,0.0,0.4724012397468218,0.0,0.0,0.0,0.0,0.0,0.0,0.0,0.0,0.0,0.0,0.0,0.0,0.494278941954243,0.0,0.0,0.0,0.0,0.0,0.0,0.0,0.5751749316434713,0.0,0.4491093343888409,0.0,0.0,0.0,0.0,0.0,0.0,0.0,0.0,0.0,0.0,0.0,0.0,0.0,0.0
B0B21XL94T,21990.0,34990.0,37.0,13000.0,0.3715347242069162,14.718370264474624,0.9201520912547528,1,4.3,1657,7.41336733569524,31.87747954348953,2.709,0.2433460076045627,0,15,1,1,1.0,0.8991,225,4,2,0.0,0.0,0.0,0.0,4,0.0,0.0,0.0,0.0,0.0,0.0,0.0,0.0,0.0,0.0,0.0,0.4498838668996123,0.0,0.0,0.0,0.0,0.0,0.0,0.389693728891922,0.0,0.0,0.442775390265606,0.0,0.0,0.0,0.4015555438961161,0.0,0.0,0.0,0.0,0.0,0.0,0.0,0.0,0.0,0.3648594502656934,0.0,0.0,0.0,0.3941116395883426,0.0,0.0,0.0,0.0,0.0,0.0,0.0,0.0,0.0,0.0
B09PTT8DZF,417.44,670.0,38.0,252.56,0.376955223880597,0.1961031518624642,0.5809312638580931,0,3.9,523,6.261491684321042,24.419817568852064,2.418,0.1197339246119734,0,26,1,0,0.8846153846153846,0.3612,91,5,1,0.0,0.0,0.0,0.0,4,0.0,0.0,0.0,0.0,0.0,0.0,0.4223858740570869,0.2891112402039661,0.0,0.0,0.3261714752011204,0.0,0.0,0.393532510786713,0.0,0.0,0.3330981862299783,0.4054506696073109,0.0,0.0,0.0,0.0,0.0,0.0,0.0,0.0,0.0,0.0,0.0,0.0,0.0,0.0,0.0,0.0,0.0,0.0,0.0,0.0,0.0,0.0,0.3502905760003755,0.0,0.2805370940078921,0.0,0.0,0.0,0.0,0.0,0.0,0.0
B0B3XXSB1K,47990.0,79990.0,40.0,32000.0,0.4000500062507813,33.30307362401715,0.9933460076045628,1,4.3,1376,7.227662498728654,31.07894874453321,2.58,0.2167300380228136,0,14,1,1,1.0,0.9682,187,4,2,0.0,0.0,0.0,0.0,4,0.0,0.0,0.0,0.2073162379776417,0.0,0.0,0.0,0.0,0.0,0.0,0.0,0.4032259368948838,0.0,0.0,0.0,0.0,0.0,0.0,0.3492781815391689,0.0,0.0,0.396854687864782,0.0,0.0,0.0,0.359909795207163,0.0,0.0,0.0,0.0,0.0,0.0,0.0,0.0,0.0,0.3270194921240978,0.0,0.0,0.0,0.3532379060608745,0.0,0.3920281912223184,0.0,0.0,0.0,0.0,0.0,0.0,0.0,0.0
B08RZ12GKR,215.0,499.0,57.0,284.0,0.5691382765531062,-0.8463187991422445,0.091254752851711,0,3.5,121,4.804021044733257,16.8140736565664,1.505,0.0418250950570342,0,8,0,0,1.0,0.8922,8,4,2,0.0,0.0,0.0,0.0,4,0.0,0.0,0.0,0.0,0.0,0.0,0.0,0.0,0.0,0.0,0.0,0.0,0.0,0.0,0.0,0.0,0.0,0.0,0.537556129382357,0.0,0.0,0.0,0.0,0.0,0.0,0.0,0.0,0.0,0.0,0.0,0.0,0.0,0.0,0.6445756103796246,0.0,0.0,0.0,0.0,0.0,0.543650338238829,0.0,0.0,0.0,0.0,0.0,0.0,0.0,0.0,0.0,0.0
B0B4T8RSJ1,99.0,800.0,88.0,701.0,0.87625,-0.7163323782234957,0.0376940133037694,0,3.9,1075,6.98100574072173,27.225922388814745,0.4679999999999999,0.1951219512195122,0,27,1,1,0.925925925925926,0.7615,125,5,1,1.2,0.0,0.0,0.0,0,0.0,0.0,0.0,0.0,0.0,0.0,0.0,0.360788808880635,0.0,0.0,0.2035185798131369,0.0,0.0,0.491098601778251,0.0,0.0,0.0,0.0,0.0,0.0,0.0,0.0,0.0,0.0,0.0,0.0,0.0,0.0,0.0,0.0,0.0,0.0,0.0,0.0,0.0,0.0,0.0,0.0,0.2674621518096234,0.0,0.4371359604978557,0.0,0.5251333911604535,0.0,0.0,0.0,0.0,0.0,0.2210087266740575,0.0
B0B7B9V9QP,18999.0,35000.0,46.0,16001.0,0.4571714285714285,12.580414581844174,0.9039923954372624,1,4.0,1001,6.90975328164481,27.63901312657924,2.16,0.1863117870722433,0,14,1,1,1.0,0.9787,187,4,2,1.2,0.0,0.0,0.0,0,0.0,0.0,0.0,0.2253551997084443,0.0,0.0,0.0,0.0,0.0,0.0,0.0,0.4383113567127867,0.0,0.0,0.0,0.0,0.0,0.0,0.3796695093562833,0.0,0.0,0.4313857337535005,0.0,0.0,0.0,0.3912261990046465,0.0,0.0,0.0,0.0,0.0,0.0,0.0,0.0,0.0,0.3554740510201999,0.0,0.0,0.0,0.3839737766876036,0.0,0.0,0.0,0.0,0.0,0.0,0.0,0.0,0.0,0.0
B08XXVXP3J,249.0,999.0,75.0,750.0,0.7507507507507507,-0.2865329512893982,0.3015521064301552,0,4.3,112,4.727387818712341,20.327767620463064,1.075,0.0332594235033259,0,18,1,1,0.8888888888888888,-0.6542,103,5,1,1.2,0.0,0.0,1.0,0,0.0,0.0,0.0,0.2938039827293432,0.0,0.0,0.0,0.3747161281987608,0.0,0.0,0.0,0.0,0.0,0.0,0.0,0.0,0.0,0.0,0.0,0.0,0.0,0.0,0.0,0.0,0.5443275912131769,0.0,0.0,0.0,0.0,0.0,0.0,0.0,0.0,0.0,0.0,0.0,0.587168821888558,0.0,0.0,0.0,0.0,0.0,0.3636032054949035,0.0,0.0,0.0,0.0,0.0,0.0,0.0
B06XGWRKYT,7999.0,15999.0,50.0,8000.0,0.500031251953247,4.717655468191565,0.7633079847908745,3,3.8,3022,8.014004994779459,30.453218980161942,1.9,0.3136882129277566,0,12,1,1,1.0,0.8153,96,4,2,1.2,0.0,0.0,0.0,0,0.0,0.0,0.0,0.2411025344732716,0.0,0.0,0.0,0.0,0.0,0.0,0.0,0.4689396079105035,0.0,0.0,0.0,0.0,0.0,0.0,0.4061999948812066,0.0,0.0,0.4615300373727458,0.0,0.0,0.0,0.4185642410487957,0.0,0.0,0.0,0.0,0.0,0.0,0.0,0.0,0.0,0.0,0.0,0.0,0.0,0.410805035119792,0.0,0.0,0.0,0.0,0.0,0.0,0.0,0.0,0.0,0.0
B07CWDX49D,649.0,1600.0,59.0,951.0,0.594375,0.8595988538681948,0.7106430155210643,2,4.3,5451,8.603737792816423,36.99607250911062,1.763,0.4334811529933481,0,17,1,0,0.9411764705882352,0.9663,144,5,1,1.2,0.0,0.0,0.0,0,0.0,0.3840200780127474,0.0,0.0,0.0,0.0,0.3714636100762059,0.2542563840221126,0.0,0.0,0.2868486877137244,0.0,0.0,0.0,0.0,0.0,0.0,0.3565700907407506,0.0,0.0,0.0,0.0,0.0,0.0,0.0,0.0,0.0,0.0,0.0,0.0,0.0,0.0,0.0,0.0,0.0,0.0,0.0,0.0,0.0,0.0,0.6161200453364919,0.0,0.2467159251788219,0.0,0.0,0.0,0.0,0.0,0.0,0.0
B09TY4MSH3,1289.0,2499.0,48.0,1210.0,0.4841936774709884,-0.078627591136526,0.4667300380228137,2,3.3,73,4.30406509320417,14.20341480757376,1.716,0.0275665399239543,0,2,0,0,1.0,0.8903,147,4,2,0.0,0.0,0.0,0.0,4,0.0,0.0,0.0,0.0,0.0,0.0,0.0,0.0,0.0,0.0,0.0,0.0,0.0,0.0,0.0,0.0,0.0,0.0,0.0,0.0,0.0,0.0,0.0,0.0,0.0,0.0,0.0,0.0,0.0,0.0,0.0,0.0,0.0,1.0,0.0,0.0,0.0,0.0,0.0,0.0,0.0,0.0,0.0,0.0,0.0,0.0,0.0,0.0,0.0,0.0
B07RY2X9MP,609.0,1500.0,59.0,891.0,0.594,-0.5646890636168692,0.3479087452471482,2,4.5,1029,6.937314081223682,31.21791336550657,1.845,0.188212927756654,0,13,1,0,0.9230769230769232,0.9812,78,5,2,1.2,0.0,0.0,0.0,0,0.7254109400225123,0.0,0.0,0.0,0.0,0.0,0.3658215205887128,0.2503945325984297,0.0,0.0,0.0,0.0,0.0,0.0,0.0,0.0,0.0,0.3511542160602936,0.0,0.0,0.0,0.0,0.0,0.0,0.0,0.0,0.0,0.0,0.0,0.0,0.0,0.0,0.0,0.0,0.0,0.0,0.3923606475651088,0.0,0.0,0.0,0.0,0.0,0.0,0.0,0.0,0.0,0.0,0.0,0.0,0.0
B0B2C5MJN6,32990.0,54990.0,40.0,22000.0,0.4000727404982724,22.581129378127237,0.9657794676806084,1,4.1,1555,7.349873704738337,30.134482189427175,2.4599999999999995,0.2338403041825095,0,16,1,1,1.0,0.9803,209,4,2,0.0,0.0,0.0,0.0,4,0.0,0.0,0.0,0.2073162379776417,0.0,0.0,0.0,0.0,0.0,0.0,0.0,0.4032259368948838,0.0,0.0,0.0,0.0,0.0,0.0,0.3492781815391689,0.0,0.0,0.396854687864782,0.0,0.0,0.0,0.359909795207163,0.0,0.0,0.0,0.0,0.0,0.0,0.0,0.0,0.0,0.3270194921240978,0.0,0.0,0.0,0.3532379060608745,0.0,0.3920281912223184,0.0,0.0,0.0,0.0,0.0,0.0,0.0,0.0
B0BBMGLQDW,599.0,1999.0,70.0,1400.0,0.7003501750875438,-0.5718370264474625,0.3365019011406844,2,4.2,47,3.871201010907891,16.259044245813143,1.2600000000000002,0.0228136882129277,0,37,1,0,0.8918918918918919,0.8591,305,5,2,1.2,0.0,0.0,1.0,0,0.0,0.0,0.0,0.0,0.0,0.0,0.3737234139740156,0.7674094685232173,0.0,0.0,0.0,0.0,0.3327824836386881,0.0,0.0,0.0,0.0,0.0,0.0,0.0,0.0,0.0,0.0,0.0,0.0,0.0,0.0,0.0,0.0,0.0,0.0,0.0,0.0,0.0,0.0,0.0,0.4008357968692241,0.0,0.0,0.0,0.0,0.0,0.0,0.0,0.0,0.0,0.0,0.0,0.0,0.0
B01LONQBDG,349.0,899.0,61.0,550.0,0.6117908787541713,0.0,0.4866962305986696,0,4.1,14896,9.608915129379591,39.39655203045633,1.599,0.6940133037694013,1,14,1,1,0.9285714285714286,0.9903,109,5,1,1.2,0.0,0.0,0.0,0,0.0,0.0,0.0,0.0,0.0,0.0,0.0,0.3209226797632196,0.0,0.0,0.0,0.0,0.0,0.0,0.0,0.0,0.0,0.0,0.0,0.0,0.0,0.4816747692939226,0.0,0.0,0.0,0.0,0.0,0.512099667364169,0.0,0.0,0.0,0.0,0.0,0.0,0.0,0.0,0.0,0.0,0.0,0.0,0.3888336899891313,0.0,0.3114051045489718,0.0,0.0,0.0,0.0,0.0,0.3931757918730856,0.0
B08XXF5V6G,29999.0,50999.0,41.0,21000.0,0.4117727798584286,20.44317369549678,0.9553231939163498,1,4.4,1712,7.44600149832412,32.76240659262613,2.5960000000000005,0.247148288973384,0,13,1,1,1.0,0.9292,179,4,2,0.0,0.0,0.0,0.0,4,0.0,0.0,0.0,0.2073162379776417,0.0,0.0,0.0,0.0,0.0,0.0,0.0,0.4032259368948838,0.0,0.0,0.0,0.0,0.0,0.0,0.3492781815391689,0.0,0.0,0.396854687864782,0.0,0.0,0.0,0.359909795207163,0.0,0.0,0.0,0.0,0.0,0.0,0.0,0.0,0.0,0.3270194921240978,0.0,0.0,0.0,0.3532379060608745,0.0,0.3920281912223184,0.0,0.0,0.0,0.0,0.0,0.0,0.0,0.0
B09HK9JH4F,199.0,399.0,50.0,200.0,0.5012531328320802,-0.8577555396711937,0.0703422053231939,0,4.2,1335,7.197435354096591,30.22922848720568,2.1,0.211977186311787,0,27,1,1,0.925925925925926,0.7962,153,4,2,1.2,0.0,0.0,0.0,0,0.0,0.0,0.0,0.1423606371306026,0.0,0.0,0.0,0.0,0.0,0.0,0.0,0.0,0.0,0.0,0.0,0.0,0.0,0.0,0.0,0.0,0.0,0.0,0.0,0.0,0.0,0.0,0.0,0.0,0.0,0.0,0.0,0.0,0.0,0.8627786029032504,0.0,0.0,0.0,0.0,0.0,0.4851252738912747,0.0,0.0,0.0,0.0,0.0,0.0,0.0,0.0,0.0,0.0
B09MMD1FDN,349.0,699.0,50.0,350.0,0.5007153075822603,-0.7505360972122945,0.2024714828897338,0,3.9,214,5.3706380281276624,20.945488309697883,1.95,0.0703422053231939,0,25,1,0,0.84,0.9611,96,4,2,1.2,0.0,0.0,0.0,0,0.0,0.0,0.0,0.0,0.0,0.0,0.0,0.0,0.0,0.0,0.0,0.0,0.3164982699738113,0.0,0.0,0.0,0.0,0.0,0.0,0.0,0.0,0.0,0.0,0.0,0.0,0.3311558413708762,0.0,0.0,0.0,0.0,0.0,0.0,0.0,0.7707086920221765,0.0,0.3008932140807624,0.0,0.0,0.0,0.3250169835426233,0.0,0.0,0.0,0.0,0.0,0.0,0.0,0.0,0.0,0.0
B09HN7LD5L,1850.0,4500.0,59.0,2650.0,0.5888888888888889,0.3223731236597569,0.6007604562737643,2,4.0,184,5.220355825078324,20.881423300313298,1.64,0.0570342205323193,0,23,1,0,0.7391304347826086,0.9733,143,5,2,1.2,0.0,0.0,0.0,0,0.0,0.0,0.0,0.0,0.0,0.0,0.0,0.0,0.0,0.0,0.0,0.0,0.0,0.0,0.0,0.0,0.0,0.0,0.0,0.0,0.0,0.0,0.0,0.0,0.0,0.0,0.0,0.0,0.0,0.0,0.0,0.0,0.0,0.0,0.0,0.0,0.0,0.0,0.0,1.0,0.0,0.0,0.0,0.0,0.0,0.0,0.0,0.0,0.0,0.0
B0BNDD9TN6,13990.0,28900.0,52.0,14910.0,0.5159169550173011,9.0,0.8384030418250951,1,4.5,7,2.079441541679836,9.35748693755926,2.16,0.0019011406844106,0,39,1,1,0.9743589743589745,0.8803,217,3,2,1.2,0.0,0.0,1.0,0,0.0,0.0,0.0,0.0,0.0,0.4449300193948947,0.0,0.0,0.0,0.0,0.0,0.0,0.0,0.0,0.0,0.0,0.0,0.0,0.415824476704309,0.0,0.4898223617525157,0.0,0.0,0.0,0.0,0.4284816806857727,0.0,0.0,0.0,0.0,0.0,0.4534366390784158,0.0,0.0,0.0,0.0,0.0,0.0,0.0,0.0,0.0,0.0,0.0,0.0,0.0,0.0,0.0,0.0,0.0,0.0
B0941392C8,129.0,449.0,71.0,320.0,0.7126948775055679,-0.6303724928366762,0.0665188470066518,0,3.7,41,3.737669618283368,13.829377587648464,1.0730000000000002,0.0088691796008869,0,15,1,1,1.0,0.1007,113,5,1,0.0,0.0,0.0,0.0,4,0.0,0.3568041428349985,0.0,0.0,0.0,0.0,0.0,0.2362369478981374,0.0,0.0,0.5330387966831368,0.0,0.0,0.3215610682634005,0.0,0.0,0.2721793134361019,0.0,0.0,0.0,0.0,0.0,0.0,0.0,0.0,0.0,0.0,0.0,0.0,0.0,0.0,0.0,0.0,0.0,0.0,0.0,0.3701761412050071,0.0,0.0,0.0,0.2862274621126061,0.0,0.2292308898605324,0.0,0.0,0.0,0.0,0.0,0.2894237612874881,0.0
B01M5967SY,379.0,999.0,62.0,620.0,0.6206206206206206,-0.7290922087205146,0.2271863117870722,0,4.2,12153,9.4054136126953,39.50273717332026,1.596,0.526615969581749,1,19,1,1,1.0,0.9816,92,5,2,1.2,0.0,0.0,0.0,0,0.6065602896774028,0.0,0.0,0.0,0.0,0.0,0.0,0.2093701264304451,0.0,0.0,0.0,0.0,0.0,0.2849904814485117,0.0,0.0,0.0,0.0,0.2765719589793686,0.0,0.0,0.0,0.0,0.0,0.0,0.0,0.0,0.0,0.0,0.0,0.0,0.0,0.0,0.0,0.0,0.0,0.6561532916438234,0.0,0.0,0.0,0.0,0.0,0.0,0.0,0.0,0.0,0.0,0.0,0.0,0.0
B016MDK4F4,185.0,499.0,63.0,314.0,0.6292585170340681,-0.8677626876340243,0.0551330798479087,0,4.2,25,3.258096538021482,13.684005459690226,1.554,0.0114068441064638,0,16,1,0,1.0,0.8126,15,5,2,1.2,0.0,0.0,1.0,0,0.0,0.0,0.0,0.0,0.0,0.0,0.0,0.4385138461849991,0.0,0.0,0.0,0.0,0.0,0.0,0.0,0.0,0.0,0.0,0.5792642701548608,0.0,0.0,0.0,0.0,0.0,0.0,0.0,0.0,0.0,0.0,0.0,0.0,0.0,0.0,0.0,0.0,0.0,0.6871379133958445,0.0,0.0,0.0,0.0,0.0,0.0,0.0,0.0,0.0,0.0,0.0,0.0,0.0
B08G43CCLC,218.0,999.0,78.0,781.0,0.7817817817817818,-0.3753581661891118,0.2660753880266075,0,4.2,163,5.099866427824199,21.41943899686164,0.924,0.048780487804878,0,26,1,0,0.8461538461538461,0.8473,151,4,1,1.2,0.0,0.0,1.0,0,0.4717336987524884,0.4918692845833483,0.0,0.0,0.0,0.0,0.0,0.0,0.0,0.0,0.0,0.0,0.0,0.0,0.0,0.0,0.0,0.0,0.0,0.0,0.0,0.0,0.0,0.0,0.4730702100447026,0.0,0.0,0.0,0.0,0.0,0.0,0.0,0.0,0.0,0.0,0.0,0.0,0.0,0.0,0.0,0.0,0.0,0.3160042731125058,0.0,0.0,0.0,0.0,0.0,0.0,0.460301857575721
B0B61GCHC1,199.0,999.0,80.0,800.0,0.8008008008008008,-0.4297994269340974,0.2139689578713969,0,4.3,87,4.477336814478207,19.25254830225629,0.8599999999999998,0.0288248337028824,0,23,1,1,0.9565217391304348,0.9493,31,5,1,1.2,0.0,0.0,1.0,0,0.0,0.0,0.0,0.2143436007381476,0.0,0.0,0.0,0.8201182648375115,0.0,0.0,0.0,0.0,0.0,0.0,0.0,0.0,0.0,0.0,0.0,0.0,0.0,0.0,0.0,0.0,0.0,0.0,0.0,0.0,0.0,0.0,0.0,0.0,0.0,0.0,0.0,0.0,0.0,0.0,0.0,0.0,0.0,0.0,0.5305307271992027,0.0,0.0,0.0,0.0,0.0,0.0,0.0
B07RX14W1Q,499.0,900.0,45.0,401.0,0.4455555555555555,-0.6433166547533953,0.2984790874524715,0,4.4,2165,7.680637427560936,33.79480468126812,2.4200000000000004,0.2775665399239543,0,15,1,0,0.9333333333333332,0.9616,65,5,2,0.0,0.0,0.0,0.0,4,0.4661830622313634,0.0,0.0,0.0,0.0,0.0,0.4701881024647557,0.3218305198681022,0.0,0.0,0.0,0.0,0.0,0.0,0.0,0.0,0.0,0.4513363080886571,0.0,0.0,0.0,0.0,0.0,0.0,0.0,0.0,0.0,0.0,0.0,0.0,0.0,0.0,0.0,0.0,0.0,0.0,0.504298675659087,0.0,0.0,0.0,0.0,0.0,0.0,0.0,0.0,0.0,0.0,0.0,0.0,0.0
B09PLD9TCD,26999.0,42999.0,37.0,16000.0,0.372101676783181,18.2987848463188,0.9401140684410646,1,4.2,1510,7.32052696227274,30.746213241545508,2.6460000000000004,0.2271863117870722,0,17,1,1,1.0,0.9417,227,4,2,0.0,0.0,0.0,0.0,4,0.0,0.0,0.0,0.2073162379776417,0.0,0.0,0.0,0.0,0.0,0.0,0.0,0.4032259368948838,0.0,0.0,0.0,0.0,0.0,0.0,0.3492781815391689,0.0,0.0,0.396854687864782,0.0,0.0,0.0,0.359909795207163,0.0,0.0,0.0,0.0,0.0,0.0,0.0,0.0,0.0,0.3270194921240978,0.0,0.0,0.0,0.3532379060608745,0.0,0.3920281912223184,0.0,0.0,0.0,0.0,0.0,0.0,0.0,0.0
B0B8ZKWGKD,893.0,1052.0,15.0,159.0,0.1511406844106463,-0.36168691922802,0.3954372623574144,2,4.3,106,4.672828834461906,20.093163988186195,3.655,0.0361216730038022,0,23,1,1,0.8260869565217391,0.9676,191,5,2,0.0,0.0,0.0,1.0,1,0.0,0.5431319061768182,0.0,0.0,0.0,0.0,0.0,0.0,0.0,0.0,0.0,0.0,0.0,0.0,0.0,0.0,0.0,0.0,0.0,0.0,0.5595581681312175,0.0,0.0,0.0,0.0,0.0,0.0,0.0,0.0,0.0,0.0,0.0,0.0,0.0,0.0,0.4447529770604591,0.0,0.0,0.0,0.0,0.0,0.0,0.0,0.0,0.0,0.0,0.0,0.0,0.4405646131570609,0.0
B09NNJ9WYM,10990.0,19990.0,45.0,9000.0,0.4502251125562781,6.855611150822016,0.8003802281368821,1,3.7,129,4.867534450455582,18.009877466685655,2.035,0.0456273764258555,0,14,1,1,0.9285714285714286,0.9784,89,4,2,0.0,0.0,0.0,0.0,4,0.0,0.0,0.0,0.2507224984323941,0.0,0.0,0.0,0.0,0.0,0.0,0.0,0.0,0.0,0.0,0.0,0.0,0.0,0.0,0.4224073289081585,0.0,0.0,0.479945033860767,0.0,0.0,0.0,0.4352649071046861,0.0,0.0,0.0,0.0,0.0,0.0,0.0,0.0,0.0,0.3954882883331546,0.0,0.0,0.0,0.4271961097333879,0.0,0.0,0.0,0.0,0.0,0.0,0.0,0.0,0.0,0.0
B08H5L8V1L,379.0,1099.0,66.0,720.0,0.6551410373066424,0.0859598853868194,0.5232815964523282,0,4.3,3049,8.022896869601457,34.498456539286266,1.4619999999999995,0.3725055432372505,0,37,1,1,0.972972972972973,0.981,202,5,1,1.2,0.0,0.0,0.0,0,0.0,0.0,0.0,0.0,0.0,0.0,0.0,0.4557430851545765,0.0,0.3570678044742809,0.2570816587634333,0.0,0.2964453567482461,0.3101742437409786,0.0,0.0,0.2625411501551184,0.3195678917818322,0.0,0.0,0.0,0.0,0.0,0.0,0.0,0.0,0.0,0.0,0.0,0.0,0.0,0.0,0.0,0.0,0.3441693230003807,0.0,0.0,0.0,0.0,0.0,0.2760918387233197,0.0,0.2211135766171817,0.0,0.0,0.0,0.0,0.0,0.0,0.0
B0B8CXTTG3,16999.0,25999.0,35.0,9000.0,0.3461671602753952,11.150822015725518,0.8906844106463878,1,4.2,32840,10.399433013772668,43.6776186578452,2.7300000000000004,0.8041825095057035,1,16,1,1,1.0,0.9647,206,4,2,0.0,0.0,1.1,0.0,3,0.0,0.0,0.0,0.2082159370518641,0.0,0.0,0.0,0.0,0.0,0.0,0.0,0.4049758336017973,0.0,0.0,0.0,0.0,0.0,0.0,0.3507939588832029,0.0,0.0,0.3985769349919523,0.0,0.0,0.0,0.3614717110161232,0.0,0.0,0.0,0.0,0.0,0.3825239797947739,0.0,0.0,0.0,0.3284386724892579,0.0,0.0,0.0,0.3547708675894234,0.0,0.0,0.0,0.0,0.0,0.0,0.0,0.0,0.0,0.0
B09HCH3JZG,699.0,1899.0,63.0,1200.0,0.631911532385466,-0.5003573981415297,0.3650190114068441,2,4.4,390,5.968707559985366,26.26231326393561,1.628,0.1140684410646387,0,29,1,0,0.9655172413793104,0.9578,306,5,2,1.2,0.0,0.0,0.0,0,0.0,0.0,0.0,0.0,0.0,0.0,0.3684287129947622,0.2521790824052764,0.0,0.0,0.0,0.0,0.0,0.0,0.0,0.0,0.0,0.3536568752914709,0.0,0.0,0.0,0.0,0.0,0.0,0.366325391810203,0.0,0.0,0.0,0.0,0.0,0.0,0.3632528669088075,0.0,0.0,0.0,0.0,0.3951569830543883,0.0,0.0,0.336897924194774,0.0,0.3738938590182629,0.0,0.0,0.0,0.0,0.0,0.0,0.0,0.0
B097JVLW3L,2699.0,3500.0,23.0,801.0,0.2288571428571428,0.9292351679771264,0.688212927756654,3,3.5,621,6.432940092739179,22.515290324587127,2.6950000000000003,0.1577946768060836,0,12,0,1,0.8333333333333334,0.9,107,4,2,0.0,0.0,0.0,0.0,4,0.0,0.0,0.0,1.0,0.0,0.0,0.0,0.0,0.0,0.0,0.0,0.0,0.0,0.0,0.0,0.0,0.0,0.0,0.0,0.0,0.0,0.0,0.0,0.0,0.0,0.0,0.0,0.0,0.0,0.0,0.0,0.0,0.0,0.0,0.0,0.0,0.0,0.0,0.0,0.0,0.0,0.0,0.0,0.0,0.0,0.0,0.0,0.0,0.0,0.0
B09SB6SJB4,129.0,599.0,78.0,470.0,0.7846410684474123,-0.6303724928366762,0.0665188470066518,0,4.1,265,5.583496308781699,22.892334866004965,0.9019999999999998,0.0687361419068736,0,21,1,1,0.9047619047619048,0.9738,50,5,1,1.2,0.0,0.0,0.0,0,0.0,0.0,0.0,0.2521363963616244,0.0,0.0,0.4698125973928041,0.3215734972171976,0.0,0.0,0.3627949639692972,0.0,0.0,0.437719493967332,0.0,0.0,0.3704994264045568,0.0,0.0,0.0,0.0,0.0,0.0,0.0,0.0,0.0,0.0,0.0,0.0,0.0,0.0,0.0,0.0,0.0,0.0,0.0,0.0,0.0,0.0,0.0,0.3896222280641789,0.0,0.0,0.0,0.0,0.0,0.0,0.0,0.0,0.0
B08NW8GHCJ,389.0,999.0,61.0,610.0,0.6106106106106106,0.1146131805157593,0.532150776053215,0,4.3,838,6.732210706467206,28.948506037808983,1.677,0.1674057649667406,0,33,1,1,0.9090909090909092,0.9456,203,5,1,1.2,0.0,0.0,0.0,0,0.0,0.0,0.0,0.1665612554233053,0.0,0.0,0.3103581123734167,0.2124313910259066,0.0,0.0,0.2396622841127277,0.0,0.2763587711960206,0.0,0.0,0.0,0.2447518505303346,0.0,0.0,0.0,0.0,0.0,0.0,0.0,0.0,0.0,0.0,0.0,0.0,0.0,0.0,0.0,0.0,0.0,0.3208490503311425,0.0,0.0,0.0,0.0,0.0,0.5147687393304262,0.3149618588890224,0.4122626645191536,0.0,0.0,0.0,0.0,0.0,0.0,0.0
B09YHLPQYT,246.0,600.0,59.0,354.0,0.59,-0.8241601143674053,0.1102661596958174,0,4.2,143,4.969813299576001,20.873215858219204,1.7220000000000002,0.0494296577946768,0,25,1,1,0.88,0.9872,133,4,2,1.2,0.0,0.0,1.0,0,0.0,0.0,0.0,0.15045525313057,0.0,0.0,0.0,0.0,0.0,0.0,0.0,0.0,0.0,0.0,0.0,0.0,0.0,0.0,0.0,0.0,0.0,0.0,0.0,0.0,0.0,0.2611967102543372,0.0,0.0,0.0,0.0,0.0,0.0,0.0,0.3039453782353237,0.0,0.4746545755038042,0.0,0.0,0.0,0.7690641952141689,0.0,0.0,0.0,0.0,0.0,0.0,0.0,0.0,0.0,0.0
B08G1RW2Q3,299.0,799.0,63.0,500.0,0.6257822277847309,-0.1432664756446991,0.3880266075388026,0,4.0,151,5.0238805208462765,20.095522083385102,1.48,0.0465631929046563,0,35,1,1,1.0,0.8459,107,5,1,1.2,0.0,0.0,0.0,0,0.0,0.0,0.0,0.0,0.0,0.0,0.0,0.6224615173016022,0.0,0.1950756683689254,0.2809011385526975,0.0,0.0,0.169456464991807,0.0,0.0,0.2868664701723064,0.0,0.0,0.0,0.0,0.0,0.0,0.0,0.0,0.0,0.0,0.3973073342056509,0.0,0.0,0.0,0.0,0.0,0.0,0.0,0.0,0.1950756683689254,0.0,0.1845787815344907,0.0,0.0,0.0,0.3624007390491056,0.0,0.0,0.0,0.0,0.0,0.1525207256502715,0.0
B08YXJJW8H,247.0,399.0,38.0,152.0,0.3809523809523809,-0.823445318084346,0.1121673003802281,0,3.9,200,5.303304908059076,20.682889141430397,2.418,0.0646387832699619,0,25,0,0,0.76,0.988,49,4,2,0.0,0.0,0.0,0.0,4,0.0,0.0,0.0,0.0,0.0,0.0,0.0,0.0,0.0,0.0,0.0,0.0,0.3798748978952297,0.0,0.0,0.0,0.0,0.0,0.0,0.0,0.0,0.0,0.0,0.0,0.0,0.0,0.0,0.0,0.0,0.0,0.0,0.0,0.0,0.9250378705486002,0.0,0.0,0.0,0.0,0.0,0.0,0.0,0.0,0.0,0.0,0.0,0.0,0.0,0.0,0.0,0.0
B09P8M18QM,1369.0,2999.0,54.0,1630.0,0.543514504834945,-0.0214438884917798,0.4923954372623574,2,3.3,227,5.429345628954441,17.916840575549653,1.5179999999999998,0.0741444866920152,0,24,1,0,0.8333333333333334,0.4706,192,4,2,0.0,0.0,0.0,0.0,4,0.0,0.0,0.0,0.0,0.0,0.0,0.0,0.0,0.0,0.0,0.0,0.0,0.2995033483812378,0.0,0.0,0.0,0.0,0.0,0.0,0.0,0.0,0.0,0.0,0.0,0.0,0.0,0.0,0.0,0.0,0.0,0.0,0.0,0.0,0.729324156831145,0.0,0.0,0.0,0.0,0.0,0.6151292698051087,0.0,0.0,0.0,0.0,0.0,0.0,0.0,0.0,0.0,0.0
B08BG4M4N7,199.0,499.0,60.0,300.0,0.6012024048096193,-0.8577555396711937,0.0703422053231939,0,3.8,538,6.289715570908998,23.90091916945419,1.52,0.1444866920152091,0,25,0,0,0.88,0.9531,47,4,2,1.2,0.0,0.0,0.0,0,0.0,0.0,0.0,0.0,0.0,0.0,0.0,0.0,0.0,0.0,0.0,0.0,0.0,0.0,0.0,0.0,0.0,0.0,0.0,0.0,0.0,0.0,0.0,0.0,0.0,0.0,0.0,0.0,0.0,0.0,0.0,0.0,0.0,1.0,0.0,0.0,0.0,0.0,0.0,0.0,0.0,0.0,0.0,0.0,0.0,0.0,0.0,0.0,0.0,0.0
B07VJ9ZTXS,299.0,599.0,50.0,300.0,0.5008347245409015,-0.7862759113652609,0.1577946768060836,0,4.0,171,5.147494476813453,20.58997790725381,2.0,0.0551330798479087,0,11,0,1,0.9090909090909092,0.9941,161,5,2,1.2,0.0,0.0,0.0,0,0.0,0.7651986632905815,0.0,0.3972349298661566,0.0,0.0,0.0,0.5066314401934972,0.0,0.0,0.0,0.0,0.0,0.0,0.0,0.0,0.0,0.0,0.0,0.0,0.0,0.0,0.0,0.0,0.0,0.0,0.0,0.0,0.0,0.0,0.0,0.0,0.0,0.0,0.0,0.0,0.0,0.0,0.0,0.0,0.0,0.0,0.0,0.0,0.0,0.0,0.0,0.0,0.0,0.0
B084872DQY,14999.0,14999.0,0.0,0.0,0.0,9.72122944960686,0.8621673003802282,1,4.3,27508,10.222268502839896,43.95575456221156,4.3,0.7395437262357415,1,16,1,1,1.0,0.992,121,4,2,0.0,1.4,0.0,0.0,2,0.0,0.0,0.0,0.2082159370518641,0.0,0.0,0.0,0.0,0.0,0.0,0.0,0.4049758336017973,0.0,0.0,0.0,0.0,0.0,0.0,0.3507939588832029,0.0,0.0,0.3985769349919523,0.0,0.0,0.0,0.3614717110161232,0.0,0.0,0.0,0.0,0.0,0.3825239797947739,0.0,0.0,0.0,0.3284386724892579,0.0,0.0,0.0,0.3547708675894234,0.0,0.0,0.0,0.0,0.0,0.0,0.0,0.0,0.0,0.0
B00GGGOYEU,299.0,699.0,57.0,400.0,0.5722460658082976,-0.1432664756446991,0.3880266075388026,0,3.9,1454,7.282761179605593,28.40276860046181,1.677,0.2416851441241685,0,17,1,0,0.8235294117647058,0.7389,53,5,1,1.2,0.0,0.0,0.0,0,0.0,0.0,0.0,0.0,0.0,0.0,0.0,0.474019548942715,0.0,0.0,0.0,0.0,0.0,0.0,0.0,0.0,0.0,0.0,0.0,0.0,0.0,0.0,0.0,0.0,0.0,0.0,0.0,0.0,0.7508267441030286,0.0,0.0,0.0,0.0,0.0,0.0,0.0,0.0,0.0,0.0,0.0,0.0,0.0,0.4599615935703657,0.0,0.0,0.0,0.0,0.0,0.0,0.0
B08FD2VSD9,24990.0,51990.0,52.0,27000.0,0.51933064050779,16.862759113652608,0.9334600760456274,1,4.2,2951,7.990238185720363,33.55900038002553,2.016,0.3098859315589353,0,15,1,1,1.0,0.3818,145,4,2,1.2,0.0,0.0,0.0,0,0.0,0.0,0.0,0.2073162379776417,0.0,0.0,0.0,0.0,0.0,0.0,0.0,0.4032259368948838,0.0,0.0,0.0,0.0,0.0,0.0,0.3492781815391689,0.0,0.0,0.396854687864782,0.0,0.0,0.0,0.359909795207163,0.0,0.0,0.0,0.0,0.0,0.0,0.0,0.0,0.0,0.3270194921240978,0.0,0.0,0.0,0.3532379060608745,0.0,0.3920281912223184,0.0,0.0,0.0,0.0,0.0,0.0,0.0,0.0
B095JPKPH3,61999.0,69999.0,11.0,8000.0,0.1142873469620994,43.31665475339528,0.9980988593155894,1,4.1,6753,8.817890200945513,36.1533498238766,3.649,0.4306083650190114,0,14,1,1,1.0,0.8529,167,4,2,0.0,0.0,0.0,0.0,4,0.0,0.0,0.0,0.2435950650718942,0.0,0.0,0.0,0.0,0.0,0.0,0.0,0.4737875300784583,0.0,0.0,0.0,0.0,0.0,0.0,0.0,0.0,0.0,0.4663013590133425,0.0,0.0,0.0,0.4228913800420984,0.0,0.0,0.0,0.0,0.0,0.0,0.0,0.0,0.0,0.3842455142000913,0.0,0.0,0.0,0.4150519590367941,0.0,0.0,0.0,0.0,0.0,0.0,0.0,0.0,0.0,0.0
B087JWLZ2K,24499.0,50000.0,51.0,25501.0,0.51002,16.511794138670478,0.9315589353612168,1,3.9,3518,8.165932137321585,31.84713533555418,1.911,0.3422053231939163,0,14,1,1,1.0,0.994,302,4,2,1.2,0.0,0.0,0.0,0,0.0,0.0,0.0,0.2073162379776417,0.0,0.0,0.0,0.0,0.0,0.0,0.0,0.4032259368948838,0.0,0.0,0.0,0.0,0.0,0.0,0.3492781815391689,0.0,0.0,0.396854687864782,0.0,0.0,0.0,0.359909795207163,0.0,0.0,0.0,0.0,0.0,0.0,0.0,0.0,0.0,0.3270194921240978,0.0,0.0,0.0,0.3532379060608745,0.0,0.3920281912223184,0.0,0.0,0.0,0.0,0.0,0.0,0.0,0.0
B09DSXK8JX,10499.0,19499.0,46.0,9000.0,0.4615621313913534,6.504646175839886,0.7956273764258555,1,4.2,1510,7.32052696227274,30.746213241545508,2.268,0.2271863117870722,0,14,1,1,1.0,0.9417,142,4,2,1.2,0.0,0.0,0.0,0,0.0,0.0,0.0,0.2253551997084443,0.0,0.0,0.0,0.0,0.0,0.0,0.0,0.4383113567127867,0.0,0.0,0.0,0.0,0.0,0.0,0.3796695093562833,0.0,0.0,0.4313857337535005,0.0,0.0,0.0,0.3912261990046465,0.0,0.0,0.0,0.0,0.0,0.0,0.0,0.0,0.0,0.3554740510201999,0.0,0.0,0.0,0.3839737766876036,0.0,0.0,0.0,0.0,0.0,0.0,0.0,0.0,0.0,0.0
B08V9C4B1J,349.0,999.0,65.0,650.0,0.6506506506506506,0.0,0.4866962305986696,0,4.3,838,6.732210706467206,28.948506037808983,1.505,0.1674057649667406,0,33,1,1,0.9393939393939394,0.9456,225,5,1,1.2,0.0,0.0,0.0,0,0.0,0.0,0.0,0.1944507375963273,0.0,0.0,0.0,0.2480014969184821,0.0,0.0,0.2797920068583959,0.0,0.3226330563113767,0.0,0.0,0.0,0.2857337845031066,0.0,0.0,0.0,0.0,0.0,0.0,0.0,0.0,0.0,0.0,0.0,0.0,0.0,0.0,0.0,0.0,0.0,0.3745729121422212,0.0,0.0,0.0,0.0,0.0,0.6009630559036198,0.3676999529094051,0.0,0.0,0.0,0.0,0.0,0.0,0.0,0.0
B08PKBMJKS,197.0,499.0,61.0,302.0,0.6052104208416834,-0.8591851322373124,0.0608365019011406,0,3.8,136,4.919980925828125,18.695927518146878,1.482,0.0475285171102661,0,6,0,0,1.0,0.9118,68,4,2,1.2,0.0,0.0,0.0,0,0.0,0.0,0.0,0.0,0.0,0.0,0.0,0.0,0.0,0.0,0.0,0.0,0.0,0.0,0.0,0.0,0.0,0.0,0.6404724975396168,0.0,0.0,0.0,0.0,0.0,0.0,0.0,0.0,0.0,0.0,0.0,0.0,0.0,0.0,0.7679811064703126,0.0,0.0,0.0,0.0,0.0,0.0,0.0,0.0,0.0,0.0,0.0,0.0,0.0,0.0,0.0,0.0
B0B8VQ7KDS,1299.0,2499.0,48.0,1200.0,0.4801920768307323,-0.0714796283059328,0.4771863117870722,2,4.3,301,5.71042701737487,24.554836174711937,2.236,0.0988593155893536,0,23,1,0,0.9565217391304348,0.7003,118,4,2,1.2,0.0,0.0,0.0,0,0.0,0.0,0.0,0.0,0.0,0.0,0.0,0.0,0.0,0.0,0.0,0.0,0.0,0.0,0.0,0.0,0.0,0.0,0.3652076518849179,0.0,0.0,0.0,0.0,0.0,0.0,0.0,0.0,0.0,0.0,0.8545205968036459,0.0,0.0,0.0,0.0,0.0,0.0,0.0,0.0,0.0,0.3693479668863032,0.0,0.0,0.0,0.0,0.0,0.0,0.0,0.0,0.0,0.0
B086JTMRYL,1519.0,1899.0,20.0,380.0,0.2001053185887309,3.35243553008596,0.91019955654102,2,4.4,19763,9.89161737996564,43.52311647184882,3.5200000000000005,0.7450110864745011,1,32,1,1,0.90625,0.9169,171,5,1,0.0,1.4,0.0,0.0,2,0.273200986032092,0.0,0.0,0.1478796083142002,0.0,0.0,0.2755480917712489,0.1886049118608905,0.0,0.0,0.212781565630045,0.0,0.0,0.0,0.0,0.0,0.2173002821011235,0.0,0.0,0.0,0.0,0.0,0.0,0.5644044788339367,0.0,0.0,0.0,0.0,0.0,0.0,0.0,0.543354145737172,0.0,0.0,0.0,0.0,0.0,0.0,0.0,0.0,0.2285159275220218,0.0,0.1830114728564019,0.0,0.0,0.0,0.0,0.0,0.0,0.0
B09RWQ7YR6,46999.0,69999.0,33.0,23000.0,0.3285761225160359,32.59471050750536,0.9904942965779469,1,4.3,21252,9.964253340858692,42.84628936569237,2.881,0.6777566539923955,1,16,1,0,1.0,0.9925,210,4,2,0.0,1.4,0.0,0.0,2,0.0,0.0,0.0,0.0,0.0,0.0,0.0,0.0,0.0,0.0,0.0,0.3854221307882411,0.0,0.0,0.0,0.0,0.0,0.3544371701144762,0.3338563535950374,0.0,0.0,0.3793321942234598,0.0,0.0,0.0,0.3440185451077919,0.0,0.0,0.0,0.0,0.0,0.0,0.0,0.0,0.0,0.3125804615505562,0.0,0.0,0.0,0.3376412427176041,0.0,0.3747188039378405,0.0,0.0,0.0,0.0,0.0,0.0,0.0,0.0
B00OFM6PEO,299.0,799.0,63.0,500.0,0.6257822277847309,-0.1432664756446991,0.3880266075388026,0,4.3,1902,7.551186867296149,32.47010352937344,1.591,0.2749445676274945,0,31,1,1,0.9032258064516128,0.9141,93,5,1,1.2,0.0,0.0,0.0,0,0.0,0.0,0.0,0.0,0.3350711793758145,0.0,0.0,0.6840493677395364,0.0,0.0,0.0,0.0,0.0,0.3103714969120392,0.0,0.0,0.0,0.0,0.0,0.0,0.0,0.0,0.0,0.0,0.0,0.0,0.0,0.0,0.0,0.0,0.0,0.0,0.0,0.0,0.0,0.0,0.3572948792818687,0.0,0.0,0.0,0.0,0.0,0.4425083845424581,0.0,0.0,0.0,0.0,0.0,0.0,0.0
B0BF57RN3K,1799.0,19999.0,91.0,18200.0,0.9100455022751136,0.2859185132237312,0.5855513307984791,2,4.2,13937,9.542374201998465,40.07797164839355,0.3779999999999999,0.5532319391634981,1,23,1,1,0.9565217391304348,0.9958,180,3,2,1.2,0.0,0.0,0.0,0,0.0,0.0,0.0,0.0,0.0,0.4962843533027148,0.0,0.0,0.0,0.0,0.0,0.0,0.0,0.0,0.0,0.0,0.0,0.0,0.0,0.0,0.0,0.0,0.0,0.0,0.0,0.0,0.0,0.0,0.0,0.0,0.0,0.5057728168012442,0.0,0.0,0.0,0.4342612785229178,0.0,0.0,0.0,0.0,0.0,0.0,0.0,0.0,0.556159006424855,0.0,0.0,0.0,0.0,0.0
B0B3RRWSF6,1998.0,9999.0,80.0,8001.0,0.8001800180018002,0.4281629735525375,0.6093155893536122,2,4.3,27696,10.229079383061112,43.98504134716278,0.8599999999999998,0.7423954372623575,1,22,1,1,0.9090909090909092,0.9996,313,3,2,1.2,0.0,0.0,0.0,0,0.0,0.0,0.0,0.0,0.0,0.5752909504930336,0.0,0.0,0.0,0.0,0.0,0.0,0.0,0.0,0.0,0.0,0.0,0.0,0.0,0.0,0.0,0.0,0.0,0.0,0.0,0.0,0.0,0.0,0.0,0.0,0.0,0.0,0.0,0.0,0.0,0.5033940361431958,0.0,0.0,0.0,0.0,0.0,0.0,0.0,0.0,0.6446974225606031,0.0,0.0,0.0,0.0,0.0
B0B5B6PQCT,1999.0,7990.0,75.0,5991.0,0.7498122653316646,0.4288777698355968,0.6254752851711026,2,3.8,17831,9.788749875065704,37.19724952524968,0.95,0.6216730038022814,1,30,1,1,0.9333333333333332,0.9989,151,3,2,1.2,0.0,0.0,0.0,0,0.0,0.0,0.0,0.1638462365870575,0.0,0.2953631201982126,0.0,0.0,0.0,0.0,0.0,0.0,0.0,0.0,0.3229440440766629,0.0,0.0,0.0,0.2760416459676241,0.0,0.0,0.0,0.0,0.0,0.0,0.0,0.0,0.0,0.0,0.0,0.0,0.0,0.0,0.0,0.0,0.5169003026277452,0.0,0.0,0.0,0.0,0.0,0.0,0.0,0.0,0.6619949163047061,0.0,0.0,0.0,0.0,0.0
B08HV83HL3,2049.0,2199.0,7.0,150.0,0.068212824010914,0.4646175839885632,0.6425855513307985,3,4.3,178912,12.094654933150762,52.00701621254827,3.999,0.9657794676806084,1,24,1,1,1.0,0.9883,26,5,2,0.0,1.4,1.1,0.0,2,0.0,0.0,0.0,0.2742970200381372,0.0,0.0,0.0,0.0,0.0,0.0,0.3946815253078143,0.0,0.0,0.0,0.0,0.0,0.4030631438186003,0.0,0.0,0.0,0.0,0.0,0.0,0.0,0.0,0.0,0.0,0.5582386226279038,0.0,0.0,0.0,0.0,0.0,0.0,0.0,0.0,0.0,0.0,0.0,0.0,0.4238666755010776,0.0,0.3394619596952303,0.0,0.0,0.0,0.0,0.0,0.0,0.0
B0BBN4DZBD,6499.0,8999.0,28.0,2500.0,0.277808645405045,3.645461043602573,0.7414448669201521,3,4.0,7807,8.962904128092928,35.85161651237171,2.88,0.4619771863117871,0,24,1,1,1.0,0.9886,53,4,2,0.0,0.0,0.0,0.0,4,0.0,0.0,0.4849793806848498,0.0,0.491999763772144,0.0,0.0,0.0,0.0,0.0,0.0,0.0,0.0,0.0,0.0,0.0,0.0,0.0,0.0,0.0,0.0,0.0,0.0,0.0,0.0,0.0,0.0,0.0,0.0,0.0,0.0,0.0,0.5227899902936338,0.0,0.0,0.0,0.0,0.4994215241731939,0.0,0.0,0.0,0.0,0.0,0.0,0.0,0.0,0.0,0.0,0.0,0.0
B0B3CPQ5PF,28999.0,28999.0,0.0,0.0,0.0,19.728377412437457,0.946768060836502,1,4.3,17415,9.765144602914384,41.990121792531845,4.3,0.6140684410646388,1,10,1,0,1.0,0.994,134,4,2,0.0,1.4,0.0,0.0,2,0.0,0.0,0.0,0.0,0.0,0.0,0.0,0.0,0.0,0.0,0.0,0.0,0.0,0.0,0.0,0.0,0.0,0.0,0.0,0.0,0.0,0.0,0.0,0.0,0.0,0.0,0.0,0.0,0.0,0.0,0.0,0.0,0.7230828129842436,0.0,0.0,0.0,0.0,0.6907613521085219,0.0,0.0,0.0,0.0,0.0,0.0,0.0,0.0,0.0,0.0,0.0,0.0
B0B3CQBRB4,28999.0,28999.0,0.0,0.0,0.0,19.728377412437457,0.946768060836502,1,4.3,17415,9.765144602914384,41.990121792531845,4.3,0.6140684410646388,1,10,1,0,1.0,0.994,95,4,2,0.0,1.4,0.0,0.0,2,0.0,0.0,0.0,0.0,0.0,0.0,0.0,0.0,0.0,0.0,0.0,0.0,0.0,0.0,0.0,0.0,0.0,0.0,0.0,0.0,0.0,0.0,0.0,0.0,0.0,0.0,0.0,0.0,0.0,0.0,0.0,0.0,0.7230828129842436,0.0,0.0,0.0,0.0,0.6907613521085219,0.0,0.0,0.0,0.0,0.0,0.0,0.0,0.0,0.0,0.0,0.0,0.0
B0BBN56J5H,6499.0,8999.0,28.0,2500.0,0.277808645405045,3.645461043602573,0.7414448669201521,3,4.0,7807,8.962904128092928,35.85161651237171,2.88,0.4619771863117871,0,23,1,1,1.0,0.9886,53,4,2,0.0,0.0,0.0,0.0,4,0.0,0.0,0.5333474426398063,0.288692995067339,0.0,0.0,0.0,0.0,0.0,0.0,0.0,0.0,0.0,0.0,0.0,0.0,0.0,0.0,0.0,0.0,0.0,0.0,0.0,0.0,0.0,0.0,0.0,0.0,0.0,0.0,0.0,0.0,0.5749289876346055,0.0,0.0,0.0,0.0,0.5492299329115954,0.0,0.0,0.0,0.0,0.0,0.0,0.0,0.0,0.0,0.0,0.0,0.0
B0BBN3WF7V,6499.0,8999.0,28.0,2500.0,0.277808645405045,3.645461043602573,0.7414448669201521,3,4.0,7807,8.962904128092928,35.85161651237171,2.88,0.4619771863117871,0,24,1,1,1.0,0.9886,53,4,2,0.0,0.0,0.0,0.0,4,0.0,0.0,0.6800982510390419,0.0,0.0,0.0,0.0,0.0,0.0,0.0,0.0,0.0,0.0,0.0,0.0,0.0,0.0,0.0,0.0,0.0,0.0,0.0,0.0,0.0,0.0,0.0,0.0,0.0,0.0,0.0,0.0,0.0,0.7331209783750812,0.0,0.0,0.0,0.0,0.0,0.0,0.0,0.0,0.0,0.0,0.0,0.0,0.0,0.0,0.0,0.0,0.0
B0BDRVFDKP,569.0,1000.0,43.0,431.0,0.431,-0.5932809149392423,0.3203422053231939,2,4.4,67259,11.11632098529426,48.91181233529475,2.5080000000000005,0.8878326996197718,1,13,1,0,0.8461538461538461,0.7543,40,4,2,0.0,0.0,1.1,0.0,3,0.5654132184480689,0.0,0.0,0.0,0.0,0.0,0.0,0.0,0.0,0.0,0.0,0.0,0.0,0.0,0.0,0.0,0.0,0.0,0.0,0.0,0.0,0.0,0.0,0.0,0.0,0.0,0.0,0.0,0.0,0.0,0.0,0.0,0.0,0.0,0.0,0.0,0.0,0.0,0.0,0.0,0.0,0.5787299602164557,0.0,0.5876899910259286,0.0,0.0,0.0,0.0,0.0,0.0
B0B5LVS732,1898.0,4999.0,62.0,3101.0,0.6203240648129625,0.3566833452466047,0.6026615969581749,2,4.1,10689,9.27706400401909,38.03596241647826,1.5579999999999998,0.5009505703422054,1,31,1,1,0.935483870967742,0.9968,134,3,2,1.2,0.0,0.0,0.0,0,0.0,0.0,0.3352906992932493,0.1814878416180228,0.0,0.3271653734314248,0.0,0.0,0.0,0.0,0.0,0.0,0.0,0.0,0.3577159826416111,0.0,0.0,0.0,0.0,0.0,0.0,0.0,0.0,0.0,0.0,0.0,0.0,0.0,0.0,0.0,0.0,0.0,0.0,0.0,0.0,0.2862779219398396,0.0,0.0,0.0,0.0,0.0,0.0,0.0,0.0,0.7332730432194446,0.0,0.0,0.0,0.0,0.0
B09V2Q4QVQ,1299.0,1599.0,19.0,300.0,0.1876172607879924,-0.0714796283059328,0.4771863117870722,2,4.0,128311,11.762220077017211,47.04888030806885,3.24,0.9458174904942964,1,13,1,0,0.9230769230769232,0.9747,48,4,2,0.0,0.0,1.1,0.0,3,0.0,0.0,0.0,0.0,0.0,0.0,0.0,0.0,0.0,0.0,0.0,0.0,0.0,0.0,0.0,0.0,0.0,0.0,0.0,0.0,0.0,0.0,0.0,0.0,0.0,0.0,0.0,0.0,0.0,0.0,0.0,0.0,0.0,0.0,0.0,0.0,0.0,0.0,0.0,0.0,0.0,0.0,0.0,0.0,0.0,0.0,0.0,0.0,0.0,1.0
B09V12K8NT,1499.0,6990.0,79.0,5491.0,0.7855507868383405,0.0714796283059328,0.5275665399239544,2,3.9,21796,9.989527624628511,38.9591577360512,0.8189999999999998,0.6920152091254753,1,31,1,1,0.967741935483871,0.9459,116,3,2,1.2,0.0,0.0,0.0,0,0.0,0.0,0.4735895108231194,0.2563469201901411,0.0,0.0,0.0,0.0,0.0,0.0,0.0,0.0,0.0,0.0,0.5052646482289793,0.0,0.0,0.0,0.43188313178264,0.0,0.0,0.0,0.0,0.0,0.0,0.0,0.0,0.0,0.0,0.0,0.0,0.0,0.0,0.0,0.0,0.0,0.0,0.0,0.0,0.0,0.0,0.0,0.0,0.0,0.5178646806637932,0.0,0.0,0.0,0.0,0.0
B01DEWVZ2C,599.0,999.0,40.0,400.0,0.4004004004004004,-0.5718370264474625,0.3365019011406844,2,4.1,192590,12.168324048282368,49.8901285979577,2.4599999999999995,0.9752851711026616,1,22,1,1,0.8636363636363636,0.9431,86,4,2,0.0,0.0,1.1,0.0,3,0.0,0.0,0.0,0.3363446163500196,0.0,0.0,0.0,0.0,0.0,0.0,0.0,0.0,0.0,0.0,0.0,0.0,0.0,0.0,0.0,0.0,0.0,0.0,0.0,0.0,0.0,0.0,0.6520642245857631,0.0,0.0,0.0,0.0,0.0,0.0,0.6794737272829064,0.0,0.0,0.0,0.0,0.0,0.0,0.0,0.0,0.0,0.0,0.0,0.0,0.0,0.0,0.0,0.0
B0BMGB3CH9,9499.0,11999.0,21.0,2500.0,0.2083506958913242,5.789849892780557,0.7880228136882129,1,4.2,284,5.652489180268651,23.74045455712833,3.3180000000000005,0.0922053231939163,0,24,1,1,0.9583333333333334,0.9971,68,4,2,0.0,0.0,0.0,0.0,4,0.0,0.0,0.2614002546442039,0.0,0.2651841885593471,0.0,0.0,0.0,0.0,0.0,0.0,0.0,0.0,0.0,0.0,0.0,0.0,0.0,0.0,0.0,0.0,0.0,0.0,0.0,0.0,0.0,0.0,0.0,0.0,0.0,0.0,0.0,0.8453396702879606,0.0,0.2725579210935509,0.0,0.0,0.2691844618410754,0.0,0.0,0.0,0.0,0.0,0.0,0.0,0.0,0.0,0.0,0.0,0.0
B08D77XZX5,599.0,2499.0,76.0,1900.0,0.7603041216486595,-0.5718370264474625,0.3365019011406844,2,3.9,58162,10.971004692720294,42.78691830160915,0.936,0.876425855513308,1,27,1,1,0.9629629629629628,0.9913,83,4,2,1.2,0.0,0.0,0.0,0,0.0,0.0,0.0,0.199060737332589,0.0,0.3588437654243605,0.0,0.0,0.0,0.0,0.2864252605748358,0.0,0.0,0.0,0.0,0.0,0.2925079047120764,0.0,0.0,0.0,0.0,0.0,0.0,0.0,0.0,0.0,0.3859148594165905,0.0,0.0,0.0,0.0,0.0,0.0,0.0,0.0,0.0,0.0,0.0,0.0,0.0,0.0,0.0,0.0,0.0,0.0,0.0,0.0,0.0,0.0,0.717687530848721
B09XB8GFBQ,8999.0,11999.0,25.0,3000.0,0.2500208350695891,5.432451751250894,0.779467680608365,1,4.0,12796,9.456966047437597,37.82786418975039,3.0,0.5342205323193916,1,30,1,1,0.9666666666666668,0.4215,64,4,2,0.0,0.0,0.0,0.0,4,0.0,0.0,0.2793832546359105,0.1512259778603133,0.0,0.0,0.0,0.0,0.0,0.0,0.0,0.0,0.0,0.0,0.0,0.0,0.0,0.0,0.0,0.0,0.0,0.0,0.0,0.0,0.0,0.0,0.0,0.0,0.0,0.0,0.0,0.0,0.903494714185944,0.0,0.0,0.0,0.0,0.2877029754578445,0.0,0.0,0.0,0.0,0.0,0.0,0.0,0.0,0.0,0.0,0.0,0.0
B07WG8PDCW,349.0,1299.0,73.0,950.0,0.7313317936874519,-0.7505360972122945,0.2024714828897338,0,4.0,14282,9.566825297862628,38.267301191450514,1.08,0.564638783269962,1,21,1,1,0.9047619047619048,0.9481,167,5,2,1.2,0.0,0.0,0.0,0,0.0,0.3578671026572553,0.0,0.1857783086213727,0.0,0.0,0.0,0.0,0.0,0.742557875440031,0.0,0.0,0.308243744651158,0.0,0.0,0.0,0.2729901663380141,0.0,0.0,0.0,0.0,0.0,0.0,0.0,0.0,0.0,0.0,0.0,0.0,0.0,0.0,0.3413026830683373,0.0,0.0,0.0,0.0,0.0,0.0,0.0,0.0,0.0,0.0,0.0,0.0,0.0,0.0,0.0,0.0,0.0,0.0
B07GPXXNNG,349.0,999.0,65.0,650.0,0.6506506506506506,-0.7505360972122945,0.2024714828897338,0,4.1,363713,12.804123123497911,52.49690480634144,1.4349999999999998,0.991444866920152,1,10,1,1,0.8,0.978,191,4,2,1.2,0.0,1.1,0.0,0,0.0,0.0,0.0,0.0,0.0,0.0,0.0,0.0,0.0,0.0,0.0,0.0,0.0,0.0,0.0,0.0,0.0,0.0,0.0,0.0,0.0,0.0,0.0,0.0,0.0,0.0,1.0,0.0,0.0,0.0,0.0,0.0,0.0,0.0,0.0,0.0,0.0,0.0,0.0,0.0,0.0,0.0,0.0,0.0,0.0,0.0,0.0,0.0,0.0,0.0
B0BDYVC5TD,959.0,1800.0,47.0,841.0,0.4672222222222222,-0.3145103645461043,0.4125475285171102,2,4.4,67259,11.11632098529426,48.91181233529475,2.3320000000000003,0.8878326996197718,1,13,1,0,0.8461538461538461,0.7543,40,4,2,1.2,0.0,1.1,0.0,0,0.5654132184480689,0.0,0.0,0.0,0.0,0.0,0.0,0.0,0.0,0.0,0.0,0.0,0.0,0.0,0.0,0.0,0.0,0.0,0.0,0.0,0.0,0.0,0.0,0.0,0.0,0.0,0.0,0.0,0.0,0.0,0.0,0.0,0.0,0.0,0.0,0.0,0.0,0.0,0.0,0.0,0.0,0.5787299602164557,0.0,0.5876899910259286,0.0,0.0,0.0,0.0,0.0,0.0
B0BMGB2TPR,9499.0,11999.0,21.0,2500.0,0.2083506958913242,5.789849892780557,0.7880228136882129,1,4.2,284,5.652489180268651,23.74045455712833,3.3180000000000005,0.0922053231939163,0,24,1,0,0.9583333333333334,0.9971,68,4,2,0.0,0.0,0.0,0.0,4,0.0,0.0,0.2711064699260725,0.0,0.0,0.0,0.0,0.0,0.0,0.0,0.0,0.0,0.0,0.0,0.0,0.0,0.0,0.0,0.0,0.0,0.0,0.0,0.0,0.0,0.0,0.0,0.0,0.0,0.0,0.0,0.0,0.0,0.8767285028554223,0.0,0.2826784386214064,0.0,0.0,0.2791797173572557,0.0,0.0,0.0,0.0,0.0,0.0,0.0,0.0,0.0,0.0,0.0,0.0
B08MC57J31,1499.0,2499.0,40.0,1000.0,0.4001600640256102,0.0714796283059328,0.5275665399239544,2,4.3,15970,9.67852985665631,41.61767838362213,2.58,0.5874524714828897,1,25,1,1,0.92,0.985,16,5,2,0.0,0.0,0.0,0.0,4,0.0,0.0,0.0,0.2222667730745231,0.0,0.0,0.0,0.0,0.0,0.0,0.319816048348253,0.0,0.0,0.0,0.0,0.0,0.3266077929296381,0.0,0.0,0.0,0.0,0.0,0.0,0.0,0.0,0.0,0.0,0.4523486884393397,0.0,0.0,0.0,0.4083374779877221,0.0,0.0,0.0,0.0,0.0,0.0,0.0,0.0,0.3434651902683877,0.0,0.275070849666986,0.0,0.0,0.0,0.4202991616441737,0.0,0.0,0.0
B08HVL8QN3,1149.0,2199.0,48.0,1050.0,0.4774897680763983,-0.178699070764832,0.4467680608365019,2,4.3,178912,12.094654933150762,52.00701621254827,2.236,0.9657794676806084,1,18,1,1,0.8888888888888888,0.9883,18,5,2,1.2,0.0,1.1,0.0,0,0.0,0.0,0.0,0.2742970200381372,0.0,0.0,0.0,0.0,0.0,0.0,0.3946815253078143,0.0,0.0,0.0,0.0,0.0,0.4030631438186003,0.0,0.0,0.0,0.0,0.0,0.0,0.0,0.0,0.0,0.0,0.5582386226279038,0.0,0.0,0.0,0.0,0.0,0.0,0.0,0.0,0.0,0.0,0.0,0.0,0.4238666755010776,0.0,0.3394619596952303,0.0,0.0,0.0,0.0,0.0,0.0,0.0
B0746JGVDS,349.0,999.0,65.0,650.0,0.6506506506506506,-0.7505360972122945,0.2024714828897338,0,3.9,46399,10.745054738214346,41.90571347903595,1.365,0.8555133079847909,1,15,0,1,0.9333333333333332,0.9894,93,5,2,1.2,0.0,0.0,0.0,0,0.0,0.0,0.0,1.0,0.0,0.0,0.0,0.0,0.0,0.0,0.0,0.0,0.0,0.0,0.0,0.0,0.0,0.0,0.0,0.0,0.0,0.0,0.0,0.0,0.0,0.0,0.0,0.0,0.0,0.0,0.0,0.0,0.0,0.0,0.0,0.0,0.0,0.0,0.0,0.0,0.0,0.0,0.0,0.0,0.0,0.0,0.0,0.0,0.0,0.0
B08VFF6JQ8,1219.0,1699.0,28.0,480.0,0.2825191288993525,-0.128663330950679,0.4600760456273764,2,4.4,8891,9.092907275084087,40.00879201036999,3.168,0.4762357414448669,0,10,1,1,0.9,0.8266,140,5,2,0.0,1.4,0.0,0.0,2,0.0,0.5706629307645406,0.0,0.0,0.0,0.0,0.0,0.0,0.0,0.0,0.0,0.0,0.0,0.0,0.0,0.0,0.0,0.0,0.0,0.0,0.0,0.0,0.0,0.0,0.0,0.0,0.0,0.0,0.0,0.0,0.0,0.0,0.0,0.0,0.5706629307645406,0.0,0.0,0.0,0.0,0.0,0.0,0.0,0.3666257078468644,0.0,0.0,0.0,0.0,0.0,0.4628965643080926,0.0
B09NVPSCQT,1599.0,3999.0,60.0,2400.0,0.6001500375093773,0.1429592566118656,0.55893536121673,2,4.0,30254,10.31741673905642,41.26966695622568,1.6,0.7728136882129277,1,29,1,1,0.9655172413793104,0.9397,161,3,2,1.2,0.0,1.1,0.0,0,0.0,0.0,0.0,0.1752662821027841,0.0,0.0,0.0,0.0,0.3442895107478527,0.0,0.0,0.0,0.0,0.0,0.3454531706773751,0.0,0.2575433690818948,0.0,0.2952816860616264,0.0,0.0,0.0,0.0,0.0,0.0,0.0,0.0,0.0,0.0,0.0,0.0,0.0,0.0,0.0,0.0,0.2764640682217694,0.0,0.0,0.0,0.0,0.0,0.0,0.0,0.0,0.7081358117738704,0.0,0.0,0.0,0.0,0.0
B09YV4RG4D,1499.0,7999.0,81.0,6500.0,0.8126015751968996,0.0714796283059328,0.5275665399239544,2,4.2,22636,10.027341014703126,42.11483226175313,0.7979999999999998,0.7053231939163498,1,23,1,1,0.9130434782608696,0.9887,258,3,2,1.2,0.0,0.0,0.0,0,0.0,0.0,0.0,0.4436305792849523,0.0,0.0,0.0,0.0,0.0,0.0,0.0,0.0,0.0,0.0,0.0,0.0,0.0,0.0,0.0,0.0,0.0,0.0,0.0,0.0,0.0,0.0,0.0,0.0,0.0,0.0,0.0,0.0,0.0,0.0,0.0,0.0,0.0,0.0,0.0,0.0,0.0,0.0,0.0,0.0,0.8962097461662072,0.0,0.0,0.0,0.0,0.0
B09TWHTBKQ,18499.0,25999.0,29.0,7500.0,0.2884726335628293,12.22301644031451,0.8992395437262357,1,4.1,22318,10.013193612624184,41.05409381175916,2.911,0.7015209125475285,1,26,1,0,0.8846153846153846,0.9998,94,4,2,0.0,0.0,0.0,0.0,4,0.0,0.3498458744134733,0.3355242815581848,0.0,0.0,0.0,0.0,0.0,0.0,0.0,0.0,0.0,0.0,0.0,0.0,0.0,0.0,0.0,0.0,0.0,0.0,0.0,0.0,0.0,0.0,0.0,0.0,0.0,0.0,0.0,0.0,0.0,0.723365746607138,0.0,0.3498458744134733,0.0,0.0,0.3455158193659245,0.0,0.0,0.0,0.0,0.0,0.0,0.0,0.0,0.0,0.0,0.0,0.0
B08L5HMJVW,369.0,700.0,47.0,331.0,0.4728571428571428,-0.7362401715511079,0.2224334600760456,0,4.4,67259,11.11632098529426,48.91181233529475,2.3320000000000003,0.8878326996197718,1,8,1,0,1.0,0.7543,52,4,2,1.2,0.0,1.1,0.0,0,0.0,0.0,0.0,0.0,0.0,0.0,0.0,0.0,0.0,0.0,0.0,0.0,0.0,0.0,0.0,0.0,0.0,0.0,0.0,0.0,0.0,0.0,0.0,0.0,0.0,0.0,0.0,0.0,0.0,0.0,0.0,0.0,0.0,0.0,0.0,0.0,0.0,0.0,0.0,0.0,0.0,1.0,0.0,0.0,0.0,0.0,0.0,0.0,0.0,0.0
B0B4F2XCK3,12999.0,17999.0,28.0,5000.0,0.2777932107339296,8.291636883488206,0.8222433460076045,1,4.1,18998,9.85214162518454,40.39378066325661,2.9519999999999995,0.6473384030418251,1,18,1,0,0.9444444444444444,0.9967,87,4,2,0.0,0.0,0.0,0.0,4,0.0,0.0,0.358157213039967,0.0,0.0,0.0,0.0,0.0,0.0,0.0,0.0,0.0,0.0,0.0,0.0,0.0,0.0,0.0,0.0,0.0,0.0,0.0,0.0,0.0,0.0,0.0,0.0,0.0,0.0,0.0,0.0,0.0,0.7721606871795343,0.0,0.3734448749627412,0.0,0.0,0.3688227342314131,0.0,0.0,0.0,0.0,0.0,0.0,0.0,0.0,0.0,0.0,0.0,0.0
B0BF54972T,1799.0,19999.0,91.0,18200.0,0.9100455022751136,0.2859185132237312,0.5855513307984791,2,4.2,13937,9.542374201998465,40.07797164839355,0.3779999999999999,0.5532319391634981,1,23,1,1,0.9565217391304348,0.9958,180,3,2,1.2,0.0,0.0,0.0,0,0.0,0.0,0.0,0.0,0.0,0.4962843533027148,0.0,0.0,0.0,0.0,0.0,0.0,0.0,0.0,0.0,0.0,0.0,0.0,0.0,0.0,0.0,0.0,0.0,0.0,0.0,0.0,0.0,0.0,0.0,0.0,0.0,0.5057728168012442,0.0,0.0,0.0,0.4342612785229178,0.0,0.0,0.0,0.0,0.0,0.0,0.0,0.0,0.556159006424855,0.0,0.0,0.0,0.0,0.0
B09YV4MW2T,2199.0,9999.0,78.0,7800.0,0.7800780078007801,0.5718370264474625,0.6520912547528517,3,4.2,29471,10.291195939055031,43.22302294403114,0.924,0.7604562737642585,1,29,1,1,0.8275862068965517,0.9963,362,3,2,1.2,0.0,1.1,0.0,0,0.0,0.0,0.0,0.0,0.0,0.6809545846188961,0.0,0.0,0.0,0.0,0.0,0.0,0.0,0.0,0.0,0.0,0.0,0.0,0.0,0.0,0.0,0.0,0.0,0.0,0.0,0.0,0.7323256472953182,0.0,0.0,0.0,0.0,0.0,0.0,0.0,0.0,0.0,0.0,0.0,0.0,0.0,0.0,0.0,0.0,0.0,0.0,0.0,0.0,0.0,0.0,0.0
B09TWH8YHM,16999.0,24999.0,32.0,8000.0,0.3200128005120204,11.150822015725518,0.8906844106463878,1,4.1,22318,10.013193612624184,41.05409381175916,2.788,0.7015209125475285,1,26,1,0,0.8846153846153846,0.9998,81,4,2,0.0,0.0,0.0,0.0,4,0.0,0.3498458744134733,0.3355242815581848,0.0,0.0,0.0,0.0,0.0,0.0,0.0,0.0,0.0,0.0,0.0,0.0,0.0,0.0,0.0,0.0,0.0,0.0,0.0,0.0,0.0,0.0,0.0,0.0,0.0,0.0,0.0,0.0,0.0,0.723365746607138,0.0,0.3498458744134733,0.0,0.0,0.3455158193659245,0.0,0.0,0.0,0.0,0.0,0.0,0.0,0.0,0.0,0.0,0.0,0.0
B07WGMMQGP,16499.0,20999.0,21.0,4500.0,0.2142959188532787,10.793423874195854,0.8830798479087453,1,4.0,21350,9.968853855967382,39.875415423869526,3.16,0.6825095057034221,1,21,1,1,1.0,0.1548,179,4,2,0.0,0.0,0.0,0.0,4,0.0,0.0,0.4307364912535427,0.0,0.4369716742297893,0.0,0.0,0.0,0.0,0.0,0.0,0.0,0.0,0.0,0.4595454856133644,0.0,0.0,0.0,0.0,0.0,0.0,0.0,0.0,0.0,0.0,0.0,0.0,0.0,0.0,0.0,0.0,0.0,0.4643181443375289,0.0,0.0,0.0,0.0,0.4435633421674209,0.0,0.0,0.0,0.0,0.0,0.0,0.0,0.0,0.0,0.0,0.0,0.0
B0BF563HB4,1799.0,19999.0,91.0,18200.0,0.9100455022751136,0.2859185132237312,0.5855513307984791,2,4.2,13937,9.542374201998465,40.07797164839355,0.3779999999999999,0.5532319391634981,1,23,1,1,0.9565217391304348,0.9958,180,3,2,1.2,0.0,0.0,0.0,0,0.0,0.0,0.0,0.0,0.0,0.4962843533027148,0.0,0.0,0.0,0.0,0.0,0.0,0.0,0.0,0.0,0.0,0.0,0.0,0.0,0.0,0.0,0.0,0.0,0.0,0.0,0.0,0.0,0.0,0.0,0.0,0.0,0.5057728168012442,0.0,0.0,0.0,0.4342612785229178,0.0,0.0,0.0,0.0,0.0,0.0,0.0,0.0,0.556159006424855,0.0,0.0,0.0,0.0,0.0
B07JW9H4J1,399.0,1099.0,64.0,700.0,0.6369426751592356,0.1432664756446991,0.5598669623059866,0,4.2,24270,10.09703750100326,42.40755750421369,1.512,0.8093126385809313,1,32,1,0,0.875,0.8974,132,5,1,1.2,0.0,1.1,0.0,0,0.0,0.0,0.0,0.0,0.0,0.0,0.2859375076874588,0.1957161745830058,0.0,0.0,0.2208043981251729,0.0,0.2546134130635578,0.2664049918324979,0.0,0.0,0.2254934907528188,0.274473085106196,0.0,0.0,0.0,0.0,0.3100060713914077,0.2928425469543644,0.0,0.0,0.0,0.0,0.3100060713914077,0.3024633933514337,0.0,0.2819205337714958,0.0,0.0,0.0,0.0,0.0,0.0,0.2901790072720203,0.0,0.0,0.0,0.1899118374959138,0.0,0.0,0.0,0.0,0.0,0.0,0.0
B09GFPVD9Y,8499.0,10999.0,23.0,2500.0,0.2272933903082098,5.0750536097212295,0.7690114068441065,1,4.1,313836,12.656629021826786,51.89217898948982,3.157,0.9857414448669202,1,17,1,1,1.0,0.948,59,4,2,0.0,0.0,1.1,0.0,3,0.0,0.0,0.5333474426398063,0.288692995067339,0.0,0.0,0.0,0.0,0.0,0.0,0.0,0.0,0.0,0.0,0.0,0.0,0.0,0.0,0.0,0.0,0.0,0.0,0.0,0.0,0.0,0.0,0.0,0.0,0.0,0.0,0.0,0.0,0.5749289876346055,0.0,0.0,0.0,0.0,0.5492299329115954,0.0,0.0,0.0,0.0,0.0,0.0,0.0,0.0,0.0,0.0,0.0,0.0
B09GFLXVH9,6499.0,8499.0,24.0,2000.0,0.2353218025650076,3.645461043602573,0.7414448669201521,3,4.1,313836,12.656629021826786,51.89217898948982,3.116,0.9857414448669202,1,19,1,1,1.0,0.948,76,4,2,0.0,0.0,1.1,0.0,3,0.0,0.0,0.557066369123978,0.0,0.0,0.0,0.0,0.0,0.0,0.0,0.0,0.0,0.0,0.0,0.0,0.0,0.0,0.0,0.0,0.0,0.0,0.0,0.0,0.0,0.0,0.0,0.0,0.0,0.0,0.0,0.0,0.0,0.6004971207146661,0.0,0.0,0.0,0.0,0.5736551824959166,0.0,0.0,0.0,0.0,0.0,0.0,0.0,0.0,0.0,0.0,0.0,0.0
B0BF4YBLPX,1799.0,19999.0,91.0,18200.0,0.9100455022751136,0.2859185132237312,0.5855513307984791,2,4.2,13937,9.542374201998465,40.07797164839355,0.3779999999999999,0.5532319391634981,1,23,1,1,0.9565217391304348,0.9958,180,3,2,1.2,0.0,0.0,0.0,0,0.0,0.0,0.0,0.0,0.0,0.4962843533027148,0.0,0.0,0.0,0.0,0.0,0.0,0.0,0.0,0.0,0.0,0.0,0.0,0.0,0.0,0.0,0.0,0.0,0.0,0.0,0.0,0.0,0.0,0.0,0.0,0.0,0.5057728168012442,0.0,0.0,0.0,0.4342612785229178,0.0,0.0,0.0,0.0,0.0,0.0,0.0,0.0,0.556159006424855,0.0,0.0,0.0,0.0,0.0
B09XB7DPW1,8999.0,11999.0,25.0,3000.0,0.2500208350695891,5.432451751250894,0.779467680608365,1,4.0,12796,9.456966047437597,37.82786418975039,3.0,0.5342205323193916,1,30,1,1,0.9666666666666668,0.4215,64,4,2,0.0,0.0,0.0,0.0,4,0.0,0.0,0.2716864739681173,0.0,0.2756193074098174,0.0,0.0,0.0,0.0,0.0,0.0,0.0,0.0,0.0,0.0,0.0,0.0,0.0,0.0,0.0,0.0,0.0,0.0,0.0,0.0,0.0,0.0,0.0,0.0,0.0,0.0,0.0,0.8786041721287182,0.0,0.0,0.0,0.0,0.2797769932709154,0.0,0.0,0.0,0.0,0.0,0.0,0.0,0.0,0.0,0.0,0.0,0.0
B07PFJ5W31,139.0,495.0,72.0,356.0,0.7191919191919192,-0.9006433166547534,0.0408745247148289,0,4.3,14185,9.560010841762033,41.10804661957674,1.204,0.5608365019011406,1,10,1,0,0.9,0.8852,13,5,2,1.2,0.0,0.0,0.0,0,0.0,0.5509396071710251,0.0,0.0,0.0,0.0,0.0,0.0,0.0,0.0,0.0,0.0,0.0,0.0,0.0,0.0,0.0,0.0,0.0,0.0,0.0,0.0,0.0,0.0,0.0,0.0,0.0,0.0,0.0,0.0,0.0,0.0,0.0,0.0,0.0,0.0,0.0,0.0,0.0,0.0,0.4419624847540045,0.0,0.7079086885469784,0.0,0.0,0.0,0.0,0.0,0.0,0.0
B0B3N7LR6K,3999.0,16999.0,76.0,13000.0,0.7647508676980999,1.858470335954253,0.714828897338403,3,4.3,17159,9.750336373041954,41.9264464040804,1.032,0.6064638783269962,1,23,1,1,0.9565217391304348,0.9992,381,3,2,1.2,0.0,0.0,0.0,0,0.0,0.0,0.0,0.0,0.0,1.0,0.0,0.0,0.0,0.0,0.0,0.0,0.0,0.0,0.0,0.0,0.0,0.0,0.0,0.0,0.0,0.0,0.0,0.0,0.0,0.0,0.0,0.0,0.0,0.0,0.0,0.0,0.0,0.0,0.0,0.0,0.0,0.0,0.0,0.0,0.0,0.0,0.0,0.0,0.0,0.0,0.0,0.0,0.0,0.0
B09ZQK9X8G,2998.0,5999.0,50.0,3001.0,0.5002500416736123,1.1429592566118656,0.6929657794676806,3,4.1,5179,8.55256033525353,35.06549737453947,2.05,0.3963878326996197,0,26,1,1,0.9615384615384616,0.4616,143,3,2,1.2,0.0,0.0,0.0,0,0.0,0.0,0.0,0.235186883623323,0.0,0.4239678202176407,0.0,0.0,0.0,0.0,0.0,0.0,0.0,0.0,0.4635578142849026,0.0,0.0,0.0,0.0,0.0,0.0,0.0,0.0,0.0,0.0,0.0,0.0,0.0,0.0,0.0,0.0,0.4320736634905846,0.0,0.0,0.0,0.3709824950858068,0.0,0.0,0.0,0.0,0.0,0.0,0.0,0.0,0.4751177829387044,0.0,0.0,0.0,0.0,0.0
B098NS6PVG,199.0,349.0,43.0,150.0,0.4297994269340974,-0.4297994269340974,0.2139689578713969,0,4.0,43993,10.691808539965669,42.767234159862674,2.28,0.9046563192904656,1,31,1,1,0.935483870967742,0.9853,93,5,1,0.0,0.0,1.1,0.0,3,0.0,0.0,0.0,0.181583461124731,0.0,0.0,0.3383493963807975,0.2315906369460994,0.3566988484064059,0.0,0.2612774918131325,0.0,0.0,0.3152366015509982,0.0,0.0,0.2668260876338382,0.0,0.0,0.0,0.0,0.0,0.0,0.0,0.0,0.0,0.0,0.0,0.0,0.0,0.0,0.0,0.0,0.0,0.0,0.0,0.0,0.0,0.3433683560681513,0.0,0.5611958743278922,0.0,0.0,0.0,0.0,0.0,0.0,0.0,0.0,0.0
B07WJV6P1R,15499.0,18999.0,18.0,3500.0,0.1842202221169535,10.078627591136526,0.873574144486692,1,4.1,19252,9.865422171729335,40.44823090409027,3.362,0.6596958174904943,1,33,1,0,0.9090909090909092,0.9726,155,4,2,0.0,0.0,0.0,0.0,4,0.0,0.5022643006316475,0.4817031754463003,0.0,0.0,0.0,0.0,0.0,0.0,0.0,0.0,0.0,0.0,0.0,0.0,0.0,0.0,0.0,0.0,0.0,0.0,0.0,0.0,0.0,0.0,0.0,0.0,0.0,0.0,0.0,0.0,0.0,0.5192583611706748,0.0,0.0,0.0,0.0,0.4960477572072045,0.0,0.0,0.0,0.0,0.0,0.0,0.0,0.0,0.0,0.0,0.0,0.0
B096MSW6CT,199.0,999.0,80.0,800.0,0.8008008008008008,-0.4297994269340974,0.2139689578713969,0,3.9,7928,8.978282203272398,35.01530059276235,0.7799999999999998,0.5121951219512195,0,27,1,0,0.9629629629629628,0.7089,151,5,1,1.2,0.0,0.0,0.0,0,0.0,0.0,0.0,0.0,0.0,0.0,0.0,0.4205463595352753,0.0,0.0,0.2372274187321613,0.0,0.2735510853430202,0.2862196998175691,0.0,0.0,0.2422652773513625,0.0,0.0,0.0,0.0,0.0,0.3330637466097537,0.3146236311359762,0.0,0.0,0.0,0.0,0.3330637466097537,0.0,0.0,0.3028892589190707,0.0,0.0,0.0,0.0,0.0,0.0,0.3117619823241849,0.0,0.0,0.0,0.2040371268795896,0.0,0.0,0.0,0.0,0.0,0.0,0.0
B0BF54LXW6,1799.0,19999.0,91.0,18200.0,0.9100455022751136,0.2859185132237312,0.5855513307984791,2,4.2,13937,9.542374201998465,40.07797164839355,0.3779999999999999,0.5532319391634981,1,23,1,1,0.9565217391304348,0.9958,180,3,2,1.2,0.0,0.0,0.0,0,0.0,0.0,0.0,0.0,0.0,0.4962843533027148,0.0,0.0,0.0,0.0,0.0,0.0,0.0,0.0,0.0,0.0,0.0,0.0,0.0,0.0,0.0,0.0,0.0,0.0,0.0,0.0,0.0,0.0,0.0,0.0,0.0,0.5057728168012442,0.0,0.0,0.0,0.4342612785229178,0.0,0.0,0.0,0.0,0.0,0.0,0.0,0.0,0.556159006424855,0.0,0.0,0.0,0.0,0.0
B09XB7SRQ5,8999.0,11999.0,25.0,3000.0,0.2500208350695891,5.432451751250894,0.779467680608365,1,4.0,12796,9.456966047437597,37.82786418975039,3.0,0.5342205323193916,1,30,1,1,0.9666666666666668,0.4215,64,4,2,0.0,0.0,0.0,0.0,4,0.0,0.0,0.2726120839343486,0.0,0.0,0.0,0.0,0.0,0.0,0.0,0.0,0.0,0.0,0.0,0.0,0.0,0.0,0.2639300769838358,0.0,0.0,0.0,0.0,0.0,0.0,0.0,0.0,0.0,0.0,0.0,0.0,0.0,0.0,0.8815974929452349,0.0,0.0,0.0,0.0,0.28073016686661,0.0,0.0,0.0,0.0,0.0,0.0,0.0,0.0,0.0,0.0,0.0,0.0
B09FFK1PQG,873.0,1699.0,49.0,826.0,0.4861683343143025,-0.3759828448892066,0.3897338403041825,2,4.4,1680,7.427144133408616,32.67943418699791,2.244,0.2452471482889733,0,30,1,1,0.8666666666666667,0.9545,43,5,2,1.2,0.0,0.0,0.0,0,0.0,0.3973231497223231,0.0,0.2062609895780905,0.0,0.0,0.0,0.0,0.405174882106321,0.4122136845357335,0.0,0.0,0.3422286502380707,0.0,0.0,0.0,0.3030882468023962,0.0,0.0,0.0,0.0,0.0,0.0,0.3936128437642593,0.0,0.0,0.0,0.0,0.0,0.0,0.0,0.0,0.0,0.0,0.0,0.0,0.0,0.0,0.0,0.0,0.3187317161734828,0.0,0.0,0.0,0.0,0.0,0.0,0.0,0.0,0.0
B09RMQYHLH,12999.0,15999.0,19.0,3000.0,0.1875117194824676,8.291636883488206,0.8222433460076045,1,4.2,13246,9.491526390684262,39.8644108408739,3.4020000000000006,0.5456273764258555,1,21,1,1,1.0,0.9888,96,4,2,0.0,0.0,0.0,0.0,4,0.0,0.0,0.0,0.0,0.3946534791656386,0.0,0.0,0.0,0.0,0.0,0.0,0.0,0.0,0.0,0.4150411466643606,0.0,0.0,0.0,0.0,0.0,0.0,0.0,0.0,0.0,0.0,0.0,0.0,0.0,0.0,0.0,0.0,0.0,0.4193516008229321,0.0,0.0,0.0,0.4208289935867707,0.4006067819504843,0.0,0.0,0.0,0.3981844764142075,0.0,0.0,0.0,0.0,0.0,0.0,0.0,0.0
B08ZN4B121,539.0,1599.0,66.0,1060.0,0.6629143214509068,-0.6147248034310222,0.311787072243346,2,3.8,14648,9.59212735272977,36.450083940373126,1.2919999999999998,0.5798479087452472,1,24,1,1,0.75,0.9945,132,5,2,1.2,0.0,0.0,0.0,0,0.0,0.0,0.0,0.0,0.0,0.3963546444194493,0.0,0.0,0.0,0.0,0.0,0.0,0.3648072176148402,0.0,0.0,0.0,0.0,0.0,0.0,0.0,0.0,0.0,0.0,0.4195814881402073,0.0,0.0,0.0,0.0,0.0,0.0,0.0,0.0,0.0,0.4441731917704441,0.4235365818827079,0.0,0.0,0.0,0.0,0.0,0.0,0.0,0.0,0.0,0.0,0.0,0.0,0.0,0.0,0.3963546444194493
B0B3RSDSZ3,1999.0,9999.0,80.0,8000.0,0.8000800080008,0.4288777698355968,0.6254752851711026,2,4.3,27696,10.229079383061112,43.98504134716278,0.8599999999999998,0.7423954372623575,1,22,1,1,0.9090909090909092,0.9996,310,3,2,1.2,0.0,0.0,0.0,0,0.0,0.0,0.0,0.0,0.0,0.5752909504930336,0.0,0.0,0.0,0.0,0.0,0.0,0.0,0.0,0.0,0.0,0.0,0.0,0.0,0.0,0.0,0.0,0.0,0.0,0.0,0.0,0.0,0.0,0.0,0.0,0.0,0.0,0.0,0.0,0.0,0.5033940361431958,0.0,0.0,0.0,0.0,0.0,0.0,0.0,0.0,0.6446974225606031,0.0,0.0,0.0,0.0,0.0
B08VB34KJ1,15490.0,20990.0,26.0,5500.0,0.2620295378751786,10.072194424588991,0.8669201520912547,1,4.2,32916,10.401744520626265,43.6873269866303,3.108,0.8108365019011406,1,13,1,0,0.8461538461538461,0.9556,94,4,2,0.0,0.0,1.1,0.0,3,0.0,0.0,0.0,0.0,0.0,0.0,0.0,0.0,0.0,0.0,0.0,0.0,0.0,0.0,0.0,0.0,0.0,0.0,0.0,0.0,0.0,0.0,0.0,0.0,0.0,0.0,0.0,0.0,0.0,0.0,0.0,0.0,0.7230828129842436,0.0,0.0,0.0,0.0,0.6907613521085219,0.0,0.0,0.0,0.0,0.0,0.0,0.0,0.0,0.0,0.0,0.0,0.0
B09T39K9YL,19999.0,24999.0,20.0,5000.0,0.2000080003200128,13.295210864903504,0.908745247148289,1,3.9,25824,10.15909829398784,39.62048334655257,3.12,0.7186311787072244,1,28,1,1,1.0,0.9983,93,4,2,0.0,0.0,0.0,0.0,4,0.0,0.0,0.0,0.2054194978211074,0.0,0.0,0.0,0.0,0.4035218728575702,0.4105319587844802,0.0,0.0,0.0,0.0,0.404885731527299,0.0,0.0,0.0,0.0,0.0,0.0,0.0,0.0,0.0,0.0,0.0,0.0,0.0,0.0,0.0,0.0,0.3773865005078891,0.4090907155372807,0.0,0.0,0.0,0.0,0.3908045534000715,0.0,0.0,0.0,0.0,0.0,0.0,0.0,0.0,0.0,0.0,0.0,0.0
B08VF8V79P,1075.0,1699.0,37.0,624.0,0.3672748675691583,-0.2315939957112223,0.4391634980988593,2,4.4,7462,8.917712757131387,39.237936131378106,2.772,0.4505703422053232,0,11,1,1,0.9090909090909092,0.9361,134,5,2,0.0,0.0,0.0,0.0,4,0.0,0.6105918963561946,0.0,0.3169744548204858,0.0,0.0,0.0,0.0,0.0,0.0,0.0,0.0,0.0,0.0,0.0,0.0,0.0,0.0,0.0,0.0,0.0,0.0,0.0,0.0,0.0,0.0,0.0,0.0,0.0,0.0,0.0,0.0,0.0,0.0,0.6105918963561946,0.0,0.0,0.0,0.0,0.0,0.0,0.0,0.3922783032485332,0.0,0.0,0.0,0.0,0.0,0.0,0.0
B08G28Z33M,399.0,699.0,43.0,300.0,0.4291845493562232,-0.7147962830593281,0.2480988593155893,0,4.0,37817,10.540540458741166,42.16216183496466,2.28,0.8269961977186312,1,10,0,1,0.8,0.9737,63,4,2,0.0,0.0,1.1,0.0,3,0.0,0.0,0.0,0.4584226388151722,0.0,0.0,0.0,0.0,0.0,0.0,0.0,0.0,0.0,0.0,0.0,0.0,0.0,0.0,0.0,0.0,0.0,0.0,0.0,0.0,0.0,0.0,0.8887343158794613,0.0,0.0,0.0,0.0,0.0,0.0,0.0,0.0,0.0,0.0,0.0,0.0,0.0,0.0,0.0,0.0,0.0,0.0,0.0,0.0,0.0,0.0,0.0
B09PNKXSKF,1999.0,3990.0,50.0,1991.0,0.4989974937343358,0.4288777698355968,0.6254752851711026,2,4.0,30254,10.31741673905642,41.26966695622568,2.0,0.7728136882129277,1,28,1,0,0.9285714285714286,0.9397,157,3,2,1.2,0.0,1.1,0.0,0,0.0,0.0,0.0,0.0,0.0,0.0,0.0,0.0,0.0,0.0,0.0,0.0,0.0,0.0,0.3900456528774282,0.0,0.0,0.0,0.3333978315984754,0.0,0.0,0.0,0.0,0.0,0.0,0.0,0.0,0.0,0.0,0.0,0.0,0.0,0.0,0.0,0.0,0.31215116009868,0.0,0.0,0.0,0.0,0.0,0.0,0.0,0.0,0.7995448253887356,0.0,0.0,0.0,0.0,0.0
B0B5DDJNH4,1999.0,7990.0,75.0,5991.0,0.7498122653316646,0.4288777698355968,0.6254752851711026,2,3.8,17831,9.788749875065704,37.19724952524968,0.95,0.6216730038022814,1,31,1,1,0.935483870967742,0.9989,151,3,2,1.2,0.0,0.0,0.0,0,0.0,0.0,0.0,0.0,0.0,0.2994093714415545,0.0,0.0,0.0,0.0,0.0,0.0,0.0,0.0,0.3273681331064583,0.0,0.0,0.0,0.279823207634704,0.0,0.0,0.0,0.0,0.0,0.0,0.0,0.0,0.0,0.0,0.0,0.0,0.0,0.0,0.0,0.0,0.5239814456316102,0.0,0.0,0.0,0.0,0.0,0.0,0.0,0.0,0.6710637457218194,0.0,0.0,0.0,0.0,0.0
B08HDJ86NZ,329.0,699.0,53.0,370.0,0.5293276108726752,-0.0573065902578796,0.442350332594235,0,4.2,94364,11.45492552067224,48.110687186823405,1.974,0.9733924611973392,1,32,1,1,0.90625,0.8316,109,5,1,1.2,0.0,1.1,0.0,0,0.0,0.0,0.0,0.0,0.0,0.0,0.0,0.2748911592369248,0.0,0.0,0.3101285680376804,0.0,0.0,0.3741764173930348,0.0,0.0,0.3167145853197432,0.0,0.0,0.0,0.0,0.0,0.0,0.0,0.0,0.0,0.0,0.4386466899455127,0.0,0.0,0.0,0.0,0.0,0.0,0.0,0.0,0.0,0.0,0.0,0.0,0.3330613587994023,0.0,0.5334774734208325,0.0,0.0,0.0,0.0,0.0,0.0,0.0
B08CF3B7N1,154.0,399.0,61.0,245.0,0.6140350877192983,-0.5587392550143266,0.1230598669623059,0,4.2,16905,9.735423867488873,40.88878024345327,1.638,0.7228381374722838,1,20,1,0,0.9,0.9955,95,5,1,1.2,0.0,0.0,0.0,0,0.0,0.0,0.0,0.0,0.0,0.0,0.0,0.2513643872578482,0.3871546304616977,0.0,0.2835859752359546,0.0,0.0,0.0,0.0,0.0,0.2896083231469272,0.3525143438118317,0.0,0.0,0.0,0.0,0.3981504663451571,0.3761068165931907,0.0,0.0,0.0,0.0,0.0,0.0,0.0,0.0,0.0,0.0,0.0,0.0,0.0,0.0,0.3726859495053484,0.0,0.0,0.0,0.2439096961039697,0.0,0.0,0.0,0.0,0.0,0.0,0.0
B07WDKLDRX,28999.0,34999.0,17.0,6000.0,0.1714334695277008,19.728377412437457,0.946768060836502,1,4.4,20311,9.918967123384514,43.64345534289186,3.652,0.6692015209125475,1,17,1,0,1.0,0.999,83,4,2,0.0,1.4,0.0,0.0,2,0.0,0.0,0.0,0.0,0.0,0.0,0.0,0.0,0.0,0.0,0.0,0.0,0.0,0.0,0.0,0.0,0.0,0.0,0.0,0.0,0.0,0.0,0.0,0.0,0.0,0.0,0.0,0.0,0.0,0.0,0.0,0.0,0.7230828129842436,0.0,0.0,0.0,0.0,0.6907613521085219,0.0,0.0,0.0,0.0,0.0,0.0,0.0,0.0,0.0,0.0,0.0,0.0
B09MQSCJQ1,2299.0,7990.0,71.0,5691.0,0.7122653316645807,0.6433166547533953,0.658745247148289,3,4.2,69622,11.150850251502822,46.833571056311854,1.2180000000000002,0.9068441064638784,1,30,1,1,0.9666666666666668,0.9868,153,3,2,1.2,0.0,1.1,0.0,0,0.0,0.0,0.4735895108231194,0.2563469201901411,0.0,0.0,0.0,0.0,0.0,0.0,0.0,0.0,0.0,0.0,0.5052646482289793,0.0,0.0,0.0,0.43188313178264,0.0,0.0,0.0,0.0,0.0,0.0,0.0,0.0,0.0,0.0,0.0,0.0,0.0,0.0,0.0,0.0,0.0,0.0,0.0,0.0,0.0,0.0,0.0,0.0,0.0,0.5178646806637932,0.0,0.0,0.0,0.0,0.0
B094YFFSMY,399.0,1999.0,80.0,1600.0,0.80040020010005,-0.7147962830593281,0.2480988593155893,0,4.0,3382,8.12651816878071,32.50607267512284,0.7999999999999998,0.3317490494296577,0,24,1,1,0.75,0.9403,103,5,2,1.2,0.0,0.0,0.0,0,0.0,0.0,0.0,0.0,0.0,0.3963546444194493,0.0,0.0,0.0,0.0,0.0,0.0,0.3648072176148402,0.0,0.0,0.0,0.0,0.0,0.0,0.0,0.0,0.0,0.0,0.4195814881402073,0.0,0.0,0.0,0.0,0.0,0.0,0.0,0.0,0.0,0.4441731917704441,0.4235365818827079,0.0,0.0,0.0,0.0,0.0,0.0,0.0,0.0,0.0,0.0,0.0,0.0,0.0,0.0,0.3963546444194493
B09MT84WV5,1149.0,3999.0,71.0,2850.0,0.7126781695423856,-0.178699070764832,0.4467680608365019,2,4.3,140036,11.84966195238841,50.95354639527016,1.247,0.9553231939163498,1,19,1,1,0.9473684210526316,0.942,57,4,2,1.2,0.0,1.1,0.0,0,0.0,0.5190652864071458,0.0,0.0,0.505022588347226,0.0,0.0,0.0,0.0,0.0,0.0,0.0,0.0,0.0,0.0,0.0,0.0,0.0,0.4539764775329267,0.0,0.0,0.0,0.0,0.0,0.0,0.0,0.0,0.0,0.0,0.0,0.0,0.0,0.0,0.0,0.5190652864071458,0.0,0.0,0.0,0.0,0.0,0.0,0.0,0.0,0.0,0.0,0.0,0.0,0.0,0.0,0.0
B08VS3YLRK,529.0,1499.0,65.0,970.0,0.6470980653769179,-0.6218727662616155,0.3098859315589353,2,4.1,8599,9.0595174822416,37.14402167719055,1.4349999999999998,0.4695817490494297,0,28,1,1,0.9285714285714286,0.9701,142,5,2,1.2,0.0,0.0,0.0,0,0.1853268682962023,0.3864748028982935,0.0,0.0,0.0,0.0,0.0,0.0,0.0,0.2004793863562492,0.1443411378637809,0.0,0.0,0.0,0.0,0.0,0.2948128507629322,0.0,0.0,0.0,0.0,0.0,0.2026527979934062,0.1914329007991881,0.0,0.0,0.0,0.0,0.4053055959868124,0.0,0.0,0.5528793490155983,0.0,0.0,0.0,0.0,0.0,0.0,0.0,0.0,0.3100291973212976,0.0,0.0,0.0,0.0,0.0,0.0,0.0,0.1567456451162777,0.0
B0B4F3QNDM,13999.0,19499.0,28.0,5500.0,0.2820657469613826,9.006433166547534,0.8498098859315589,1,4.1,18998,9.85214162518454,40.39378066325661,2.9519999999999995,0.6473384030418251,1,19,1,0,0.9473684210526316,0.9967,86,4,2,0.0,0.0,0.0,0.0,4,0.0,0.0,0.358157213039967,0.0,0.0,0.0,0.0,0.0,0.0,0.0,0.0,0.0,0.0,0.0,0.0,0.0,0.0,0.0,0.0,0.0,0.0,0.0,0.0,0.0,0.0,0.0,0.0,0.0,0.0,0.0,0.0,0.0,0.7721606871795343,0.0,0.3734448749627412,0.0,0.0,0.3688227342314131,0.0,0.0,0.0,0.0,0.0,0.0,0.0,0.0,0.0,0.0,0.0,0.0
B07GQD4K6L,379.0,999.0,62.0,620.0,0.6206206206206206,-0.7290922087205146,0.2271863117870722,0,4.1,363713,12.804123123497911,52.49690480634144,1.5579999999999998,0.991444866920152,1,10,1,1,0.8,0.978,200,4,2,1.2,0.0,1.1,0.0,0,0.0,0.0,0.0,0.0,0.0,0.0,0.0,0.0,0.0,0.0,0.0,0.0,0.0,0.0,0.0,0.0,0.0,0.0,0.0,0.0,0.0,0.0,0.0,0.0,0.0,0.0,1.0,0.0,0.0,0.0,0.0,0.0,0.0,0.0,0.0,0.0,0.0,0.0,0.0,0.0,0.0,0.0,0.0,0.0,0.0,0.0,0.0,0.0,0.0,0.0
B07WDKLRM4,13999.0,19999.0,30.0,6000.0,0.3000150007500375,9.006433166547534,0.8498098859315589,1,4.1,19252,9.865422171729335,40.44823090409027,2.87,0.6596958174904943,1,27,1,1,0.8888888888888888,0.9726,91,4,2,0.0,0.0,0.0,0.0,4,0.0,0.0,0.0,0.0,0.3393834265648427,0.0,0.0,0.0,0.3557135894909712,0.0,0.0,0.0,0.0,0.0,0.7138317230505553,0.0,0.0,0.0,0.0,0.0,0.0,0.0,0.0,0.0,0.0,0.0,0.0,0.0,0.0,0.0,0.0,0.0,0.3606226493267674,0.0,0.0,0.0,0.0,0.3445029869010914,0.0,0.0,0.0,0.0,0.0,0.0,0.0,0.0,0.0,0.0,0.0,0.0
B0BP18W8TM,3999.0,9999.0,60.0,6000.0,0.6000600060006,1.858470335954253,0.714828897338403,3,4.4,73,4.30406509320417,18.93788641009835,1.7600000000000002,0.0275665399239543,0,24,1,1,0.9583333333333334,0.977,167,3,2,1.2,0.0,0.0,1.0,0,0.0,0.0,0.0,0.0,0.0,0.4869657767100166,0.0,0.0,0.0,0.0,0.0,0.0,0.0,0.0,0.5324385019772608,0.0,0.0,0.0,0.0,0.0,0.0,0.0,0.0,0.0,0.0,0.0,0.0,0.0,0.0,0.0,0.0,0.0,0.0,0.0,0.0,0.4261072898705886,0.0,0.0,0.0,0.0,0.0,0.0,0.0,0.0,0.5457161821355151,0.0,0.0,0.0,0.0,0.0
B08Y1TFSP6,149.0,1000.0,85.0,851.0,0.851,-0.5730659025787965,0.0997782705099778,0,3.9,24870,10.12145774507634,39.47368520579772,0.5850000000000001,0.8226164079822617,1,31,1,1,0.8387096774193549,0.8081,126,5,1,1.2,0.0,0.0,0.0,0,0.0,0.2675322840992258,0.0,0.1388831073672848,0.0,0.0,0.2587846671395467,0.3542616392155816,0.0,0.0,0.3996732931884402,0.0,0.0,0.482213947328956,0.0,0.0,0.2040804594631432,0.0,0.0,0.0,0.0,0.0,0.0,0.0,0.0,0.0,0.0,0.0,0.0,0.0,0.0,0.0,0.0,0.0,0.0,0.0,0.0,0.0,0.2626233907370224,0.0,0.4292275650303855,0.0,0.1718776667311466,0.0,0.0,0.0,0.0,0.0,0.0,0.0
B07GXHC691,99.0,499.0,80.0,400.0,0.8016032064128257,-0.9292351679771264,0.0180608365019011,0,4.3,42641,10.660594962054953,45.84055833683629,0.8599999999999998,0.8403041825095057,1,28,1,1,0.9285714285714286,0.9851,185,4,2,1.2,0.0,1.1,0.0,0,0.0,0.0,0.0,0.2499876170790811,0.0,0.0,0.0,0.0,0.0,0.0,0.0,0.0,0.0,0.0,0.0,0.0,0.0,0.0,0.0,0.0,0.4961182384838393,0.0,0.0,0.4770574264460908,0.0,0.0,0.0,0.0,0.0,0.0,0.4815543046341958,0.0,0.0,0.0,0.4815543046341958,0.0,0.0,0.0,0.0,0.0,0.0,0.0,0.0,0.0,0.0,0.0,0.0,0.0,0.0,0.0
B08FN6WGDQ,4790.0,15990.0,70.0,11200.0,0.7004377736085053,2.4238741958541814,0.7262357414448669,3,4.0,4390,8.387312270561717,33.54924908224687,1.2000000000000002,0.3631178707224334,0,18,1,1,0.8888888888888888,0.9987,112,4,2,1.2,0.0,0.0,0.0,0,0.0,0.0,0.0,0.2584704145252896,0.0,0.4659406874600463,0.0,0.0,0.0,0.0,0.0,0.0,0.0,0.0,0.0,0.0,0.0,0.0,0.0,0.0,0.0,0.0,0.0,0.0,0.0,0.0,0.501091149472724,0.0,0.0,0.0,0.0,0.0,0.0,0.0,0.4978948245099041,0.0,0.0,0.0,0.0,0.0,0.0,0.0,0.0,0.0,0.0,0.0,0.0,0.0,0.0,0.4659406874600463
B0B3D39RKV,33999.0,33999.0,0.0,0.0,0.0,23.302358827734096,0.9752851711026616,1,4.3,17415,9.765144602914384,41.990121792531845,4.3,0.6140684410646388,1,10,1,0,1.0,0.994,95,4,2,0.0,1.4,0.0,0.0,2,0.0,0.0,0.0,0.0,0.0,0.0,0.0,0.0,0.0,0.0,0.0,0.0,0.0,0.0,0.0,0.0,0.0,0.0,0.0,0.0,0.0,0.0,0.0,0.0,0.0,0.0,0.0,0.0,0.0,0.0,0.0,0.0,0.7230828129842436,0.0,0.0,0.0,0.0,0.6907613521085219,0.0,0.0,0.0,0.0,0.0,0.0,0.0,0.0,0.0,0.0,0.0,0.0
B085HY1DGR,99.0,999.0,90.0,900.0,0.9009009009009008,-0.7163323782234957,0.0376940133037694,0,4.0,1396,7.242082359256962,28.968329437027847,0.3999999999999999,0.2272727272727272,0,26,1,0,0.9615384615384616,0.9783,125,4,1,1.2,0.0,0.0,0.0,0,0.0,0.0,0.0,0.0,0.0,0.0,0.0,0.8218010701838392,0.0,0.3219343456913131,0.2317862729883972,0.0,0.0,0.2796548469444611,0.0,0.0,0.0,0.0,0.0,0.0,0.0,0.0,0.0,0.0,0.2984452518362802,0.0,0.0,0.0,0.0,0.0,0.0,0.0,0.0,0.0,0.0,0.0,0.0,0.0,0.0,0.0,0.0,0.0,0.0,0.0,0.0,0.0,0.0,0.0,0.0,0.0
B08D75R3Z1,299.0,1900.0,84.0,1601.0,0.8426315789473684,-0.7862759113652609,0.1577946768060836,0,3.6,18202,9.809341694645898,35.313630100725234,0.5760000000000002,0.629277566539924,1,25,1,1,0.96,0.9989,69,4,2,0.0,0.0,0.0,0.0,4,0.0,0.0,0.0,0.0,0.6950493594026721,0.0,0.0,0.0,0.0,0.0,0.0,0.0,0.0,0.0,0.0,0.0,0.0,0.0,0.0,0.0,0.0,0.0,0.0,0.0,0.0,0.0,0.718962021245862,0.0,0.0,0.0,0.0,0.0,0.0,0.0,0.0,0.0,0.0,0.0,0.0,0.0,0.0,0.0,0.0,0.0,0.0,0.0,0.0,0.0,0.0,0.0
B0B4F2TTTS,10999.0,14999.0,27.0,4000.0,0.2666844456297086,6.862044317369549,0.8032319391634981,1,4.1,18998,9.85214162518454,40.39378066325661,2.993,0.6473384030418251,1,18,1,0,0.9444444444444444,0.9967,87,4,2,0.0,0.0,0.0,0.0,4,0.0,0.0,0.358157213039967,0.0,0.0,0.0,0.0,0.0,0.0,0.0,0.0,0.0,0.0,0.0,0.0,0.0,0.0,0.0,0.0,0.0,0.0,0.0,0.0,0.0,0.0,0.0,0.0,0.0,0.0,0.0,0.0,0.0,0.7721606871795343,0.0,0.3734448749627412,0.0,0.0,0.3688227342314131,0.0,0.0,0.0,0.0,0.0,0.0,0.0,0.0,0.0,0.0,0.0,0.0
B09WRMNJ9G,34999.0,38999.0,10.0,4000.0,0.10256673248032,24.017155110793425,0.9771863117870724,1,4.2,11029,9.308374112247549,39.0951712714397,3.78,0.5133079847908745,1,11,1,0,1.0,0.9982,103,4,2,0.0,0.0,0.0,0.0,4,0.0,0.0,0.0,0.0,0.0,0.0,0.0,0.0,0.0,0.0,0.0,0.0,0.0,0.0,0.0,0.0,0.0,0.0,0.0,0.0,0.0,0.0,0.0,0.0,0.0,0.0,0.0,0.0,0.0,0.0,0.0,0.0,0.7230828129842436,0.0,0.0,0.0,0.0,0.6907613521085219,0.0,0.0,0.0,0.0,0.0,0.0,0.0,0.0,0.0,0.0,0.0,0.0
B0B14MR9L1,16999.0,24999.0,32.0,8000.0,0.3200128005120204,11.150822015725518,0.8906844106463878,1,4.1,22318,10.013193612624184,41.05409381175916,2.788,0.7015209125475285,1,26,1,0,0.8846153846153846,0.9998,81,4,2,0.0,0.0,0.0,0.0,4,0.0,0.3498458744134733,0.3355242815581848,0.0,0.0,0.0,0.0,0.0,0.0,0.0,0.0,0.0,0.0,0.0,0.0,0.0,0.0,0.0,0.0,0.0,0.0,0.0,0.0,0.0,0.0,0.0,0.0,0.0,0.0,0.0,0.0,0.0,0.723365746607138,0.0,0.3498458744134733,0.0,0.0,0.3455158193659245,0.0,0.0,0.0,0.0,0.0,0.0,0.0,0.0,0.0,0.0,0.0,0.0
B09ZPL5VYM,199.0,499.0,60.0,300.0,0.6012024048096193,-0.8577555396711937,0.0703422053231939,0,4.1,1786,7.488293515159428,30.70200341215365,1.64,0.2528517110266159,0,16,1,1,1.0,0.8783,98,4,2,1.2,0.0,0.0,0.0,0,0.0,0.0,0.0,1.0,0.0,0.0,0.0,0.0,0.0,0.0,0.0,0.0,0.0,0.0,0.0,0.0,0.0,0.0,0.0,0.0,0.0,0.0,0.0,0.0,0.0,0.0,0.0,0.0,0.0,0.0,0.0,0.0,0.0,0.0,0.0,0.0,0.0,0.0,0.0,0.0,0.0,0.0,0.0,0.0,0.0,0.0,0.0,0.0,0.0,0.0
B0993BB11X,999.0,1599.0,38.0,600.0,0.3752345215759849,-0.2859185132237312,0.4230038022813688,2,4.0,7222,8.885025658050846,35.540102632203386,2.48,0.4439163498098859,0,30,1,1,0.9333333333333332,0.9532,147,5,2,0.0,0.0,0.0,0.0,4,0.0,0.0,0.0,0.2571889911201675,0.0,0.0,0.0,0.0,0.5052168098742921,0.0,0.370065060471938,0.0,0.0,0.0,0.0,0.0,0.3779239136539502,0.0,0.0,0.0,0.0,0.0,0.0,0.4907999830057206,0.0,0.0,0.0,0.0,0.0,0.0,0.0,0.0,0.0,0.0,0.0,0.0,0.0,0.0,0.0,0.0,0.3974299196776717,0.0,0.0,0.0,0.0,0.0,0.0,0.0,0.0,0.0
B09V2PZDX8,1299.0,1599.0,19.0,300.0,0.1876172607879924,-0.0714796283059328,0.4771863117870722,2,4.0,128311,11.762220077017211,47.04888030806885,3.24,0.9458174904942964,1,13,1,1,0.9230769230769232,0.9747,48,4,2,0.0,0.0,1.1,0.0,3,0.0,0.0,0.0,0.0,0.7207233822060392,0.0,0.0,0.0,0.0,0.0,0.0,0.0,0.0,0.0,0.0,0.0,0.0,0.0,0.0,0.0,0.0,0.0,0.0,0.0,0.0,0.0,0.0,0.0,0.0,0.0,0.0,0.0,0.0,0.0,0.0,0.0,0.0,0.0,0.0,0.0,0.0,0.0,0.0,0.0,0.0,0.0,0.0,0.0,0.0,0.693222768193232
B085W8CFLH,599.0,1800.0,67.0,1201.0,0.6672222222222223,-0.5718370264474625,0.3365019011406844,2,3.5,83996,11.338536362901966,39.68487727015688,1.1549999999999998,0.9144486692015208,1,27,1,1,0.9629629629629628,0.9379,80,4,2,0.0,0.0,0.0,0.0,4,0.0,0.0,0.0,0.2384971233297979,0.0,0.4299351390201628,0.0,0.0,0.4684988859285106,0.0,0.0,0.0,0.0,0.0,0.0,0.0,0.3504573265419921,0.0,0.0,0.0,0.0,0.0,0.0,0.0,0.0,0.0,0.4623693504525769,0.0,0.0,0.0,0.0,0.0,0.0,0.0,0.0,0.0,0.0,0.0,0.0,0.0,0.0,0.0,0.0,0.0,0.0,0.4496420112911719,0.0,0.0,0.0,0.0
B09MT6XSFW,599.0,1899.0,68.0,1300.0,0.6845708267509215,-0.5718370264474625,0.3365019011406844,2,4.3,140036,11.84966195238841,50.95354639527016,1.3759999999999997,0.9553231939163498,1,19,1,1,0.9473684210526316,0.942,57,4,2,1.2,0.0,1.1,0.0,0,0.0,0.5190652864071458,0.0,0.0,0.505022588347226,0.0,0.0,0.0,0.0,0.0,0.0,0.0,0.0,0.0,0.0,0.0,0.0,0.0,0.4539764775329267,0.0,0.0,0.0,0.0,0.0,0.0,0.0,0.0,0.0,0.0,0.0,0.0,0.0,0.0,0.0,0.5190652864071458,0.0,0.0,0.0,0.0,0.0,0.0,0.0,0.0,0.0,0.0,0.0,0.0,0.0,0.0,0.0
B07RD611Z8,1799.0,2499.0,28.0,700.0,0.2801120448179272,0.2859185132237312,0.5855513307984791,2,4.1,18678,9.835155177159304,40.32413622635314,2.9519999999999995,0.6359315589353612,1,27,1,1,0.925925925925926,0.9989,155,5,2,0.0,0.0,0.0,0.0,4,0.0,0.0,0.0,0.2468731020318866,0.0,0.0,0.0,0.3148607179876978,0.0,0.0,0.3552216952771471,0.0,0.0,0.0,0.0,0.0,0.3627653286768753,0.0,0.0,0.0,0.0,0.0,0.0,0.0,0.0,0.0,0.0,0.0,0.0,0.0,0.0,0.0,0.0,0.0,0.0,0.0,0.0,0.0,0.0,0.0,0.7629778917346253,0.0,0.0,0.0,0.0,0.0,0.0,0.0,0.0,0.0
B08WRWPM22,176.63,499.0,65.0,322.37,0.6460320641282565,-0.4938968481375358,0.1485587583148558,0,4.1,15189,9.62839259558982,39.47640964191825,1.4349999999999998,0.7017738359201774,1,18,1,1,0.9444444444444444,0.8735,129,5,1,1.2,0.0,0.0,0.0,0,0.0,0.0,0.0,0.175239238617032,0.0,0.0,0.0,0.2234992473317306,0.0,0.0,0.2521488931288206,0.0,0.0,0.3042227617969656,0.0,0.0,0.2575036302893058,0.0,0.0,0.0,0.0,0.0,0.0,0.0,0.0,0.0,0.0,0.7132801601879106,0.0,0.0,0.0,0.0,0.0,0.0,0.0,0.0,0.0,0.0,0.0,0.0,0.0,0.0,0.4337419002814316,0.0,0.0,0.0,0.0,0.0,0.0,0.0
B0B4F52B5X,10999.0,14999.0,27.0,4000.0,0.2666844456297086,6.862044317369549,0.8032319391634981,1,4.1,18998,9.85214162518454,40.39378066325661,2.993,0.6473384030418251,1,18,1,1,0.9444444444444444,0.9967,87,4,2,0.0,0.0,0.0,0.0,4,0.0,0.0,0.3366256320275932,0.0,0.3414985008297659,0.0,0.0,0.0,0.0,0.0,0.0,0.0,0.0,0.0,0.0,0.0,0.0,0.0,0.0,0.0,0.0,0.0,0.0,0.0,0.0,0.0,0.0,0.0,0.0,0.0,0.0,0.0,0.7257401774557191,0.0,0.3509942351706039,0.0,0.0,0.3466499668204083,0.0,0.0,0.0,0.0,0.0,0.0,0.0,0.0,0.0,0.0,0.0,0.0
B096VF5YYF,2999.0,7990.0,62.0,4991.0,0.6246558197747184,1.143674052894925,0.7015209125475285,3,4.1,48449,10.788287617318913,44.231979231007536,1.5579999999999998,0.8612167300380228,1,30,1,1,0.9666666666666668,0.9998,153,3,2,1.2,0.0,1.1,0.0,0,0.0,0.0,0.4735895108231194,0.2563469201901411,0.0,0.0,0.0,0.0,0.0,0.0,0.0,0.0,0.0,0.0,0.5052646482289793,0.0,0.0,0.0,0.43188313178264,0.0,0.0,0.0,0.0,0.0,0.0,0.0,0.0,0.0,0.0,0.0,0.0,0.0,0.0,0.0,0.0,0.0,0.0,0.0,0.0,0.0,0.0,0.0,0.0,0.0,0.5178646806637932,0.0,0.0,0.0,0.0,0.0
B0B5D39BCD,1999.0,7990.0,75.0,5991.0,0.7498122653316646,0.4288777698355968,0.6254752851711026,2,3.8,17831,9.788749875065704,37.19724952524968,0.95,0.6216730038022814,1,32,1,1,0.9375,0.9989,151,3,2,1.2,0.0,0.0,0.0,0,0.0,0.0,0.0,0.0,0.2972197929664123,0.2858787889069671,0.0,0.0,0.0,0.0,0.0,0.0,0.0,0.0,0.3125740686359166,0.0,0.0,0.0,0.2671777417036771,0.0,0.0,0.0,0.0,0.0,0.0,0.0,0.0,0.0,0.0,0.0,0.0,0.0,0.0,0.0,0.0,0.5003022462712962,0.0,0.0,0.0,0.0,0.0,0.0,0.0,0.0,0.6407377630922783,0.0,0.0,0.0,0.0,0.0
B08DDRGWTJ,229.0,299.0,23.0,70.0,0.2341137123745819,-0.3438395415472779,0.2815964523281596,0,4.3,30411,10.322592546348329,44.387147949297805,3.311,0.876940133037694,1,6,0,1,1.0,0.9334,42,5,1,0.0,1.4,1.1,0.0,2,0.0,0.0,0.0,0.3908482633160869,0.0,0.0,0.0,0.498485917660049,0.0,0.0,0.0,0.0,0.0,0.0,0.0,0.0,0.0,0.0,0.0,0.0,0.0,0.0,0.0,0.0,0.0,0.0,0.0,0.0,0.0,0.0,0.0,0.0,0.0,0.0,0.0,0.0,0.0,0.0,0.0,0.0,0.6039713955847051,0.0,0.4837023653786295,0.0,0.0,0.0,0.0,0.0,0.0,0.0
B082LZGK39,199.0,299.0,33.0,100.0,0.334448160535117,-0.4297994269340974,0.2139689578713969,0,4.0,43994,10.69183127007966,42.76732508031864,2.68,0.9124168514412416,1,29,1,1,0.9310344827586208,0.9853,93,5,1,0.0,0.0,1.1,0.0,3,0.0,0.0,0.0,0.151671050518917,0.0,0.0,0.2826127890373587,0.1934404982611935,0.2979395189494997,0.0,0.2182370102144085,0.0,0.0,0.263307386163383,0.0,0.0,0.2228715807409237,0.0,0.0,0.0,0.0,0.0,0.0,0.0,0.0,0.0,0.0,0.617350041370741,0.0,0.0,0.0,0.0,0.0,0.0,0.0,0.0,0.0,0.0,0.2868049708780284,0.0,0.0,0.0,0.3754073014065365,0.0,0.0,0.0,0.0,0.0,0.0,0.0
B09XBJ1CTN,649.0,999.0,35.0,350.0,0.3503503503503503,-0.536097212294496,0.3536121673003802,2,4.2,1315,7.182352111885263,30.165878869918103,2.7300000000000004,0.2091254752851711,0,13,1,1,0.9230769230769232,0.9792,4,5,2,0.0,0.0,0.0,0.0,4,0.0,0.0,0.0,0.0,0.0,0.0,0.0,0.0,0.0,0.5649397976379019,0.0,0.0,0.0,0.0,0.0,0.0,0.4153831355885738,0.0,0.0,0.0,0.0,0.0,0.0,0.0,0.0,0.0,0.0,0.0,0.0,0.0,0.0,0.0,0.0,0.0,0.0,0.0,0.0,0.0,0.0,0.0,0.4368225461477113,0.0,0.3498379233967057,0.0,0.0,0.0,0.0,0.0,0.4417005391030921,0.0
B0B4F5L738,13999.0,19499.0,28.0,5500.0,0.2820657469613826,9.006433166547534,0.8498098859315589,1,4.1,18998,9.85214162518454,40.39378066325661,2.9519999999999995,0.6473384030418251,1,19,1,0,0.9473684210526316,0.9967,86,4,2,0.0,0.0,0.0,0.0,4,0.0,0.0,0.358157213039967,0.0,0.0,0.0,0.0,0.0,0.0,0.0,0.0,0.0,0.0,0.0,0.0,0.0,0.0,0.0,0.0,0.0,0.0,0.0,0.0,0.0,0.0,0.0,0.0,0.0,0.0,0.0,0.0,0.0,0.7721606871795343,0.0,0.3734448749627412,0.0,0.0,0.3688227342314131,0.0,0.0,0.0,0.0,0.0,0.0,0.0,0.0,0.0,0.0,0.0,0.0
B08MTCKDYN,119.0,299.0,60.0,180.0,0.6020066889632107,-0.91493924231594,0.0304182509505703,0,4.1,5999,8.699514748210191,35.66801046766178,1.64,0.405893536121673,0,28,1,0,0.8928571428571429,0.8625,254,4,2,1.2,0.0,0.0,0.0,0,0.3185899496279432,0.0,0.0,0.0,0.0,0.0,0.0,0.2199392844149013,0.0,0.6892763924397164,0.2481325900773573,0.0,0.0,0.2993770105768503,0.0,0.0,0.0,0.0,0.0,0.0,0.0,0.0,0.0,0.3290866498929241,0.0,0.0,0.0,0.0,0.0,0.3398982349678187,0.0,0.0,0.0,0.0,0.0,0.0,0.0,0.0,0.0,0.0,0.0,0.0,0.0,0.0,0.0,0.0,0.0,0.0,0.0,0.0
B09QS8V5N8,12999.0,17999.0,28.0,5000.0,0.2777932107339296,8.291636883488206,0.8222433460076045,1,4.1,50772,10.835119996209482,44.42399198445887,2.9519999999999995,0.8659695817490495,1,20,1,1,1.0,0.9998,80,4,2,0.0,0.0,1.1,0.0,3,0.0,0.0,0.0,0.2464492683575164,0.0,0.0,0.0,0.0,0.0,0.4925301733914433,0.0,0.0,0.0,0.0,0.4857561884909233,0.0,0.0,0.0,0.0,0.0,0.0,0.0,0.0,0.0,0.0,0.0,0.0,0.0,0.0,0.0,0.0,0.0,0.4908010612693465,0.0,0.0,0.0,0.0,0.4688624851965591,0.0,0.0,0.0,0.0,0.0,0.0,0.0,0.0,0.0,0.0,0.0,0.0
B08CF3D7QR,154.0,339.0,55.0,185.0,0.5457227138643068,-0.5587392550143266,0.1230598669623059,0,4.3,13391,9.502412792729256,40.8603750087358,1.935,0.6651884700665188,1,20,1,0,0.85,0.9775,103,5,1,1.2,0.0,0.0,0.0,0,0.0,0.0,0.0,0.0,0.0,0.0,0.0,0.2499257727080385,0.3849388580108569,0.0,0.2819629493389808,0.0,0.0,0.0,0.0,0.0,0.2879508300073052,0.3504968254610555,0.0,0.0,0.0,0.0,0.0,0.0,0.0,0.0,0.0,0.0,0.0,0.0,0.0,0.0,0.0,0.0,0.0,0.0,0.0,0.0,0.3705529845483115,0.0,0.6056260062215094,0.0,0.0,0.0,0.0,0.0,0.0,0.0,0.0,0.0
B09T2WRLJJ,20999.0,26999.0,22.0,6000.0,0.2222304529797399,14.010007147962831,0.9163498098859316,1,3.9,25824,10.15909829398784,39.62048334655257,3.042,0.7186311787072244,1,28,1,1,1.0,0.9983,82,4,2,0.0,0.0,0.0,0.0,4,0.0,0.0,0.0,0.0,0.0,0.0,0.0,0.0,0.391782010424281,0.3985881484366835,0.0,0.0,0.0,0.0,0.3931061896757724,0.0,0.0,0.0,0.0,0.0,0.0,0.0,0.0,0.0,0.0,0.0,0.0,0.0,0.0,0.0,0.0,0.3664070074539727,0.3971888359957009,0.0,0.0,0.0,0.0,0.3794346822633976,0.0,0.0,0.0,0.0,0.0,0.0,0.0,0.0,0.0,0.0,0.3116378077464279,0.0
B089WB69Y1,249.0,649.0,62.0,400.0,0.6163328197226502,-0.8220157255182273,0.1169201520912547,0,4.0,14404,9.575330647518628,38.30132259007451,1.52,0.5731939163498099,1,26,1,0,0.8846153846153846,0.8727,153,5,2,1.2,0.0,0.0,0.0,0,0.0,0.2196432796609852,0.0,0.0,0.0,0.0,0.0,0.0,0.0,0.6836246439894795,0.0,0.0,0.0,0.0,0.0,0.0,0.0,0.0,0.0,0.0,0.0,0.0,0.2303452895244023,0.21759219411577,0.0,0.0,0.0,0.0,0.4606905790488046,0.0,0.0,0.209476758577668,0.0,0.0,0.2196432796609852,0.0,0.0,0.0,0.0,0.0,0.0,0.0,0.2822221964606335,0.0,0.0,0.0,0.0,0.0,0.0,0.0
B0116MIKKC,99.0,171.0,42.0,72.0,0.4210526315789473,-0.9292351679771264,0.0180608365019011,0,4.5,11339,9.336091577281744,42.01241209776785,2.6100000000000003,0.5152091254752852,1,12,1,1,1.0,0.9543,9,5,2,0.0,0.0,0.0,0.0,4,0.0,0.0,0.0,0.0,0.0,0.0,0.0,0.0,0.0,0.0,0.0,0.0,0.0,0.0,0.0,0.0,0.0,0.0,0.0,0.0,0.0,0.0,0.0,0.0,0.0,0.0,0.0,0.0,0.0,0.0,0.0,0.0,0.0,0.0,0.0,0.0,0.0,0.0,0.0,0.0,0.0,0.0,0.0,0.0,0.0,0.0,0.0,0.0,1.0,0.0
B09P858DK8,489.0,1999.0,76.0,1510.0,0.7553776888444222,-0.6504646175839885,0.2861216730038022,0,4.0,3626,8.196161139282902,32.78464455713161,0.96,0.3517110266159696,0,28,1,0,0.7857142857142857,0.9804,226,5,2,1.2,0.0,0.0,0.0,0,0.0,0.0,0.0,0.0,0.0,0.0,0.0,0.0,0.0,0.0,0.0,0.0,1.0,0.0,0.0,0.0,0.0,0.0,0.0,0.0,0.0,0.0,0.0,0.0,0.0,0.0,0.0,0.0,0.0,0.0,0.0,0.0,0.0,0.0,0.0,0.0,0.0,0.0,0.0,0.0,0.0,0.0,0.0,0.0,0.0,0.0,0.0,0.0,0.0,0.0
B07DJLFMPS,369.0,1600.0,77.0,1231.0,0.769375,-0.7362401715511079,0.2224334600760456,0,4.0,32625,10.392864795496248,41.57145918198499,0.92,0.7975285171102662,1,11,1,0,1.0,0.8316,77,4,2,1.2,0.0,1.1,0.0,0,1.0,0.0,0.0,0.0,0.0,0.0,0.0,0.0,0.0,0.0,0.0,0.0,0.0,0.0,0.0,0.0,0.0,0.0,0.0,0.0,0.0,0.0,0.0,0.0,0.0,0.0,0.0,0.0,0.0,0.0,0.0,0.0,0.0,0.0,0.0,0.0,0.0,0.0,0.0,0.0,0.0,0.0,0.0,0.0,0.0,0.0,0.0,0.0,0.0,0.0
B07WHQWXL7,15499.0,20999.0,26.0,5500.0,0.2619172341540073,10.078627591136526,0.873574144486692,1,4.1,19252,9.865422171729335,40.44823090409027,3.034,0.6596958174904943,1,27,1,1,0.8888888888888888,0.9726,84,4,2,0.0,0.0,0.0,0.0,4,0.0,0.0,0.0,0.0,0.3393834265648427,0.0,0.0,0.0,0.3557135894909712,0.0,0.0,0.0,0.0,0.0,0.7138317230505553,0.0,0.0,0.0,0.0,0.0,0.0,0.0,0.0,0.0,0.0,0.0,0.0,0.0,0.0,0.0,0.0,0.0,0.3606226493267674,0.0,0.0,0.0,0.0,0.3445029869010914,0.0,0.0,0.0,0.0,0.0,0.0,0.0,0.0,0.0,0.0,0.0,0.0
B07WDK3ZS6,15499.0,18999.0,18.0,3500.0,0.1842202221169535,10.078627591136526,0.873574144486692,1,4.1,19252,9.865422171729335,40.44823090409027,3.362,0.6596958174904943,1,33,1,0,0.9090909090909092,0.9726,155,4,2,0.0,0.0,0.0,0.0,4,0.0,0.5022643006316475,0.4817031754463003,0.0,0.0,0.0,0.0,0.0,0.0,0.0,0.0,0.0,0.0,0.0,0.0,0.0,0.0,0.0,0.0,0.0,0.0,0.0,0.0,0.0,0.0,0.0,0.0,0.0,0.0,0.0,0.0,0.0,0.5192583611706748,0.0,0.0,0.0,0.0,0.4960477572072045,0.0,0.0,0.0,0.0,0.0,0.0,0.0,0.0,0.0,0.0,0.0,0.0
B09T2S8X9C,22999.0,28999.0,21.0,6000.0,0.2069036863340115,15.439599714081488,0.9258555133079848,1,3.9,25824,10.15909829398784,39.62048334655257,3.081,0.7186311787072244,1,28,1,1,1.0,0.9983,65,4,2,0.0,0.0,0.0,0.0,4,0.0,0.0,0.0,0.2054194978211074,0.0,0.0,0.0,0.0,0.4035218728575702,0.4105319587844802,0.0,0.0,0.0,0.0,0.404885731527299,0.0,0.0,0.0,0.0,0.0,0.0,0.0,0.0,0.0,0.0,0.0,0.0,0.0,0.0,0.0,0.0,0.3773865005078891,0.4090907155372807,0.0,0.0,0.0,0.0,0.3908045534000715,0.0,0.0,0.0,0.0,0.0,0.0,0.0,0.0,0.0,0.0,0.0,0.0
B07S9S86BF,599.0,1490.0,60.0,891.0,0.5979865771812081,-0.5718370264474625,0.3365019011406844,2,4.1,161679,11.993374352077502,49.17283484351776,1.64,0.9619771863117872,1,10,1,1,0.8,0.9941,171,4,2,1.2,0.0,1.1,0.0,0,0.0,0.0,0.0,0.4584226388151722,0.0,0.0,0.0,0.0,0.0,0.0,0.0,0.0,0.0,0.0,0.0,0.0,0.0,0.0,0.0,0.0,0.0,0.0,0.0,0.0,0.0,0.0,0.8887343158794613,0.0,0.0,0.0,0.0,0.0,0.0,0.0,0.0,0.0,0.0,0.0,0.0,0.0,0.0,0.0,0.0,0.0,0.0,0.0,0.0,0.0,0.0,0.0
B07N8RQ6W7,134.0,699.0,81.0,565.0,0.8082975679542204,-0.90421729807005,0.0380228136882129,0,4.1,16685,9.72232532346202,39.86153382619428,0.7789999999999997,0.6007604562737643,1,8,1,1,1.0,0.7964,98,4,2,1.2,0.0,0.0,0.0,0,0.0,0.0,0.0,1.0,0.0,0.0,0.0,0.0,0.0,0.0,0.0,0.0,0.0,0.0,0.0,0.0,0.0,0.0,0.0,0.0,0.0,0.0,0.0,0.0,0.0,0.0,0.0,0.0,0.0,0.0,0.0,0.0,0.0,0.0,0.0,0.0,0.0,0.0,0.0,0.0,0.0,0.0,0.0,0.0,0.0,0.0,0.0,0.0,0.0,0.0
B09FKDH6FS,7499.0,7999.0,6.0,500.0,0.0625078134766845,4.360257326661902,0.7557034220532319,3,4.0,30907,10.338770329053474,41.3550813162139,3.76,0.7813688212927756,1,16,1,0,1.0,0.8883,85,4,2,0.0,0.0,1.1,0.0,3,0.0,0.0,0.0,0.0,0.0,0.0,0.0,0.0,0.0,0.0,0.0,0.0,0.0,0.0,0.5819727798754978,0.0,0.0,0.0,0.0,0.0,0.0,0.0,0.0,0.0,0.0,0.0,0.0,0.0,0.0,0.0,0.0,0.0,0.5880169203404875,0.0,0.0,0.0,0.0,0.5617328411952379,0.0,0.0,0.0,0.0,0.0,0.0,0.0,0.0,0.0,0.0,0.0,0.0
B08HVJCW95,1149.0,2199.0,48.0,1050.0,0.4774897680763983,-0.178699070764832,0.4467680608365019,2,4.3,178912,12.094654933150762,52.00701621254827,2.236,0.9657794676806084,1,20,1,1,0.9,0.9883,24,5,2,1.2,0.0,1.1,0.0,0,0.0,0.0,0.0,0.0,0.471451727532556,0.0,0.0,0.0,0.0,0.0,0.361948973598635,0.0,0.0,0.0,0.0,0.0,0.3696354702359131,0.0,0.0,0.0,0.0,0.0,0.0,0.0,0.0,0.0,0.0,0.5119416124828812,0.0,0.0,0.0,0.0,0.0,0.0,0.0,0.0,0.0,0.0,0.0,0.0,0.3887136800250002,0.0,0.311308992209971,0.0,0.0,0.0,0.0,0.0,0.0,0.0
B09YDFDVNS,1324.0,1699.0,22.0,375.0,0.2207180694526191,-0.0536097212294496,0.4876425855513308,2,4.0,128311,11.762220077017211,47.04888030806885,3.12,0.9458174904942964,1,20,1,1,0.9,0.9747,67,4,2,0.0,0.0,1.1,0.0,3,0.0,0.0,0.0,0.0,0.0,0.0,0.0,0.0,0.0,0.0,0.0,0.0,0.0,0.0,0.0,0.0,0.0,0.0,0.0,0.0,0.0,0.0,0.0,0.0,0.0,0.0,0.0,0.0,0.0,0.0,0.0,0.0,0.0,0.0,0.0,0.0,0.0,0.0,0.0,0.0,0.0,0.0,0.0,0.0,0.0,0.0,0.0,0.0,0.0,1.0
B07WGPKTS4,13999.0,19999.0,30.0,6000.0,0.3000150007500375,9.006433166547534,0.8498098859315589,1,4.1,19252,9.865422171729335,40.44823090409027,2.87,0.6596958174904943,1,27,1,1,0.8888888888888888,0.9726,84,4,2,0.0,0.0,0.0,0.0,4,0.0,0.0,0.0,0.1890366788751911,0.0,0.0,0.0,0.0,0.3713397973785435,0.0,0.0,0.0,0.0,0.0,0.7451897684856316,0.0,0.0,0.0,0.0,0.0,0.0,0.0,0.0,0.0,0.0,0.0,0.0,0.0,0.0,0.0,0.0,0.0,0.3764645082093902,0.0,0.0,0.0,0.0,0.3596367221595885,0.0,0.0,0.0,0.0,0.0,0.0,0.0,0.0,0.0,0.0,0.0,0.0
B0789LZTCJ,299.0,799.0,63.0,500.0,0.6257822277847309,-0.1432664756446991,0.3880266075388026,0,4.2,94364,11.45492552067224,48.110687186823405,1.554,0.9733924611973392,1,13,1,1,1.0,0.8316,113,5,1,1.2,0.0,1.1,0.0,0,0.0,0.0,0.0,0.2914562361167577,0.0,0.0,0.5430783230515993,0.3717218239266155,0.0,0.0,0.0,0.0,0.0,0.0,0.0,0.0,0.0,0.0,0.0,0.0,0.0,0.0,0.0,0.0,0.0,0.0,0.0,0.5931603915474929,0.0,0.0,0.0,0.0,0.0,0.0,0.0,0.0,0.0,0.0,0.0,0.0,0.0,0.0,0.3606977030367824,0.0,0.0,0.0,0.0,0.0,0.0,0.0
B09MZCQYHZ,999.0,1599.0,38.0,600.0,0.3752345215759849,-0.2859185132237312,0.4230038022813688,2,4.0,7222,8.885025658050846,35.540102632203386,2.48,0.4439163498098859,0,30,1,0,0.9333333333333332,0.9532,147,5,2,0.0,0.0,0.0,0.0,4,0.0,0.0,0.0,0.0,0.0,0.0,0.0,0.0,0.5228033258915374,0.0,0.3829469657969647,0.0,0.0,0.0,0.0,0.0,0.3910793843961628,0.0,0.0,0.0,0.0,0.0,0.0,0.5078846515949181,0.0,0.0,0.0,0.0,0.0,0.0,0.0,0.0,0.0,0.0,0.0,0.0,0.0,0.0,0.0,0.0,0.4112643913570346,0.0,0.0,0.0,0.0,0.0,0.0,0.0,0.0,0.0
B0B4F2ZWL3,12999.0,17999.0,28.0,5000.0,0.2777932107339296,8.291636883488206,0.8222433460076045,1,4.1,18998,9.85214162518454,40.39378066325661,2.9519999999999995,0.6473384030418251,1,18,1,0,0.9444444444444444,0.9967,87,4,2,0.0,0.0,0.0,0.0,4,0.0,0.0,0.358157213039967,0.0,0.0,0.0,0.0,0.0,0.0,0.0,0.0,0.0,0.0,0.0,0.0,0.0,0.0,0.0,0.0,0.0,0.0,0.0,0.0,0.0,0.0,0.0,0.0,0.0,0.0,0.0,0.0,0.0,0.7721606871795343,0.0,0.3734448749627412,0.0,0.0,0.3688227342314131,0.0,0.0,0.0,0.0,0.0,0.0,0.0,0.0,0.0,0.0,0.0,0.0
B08VB2CMR3,15490.0,20990.0,26.0,5500.0,0.2620295378751786,10.072194424588991,0.8669201520912547,1,4.2,32916,10.401744520626265,43.6873269866303,3.108,0.8108365019011406,1,15,1,1,0.8666666666666667,0.9556,104,4,2,0.0,0.0,1.1,0.0,3,0.0,0.0,0.0,0.3412865195531792,0.0,0.0,0.0,0.0,0.0,0.0,0.0,0.0,0.0,0.0,0.0,0.0,0.0,0.0,0.0,0.0,0.0,0.0,0.0,0.0,0.0,0.0,0.0,0.0,0.0,0.0,0.0,0.0,0.6796684247024392,0.0,0.0,0.0,0.0,0.6492875665171651,0.0,0.0,0.0,0.0,0.0,0.0,0.0,0.0,0.0,0.0,0.0,0.0
B095RTJH1M,999.0,2899.0,66.0,1900.0,0.6553984132459468,-0.2859185132237312,0.4230038022813688,2,4.6,26603,10.188816859404312,46.86855755325983,1.5639999999999998,0.7281368821292775,1,15,1,1,0.9333333333333332,0.9987,55,5,2,1.2,0.0,0.0,0.0,0,0.0,0.0,0.0,0.0,0.0,0.0,0.0,0.0,0.0,0.0,0.0,0.0,0.0,0.0,0.0,0.0,0.0,0.0,0.0,0.0,0.0,0.0,0.0,0.5779686496544176,0.0,0.0,0.0,0.0,0.0,0.5969568317286338,0.0,0.5564124199450986,0.0,0.0,0.0,0.0,0.0,0.0,0.0,0.0,0.0,0.0,0.0,0.0,0.0,0.0,0.0,0.0,0.0,0.0
B097R25DP7,1599.0,4999.0,68.0,3400.0,0.6801360272054411,0.1429592566118656,0.55893536121673,2,4.0,67950,11.12654213617446,44.50616854469784,1.2799999999999998,0.8973384030418251,1,23,1,1,0.9565217391304348,0.8957,90,3,2,1.2,0.0,1.1,0.0,0,0.4314828648058293,0.0,0.4314828648058293,0.2335552223602874,0.0,0.0,0.0,0.0,0.0,0.0,0.0,0.4542602367841359,0.0,0.0,0.4603417789469901,0.0,0.0,0.0,0.3934845825428063,0.0,0.0,0.0,0.0,0.0,0.0,0.0,0.0,0.0,0.0,0.0,0.0,0.0,0.0,0.0,0.0,0.0,0.0,0.0,0.0,0.0,0.0,0.0,0.0,0.0,0.0,0.0,0.0,0.0,0.0,0.0
B09YDFKJF8,1324.0,1699.0,22.0,375.0,0.2207180694526191,-0.0536097212294496,0.4876425855513308,2,4.0,128311,11.762220077017211,47.04888030806885,3.12,0.9458174904942964,1,20,1,0,0.9,0.9747,67,4,2,0.0,0.0,1.1,0.0,3,0.0,0.0,0.0,0.0,0.0,0.0,0.0,0.0,0.0,0.0,0.0,0.0,0.0,0.0,0.0,0.0,0.0,0.0,0.0,0.0,0.0,0.0,0.0,0.0,0.0,0.0,0.0,0.0,0.0,0.0,0.0,0.0,0.0,0.0,0.0,0.0,0.0,0.0,0.0,0.0,0.0,0.0,0.0,0.0,0.0,0.0,0.0,0.0,0.0,1.0
B07WDK3ZS2,20999.0,29990.0,30.0,8991.0,0.2997999333111037,14.010007147962831,0.9163498098859316,1,4.3,9499,9.159047077588632,39.38390243363112,3.01,0.4904942965779467,0,26,1,0,0.9615384615384616,0.9546,106,4,2,0.0,1.4,0.0,0.0,2,0.0,0.0,0.0,0.0,0.0,0.0,0.0,0.0,0.0,0.0,0.0,0.0,0.0,0.0,0.0,0.0,0.0,0.0,0.0,0.0,0.0,0.0,0.0,0.0,0.0,0.0,0.0,0.0,0.0,0.0,0.0,0.5549177571101517,0.6015363613033883,0.0,0.0,0.0,0.0,0.5746479695202259,0.0,0.0,0.0,0.0,0.0,0.0,0.0,0.0,0.0,0.0,0.0,0.0
B08RZ5K9YH,999.0,1999.0,50.0,1000.0,0.5002501250625313,-0.2859185132237312,0.4230038022813688,2,4.3,1777,7.48324441607385,32.177950989117555,2.15,0.2490494296577946,0,11,1,1,0.9090909090909092,0.9372,38,5,2,1.2,0.0,0.0,0.0,0,0.0,0.0,0.0,0.0,0.0,0.0,0.0,0.0,0.0,0.7080341665134506,0.0,0.0,0.0,0.0,0.0,0.0,0.0,0.0,0.0,0.0,0.0,0.0,0.0,0.0,0.0,0.0,0.0,0.0,0.0,0.0,0.0,0.0,0.0,0.0,0.0,0.0,0.0,0.0,0.0,0.0,0.0,0.0,0.4384488463065304,0.0,0.0,0.0,0.0,0.0,0.5535794687504909,0.0
B08444S68L,12490.0,15990.0,22.0,3500.0,0.2188868042526579,7.927805575411008,0.811787072243346,1,4.2,58506,10.976901684181144,46.1029870735608,3.276,0.8783269961977186,1,14,1,1,0.8571428571428571,0.9536,149,4,2,0.0,0.0,1.1,0.0,3,0.0,0.0,0.0,0.3412865195531792,0.0,0.0,0.0,0.0,0.0,0.0,0.0,0.0,0.0,0.0,0.0,0.0,0.0,0.0,0.0,0.0,0.0,0.0,0.0,0.0,0.0,0.0,0.0,0.0,0.0,0.0,0.0,0.0,0.6796684247024392,0.0,0.0,0.0,0.0,0.6492875665171651,0.0,0.0,0.0,0.0,0.0,0.0,0.0,0.0,0.0,0.0,0.0,0.0
B07WHQBZLS,17999.0,21990.0,18.0,3991.0,0.1814915870850386,11.865618298784849,0.8973384030418251,1,4.0,21350,9.968853855967382,39.875415423869526,3.28,0.6825095057034221,1,21,1,1,1.0,0.1548,173,4,2,0.0,0.0,0.0,0.0,4,0.0,0.0,0.4307364912535427,0.0,0.4369716742297893,0.0,0.0,0.0,0.0,0.0,0.0,0.0,0.0,0.0,0.4595454856133644,0.0,0.0,0.0,0.0,0.0,0.0,0.0,0.0,0.0,0.0,0.0,0.0,0.0,0.0,0.0,0.0,0.0,0.4643181443375289,0.0,0.0,0.0,0.0,0.4435633421674209,0.0,0.0,0.0,0.0,0.0,0.0,0.0,0.0,0.0,0.0,0.0,0.0
B085DTN6R2,350.0,899.0,61.0,549.0,0.610678531701891,0.0028653295128939,0.5066518847006651,0,4.2,2263,7.724888439323074,32.44453144515691,1.638,0.3059866962305986,0,30,1,0,0.8333333333333334,0.9877,141,5,1,1.2,0.0,0.0,0.0,0,0.0,0.0,0.0,0.0,0.0,0.0,0.4162304221547608,0.2848980066589995,0.4388035381248917,0.0,0.0,0.0,0.0,0.0,0.0,0.0,0.0,0.0,0.0,0.0,0.0,0.0,0.0,0.0,0.0,0.0,0.0,0.0,0.0,0.0,0.0,0.0,0.0,0.0,0.0,0.0,0.0,0.0,0.0,0.0,0.6903715454545009,0.0,0.2764488119533873,0.0,0.0,0.0,0.0,0.0,0.0,0.0
B09JS562TP,1399.0,1630.0,14.0,231.0,0.1417177914110429,0.0,0.5,2,4.0,9378,9.14622842650894,36.58491370603576,3.44,0.4857414448669201,0,21,1,1,0.9047619047619048,0.796,63,4,2,0.0,0.0,0.0,0.0,4,0.0,0.0,0.5761450373819548,0.0,0.0,0.0,0.0,0.0,0.0,0.0,0.0,0.0,0.0,0.0,0.0,0.0,0.0,0.0,0.0,0.0,0.0,0.0,0.0,0.0,0.0,0.0,0.0,0.0,0.0,0.0,0.0,0.0,0.0,0.0,0.0,0.0,0.0,0.5933019921543775,0.0,0.0,0.0,0.0,0.0,0.0,0.0,0.0,0.0,0.0,0.0,0.5621829257508564
B09KLVMZ3B,159.0,399.0,60.0,240.0,0.6015037593984962,-0.5444126074498568,0.1363636363636363,0,4.1,4768,8.469891918298224,34.726556865022715,1.64,0.4190687361419069,0,18,1,1,0.9444444444444444,0.9738,95,5,1,1.2,0.0,0.0,0.0,0,0.0,0.0,0.0,0.0,0.0,0.0,0.0,0.306955116776805,0.4727761800328011,0.0,0.3463027006109781,0.0,0.0,0.0,0.0,0.0,0.3536569265872571,0.0,0.0,0.0,0.0,0.0,0.0,0.0,0.0,0.0,0.0,0.0,0.0,0.0,0.0,0.0,0.0,0.0,0.0,0.0,0.0,0.0,0.4551076642139444,0.0,0.0,0.0,0.2978517763289534,0.0,0.0,0.0,0.0,0.0,0.3760635465130113,0.0
B09V17S2BG,1499.0,6990.0,79.0,5491.0,0.7855507868383405,0.0714796283059328,0.5275665399239544,2,3.9,21796,9.989527624628511,38.9591577360512,0.8189999999999998,0.6920152091254753,1,26,1,1,0.9615384615384616,0.9459,116,3,2,1.2,0.0,0.0,0.0,0,0.0,0.0,0.0,0.0,0.4953234507174275,0.0,0.0,0.0,0.0,0.0,0.0,0.0,0.0,0.0,0.5209116954705115,0.0,0.0,0.0,0.4452576985359454,0.0,0.0,0.0,0.0,0.0,0.0,0.0,0.0,0.0,0.0,0.0,0.0,0.0,0.0,0.0,0.0,0.0,0.0,0.0,0.0,0.0,0.0,0.0,0.0,0.0,0.5339019259994201,0.0,0.0,0.0,0.0,0.0
B0B5CGTBKV,1999.0,7990.0,75.0,5991.0,0.7498122653316646,0.4288777698355968,0.6254752851711026,2,3.8,17833,9.788862026694824,37.19767570144033,0.95,0.626425855513308,1,29,1,1,0.9310344827586208,0.9989,151,3,2,1.2,0.0,0.0,0.0,0,0.0,0.0,0.0,0.0,0.0,0.2994093714415545,0.0,0.0,0.0,0.0,0.0,0.0,0.0,0.0,0.3273681331064583,0.0,0.0,0.0,0.279823207634704,0.0,0.0,0.0,0.0,0.0,0.0,0.0,0.0,0.0,0.0,0.0,0.0,0.0,0.0,0.0,0.0,0.5239814456316102,0.0,0.0,0.0,0.0,0.0,0.0,0.0,0.0,0.6710637457218194,0.0,0.0,0.0,0.0,0.0
B0B23LW7NV,999.0,2899.0,66.0,1900.0,0.6553984132459468,-0.2859185132237312,0.4230038022813688,2,4.7,7779,8.959311617172437,42.10876460071046,1.598,0.4581749049429657,0,17,1,1,0.9411764705882352,0.9964,57,5,2,1.2,0.0,0.0,0.0,0,0.0,0.0,0.0,0.0,0.0,0.0,0.0,0.0,0.0,0.0,0.0,0.0,0.0,0.0,0.0,0.0,0.0,0.0,0.0,0.0,0.0,0.0,0.0,0.5779686496544176,0.0,0.0,0.0,0.0,0.0,0.5969568317286338,0.0,0.5564124199450986,0.0,0.0,0.0,0.0,0.0,0.0,0.0,0.0,0.0,0.0,0.0,0.0,0.0,0.0,0.0,0.0,0.0,0.0
B09KGV7WSV,2099.0,5999.0,65.0,3900.0,0.6501083513918986,0.5003573981415297,0.6454372623574145,3,4.3,17129,9.748586591318166,41.91892234266811,1.505,0.6036121673003803,1,28,1,0,0.9285714285714286,0.9969,313,4,2,1.2,0.0,0.0,0.0,0,0.0,0.0,0.0,0.0,0.0,0.0,0.0,0.0,0.0,0.0,0.0,0.0,0.0,0.0,0.4041465389476186,0.0,0.0,0.0,0.0,0.0,0.0,0.0,0.8284498789578362,0.0,0.0,0.0,0.0,0.0,0.0,0.0,0.0,0.0,0.0,0.0,0.0,0.0,0.0,0.0,0.0,0.0,0.0,0.3877323472595596,0.0,0.0,0.0,0.0,0.0,0.0,0.0,0.0
B0971DWFDT,337.0,699.0,52.0,362.0,0.5178826895565093,-0.7591136526090064,0.1844106463878327,0,4.2,4969,8.511175119090675,35.74693550018083,2.016,0.3897338403041825,0,21,1,1,0.8571428571428571,0.9298,157,5,2,1.2,0.0,0.0,0.0,0,0.0,0.0,0.0,0.2328378022172307,0.0,0.0,0.0,0.0,0.0,0.4653275859264186,0.3350265304217992,0.0,0.3863249514132357,0.0,0.0,0.0,0.3421412910298558,0.0,0.0,0.0,0.0,0.0,0.0,0.0,0.0,0.0,0.0,0.0,0.4703722361955764,0.0,0.0,0.0,0.0,0.0,0.0,0.0,0.0,0.0,0.0,0.0,0.3598004278102374,0.0,0.0,0.0,0.0,0.0,0.0,0.0,0.0,0.0
B0BNV7JM5Y,2999.0,7990.0,62.0,4991.0,0.6246558197747184,1.143674052894925,0.7015209125475285,3,4.1,154,5.043425116919247,20.67804297936891,1.5579999999999998,0.0522813688212927,0,25,1,1,0.92,0.9926,196,3,2,1.2,0.0,0.0,0.0,0,0.0,0.0,0.0,0.2365689321893923,0.0,0.0,0.0,0.0,0.0,0.0,0.0,0.0,0.0,0.0,0.4662818582564566,0.0,0.0,0.0,0.3985619614257379,0.0,0.0,0.0,0.0,0.0,0.0,0.0,0.0,0.0,0.0,0.0,0.0,0.0,0.0,0.0,0.0,0.3731625308831743,0.0,0.0,0.0,0.0,0.0,0.4473440743971277,0.0,0.0,0.4779097577312959,0.0,0.0,0.0,0.0,0.0
B0B53QFZPY,1299.0,5999.0,78.0,4700.0,0.7834639106517753,-0.0714796283059328,0.4771863117870722,2,3.3,4415,8.392989587956931,27.696865640257872,0.7259999999999999,0.3669201520912547,0,30,1,1,0.9666666666666668,-0.607,176,3,2,0.0,0.0,0.0,0.0,4,0.0,0.0,0.0,0.0,0.0,0.5382784419163196,0.0,0.0,0.0,0.0,0.0,0.0,0.0,0.0,0.5885427292178005,0.0,0.0,0.0,0.0,0.0,0.0,0.0,0.0,0.0,0.0,0.0,0.0,0.0,0.0,0.0,0.0,0.0,0.0,0.0,0.0,0.0,0.0,0.0,0.0,0.0,0.0,0.0,0.0,0.0,0.6032195080176058,0.0,0.0,0.0,0.0,0.0
B083342NKJ,349.0,399.0,13.0,50.0,0.12531328320802,0.0,0.4866962305986696,0,4.4,18757,9.839375607068884,43.2932526711031,3.828,0.7405764966740577,1,9,0,1,0.8888888888888888,0.9666,15,5,1,0.0,1.4,0.0,0.0,2,0.0,0.5007351686748063,0.0,0.0,0.0,0.0,0.484362417742874,0.3315324396547117,0.0,0.0,0.374030511034141,0.0,0.0,0.0,0.0,0.0,0.0,0.0,0.0,0.0,0.0,0.0,0.0,0.0,0.0,0.0,0.0,0.0,0.0,0.0,0.0,0.0,0.0,0.0,0.0,0.0,0.0,0.0,0.0,0.0,0.4016885997497982,0.0,0.3217002117401722,0.0,0.0,0.0,0.0,0.0,0.0,0.0
B07WJWRNVK,16499.0,20990.0,21.0,4491.0,0.2139590281086231,10.793423874195854,0.8830798479087453,1,4.0,21350,9.968853855967382,39.875415423869526,3.16,0.6825095057034221,1,21,1,1,1.0,0.1548,173,4,2,0.0,0.0,0.0,0.0,4,0.0,0.0,0.4635555754581879,0.2509157010237441,0.0,0.0,0.0,0.0,0.0,0.0,0.0,0.0,0.0,0.0,0.4945596121024339,0.0,0.0,0.0,0.0,0.0,0.0,0.0,0.0,0.0,0.0,0.0,0.0,0.0,0.0,0.0,0.0,0.0,0.4996959137770542,0.0,0.0,0.0,0.0,0.477359741990248,0.0,0.0,0.0,0.0,0.0,0.0,0.0,0.0,0.0,0.0,0.0,0.0
B01F25X6RQ,499.0,499.0,0.0,0.0,0.0,-0.6433166547533953,0.2984790874524715,0,4.2,31539,10.359011860517027,43.50784981417152,4.2,0.7861216730038023,1,14,1,1,0.7857142857142857,0.9638,10,4,2,0.0,0.0,1.1,0.0,3,0.0,0.0,0.0,0.0,0.0,0.0,0.0,0.0,0.0,0.0,0.0,0.0,0.0,0.0,0.0,0.0,0.0,0.0,0.0,0.0,0.0,0.0,0.0,0.0,0.0,0.0,0.5182859416837823,0.0,0.0,0.0,0.0,0.0,0.0,0.5400720777434592,0.5149799357903921,0.0,0.0,0.0,0.0,0.0,0.0,0.0,0.0,0.0,0.0,0.0,0.0,0.0,0.4177289782001503,0.0
B09C6HXFC1,970.0,1799.0,46.0,829.0,0.4608115619788771,1.779369627507163,0.8104212860310421,2,4.5,815,6.704414354964107,30.16986459733848,2.43,0.1596452328159645,0,25,1,1,0.92,0.9917,59,5,1,1.2,0.0,0.0,0.0,0,0.0,0.0,0.0,0.1770616676411793,0.0,0.0,0.3299238157346206,0.4516471283647588,0.3478163294901784,0.0,0.2547711566405266,0.0,0.0,0.0,0.0,0.0,0.260181581262878,0.0,0.0,0.0,0.0,0.0,0.3576948921515635,0.3378910702622252,0.0,0.0,0.0,0.0,0.0,0.0,0.0,0.0,0.0,0.0,0.0,0.0,0.0,0.0,0.334817793228839,0.0,0.0,0.0,0.2191263349343839,0.0,0.0,0.0,0.0,0.0,0.0,0.0
B0B244R4KB,999.0,2899.0,66.0,1900.0,0.6553984132459468,-0.2859185132237312,0.4230038022813688,2,4.6,6129,8.720950028930258,40.11637013307918,1.5639999999999998,0.4106463878326996,0,16,1,1,0.9375,0.998,57,5,2,1.2,0.0,0.0,0.0,0,0.0,0.0,0.0,0.0,0.0,0.0,0.0,0.0,0.0,0.0,0.0,0.0,0.0,0.0,0.0,0.0,0.0,0.0,0.0,0.0,0.0,0.0,0.0,0.5779686496544176,0.0,0.0,0.0,0.0,0.0,0.5969568317286338,0.0,0.5564124199450986,0.0,0.0,0.0,0.0,0.0,0.0,0.0,0.0,0.0,0.0,0.0,0.0,0.0,0.0,0.0,0.0,0.0,0.0
B0BMGG6NKT,10499.0,13499.0,22.0,3000.0,0.2222386843469886,6.504646175839886,0.7956273764258555,1,4.2,284,5.652489180268651,23.74045455712833,3.276,0.0922053231939163,0,24,1,1,0.9583333333333334,0.9971,68,4,2,0.0,0.0,0.0,0.0,4,0.0,0.0,0.2614002546442039,0.0,0.2651841885593471,0.0,0.0,0.0,0.0,0.0,0.0,0.0,0.0,0.0,0.0,0.0,0.0,0.0,0.0,0.0,0.0,0.0,0.0,0.0,0.0,0.0,0.0,0.0,0.0,0.0,0.0,0.0,0.8453396702879606,0.0,0.2725579210935509,0.0,0.0,0.2691844618410754,0.0,0.0,0.0,0.0,0.0,0.0,0.0,0.0,0.0,0.0,0.0,0.0
B082LSVT4B,249.0,399.0,38.0,150.0,0.3759398496240601,-0.2865329512893982,0.3015521064301552,0,4.0,43994,10.69183127007966,42.76732508031864,2.48,0.9124168514412416,1,31,1,1,0.9032258064516128,0.9853,90,5,1,0.0,0.0,1.1,0.0,3,0.0,0.0,0.0,0.1613554530557834,0.0,0.0,0.3006579993905561,0.2057919367570965,0.0,0.0,0.2321717396708708,0.0,0.0,0.2801199203273649,0.0,0.0,0.2371022338190048,0.0,0.0,0.0,0.0,0.0,0.0,0.0,0.0,0.0,0.0,0.0,0.0,0.0,0.0,0.0,0.0,0.0,0.0,0.0,0.0,0.0,0.3051178577345129,0.0,0.7480197865570978,0.0,0.0,0.0,0.0,0.0,0.0,0.0,0.0,0.0
B092JHPL72,251.0,999.0,75.0,748.0,0.7487487487487487,-0.8205861329521087,0.123574144486692,0,3.7,3234,8.081784206935001,29.902601565659506,0.925,0.3231939163498099,0,25,1,0,0.88,0.9765,191,5,2,0.0,0.0,0.0,0.0,4,0.0,0.0,0.0,0.0,0.0,0.0,0.0,0.0,0.0,0.0,0.0,0.0,0.0,0.0,0.0,0.0,0.0,0.0,0.0,0.0,0.0,0.0,0.0,0.0,0.0,0.0,0.0,0.0,0.0,1.0,0.0,0.0,0.0,0.0,0.0,0.0,0.0,0.0,0.0,0.0,0.0,0.0,0.0,0.0,0.0,0.0,0.0,0.0,0.0,0.0
B08WRBG3XW,199.0,499.0,60.0,300.0,0.6012024048096193,-0.4297994269340974,0.2139689578713969,0,4.1,13045,9.476236852356042,38.852571094659766,1.64,0.6529933481152993,1,17,1,1,0.9411764705882352,0.9135,93,5,1,1.2,0.0,0.0,0.0,0,0.0,0.0,0.0,0.2406847444494009,0.0,0.0,0.0,0.3069681177183725,0.0,0.0,0.3463173681012046,0.0,0.0,0.4178389398210785,0.0,0.0,0.0,0.0,0.0,0.0,0.0,0.0,0.0,0.0,0.0,0.0,0.0,0.0,0.0,0.0,0.0,0.0,0.0,0.0,0.0,0.0,0.0,0.0,0.0,0.0,0.7438523572688452,0.0,0.0,0.0,0.0,0.0,0.0,0.0,0.0,0.0
B09GFM8CGS,6499.0,7999.0,19.0,1500.0,0.1875234404300537,3.645461043602573,0.7414448669201521,3,4.1,313832,12.65661627627578,51.89212673273069,3.321,0.9819391634980988,1,19,1,1,1.0,0.948,62,4,2,0.0,0.0,1.1,0.0,3,0.0,0.0,0.5333474426398063,0.288692995067339,0.0,0.0,0.0,0.0,0.0,0.0,0.0,0.0,0.0,0.0,0.0,0.0,0.0,0.0,0.0,0.0,0.0,0.0,0.0,0.0,0.0,0.0,0.0,0.0,0.0,0.0,0.0,0.0,0.5749289876346055,0.0,0.0,0.0,0.0,0.5492299329115954,0.0,0.0,0.0,0.0,0.0,0.0,0.0,0.0,0.0,0.0,0.0,0.0
B0B3MWYCHQ,2999.0,9999.0,70.0,7000.0,0.7000700070007001,1.143674052894925,0.7015209125475285,3,4.2,20879,9.946547041996576,41.77549757638562,1.2600000000000002,0.6730038022813688,1,26,1,1,0.9230769230769232,0.9932,406,3,2,1.2,0.0,0.0,0.0,0,0.0,0.0,0.0,0.0,0.0,0.4869657767100166,0.0,0.0,0.0,0.0,0.0,0.0,0.0,0.0,0.5324385019772608,0.0,0.0,0.0,0.0,0.0,0.0,0.0,0.0,0.0,0.0,0.0,0.0,0.0,0.0,0.0,0.0,0.0,0.0,0.0,0.0,0.4261072898705886,0.0,0.0,0.0,0.0,0.0,0.0,0.0,0.0,0.5457161821355151,0.0,0.0,0.0,0.0,0.0
B09J2MM5C6,279.0,1499.0,81.0,1220.0,0.8138759172781854,-0.8005718370264474,0.1378326996197718,0,4.2,2646,7.881182202227102,33.10096524935383,0.7979999999999998,0.3022813688212927,0,19,1,0,0.8947368421052632,0.9966,65,5,2,1.2,0.0,0.0,0.0,0,0.0,0.0,0.0,0.0,0.0,0.0,0.0,0.0,0.0,0.0,0.0,0.0,0.0,0.0,0.0,0.0,0.0,0.0,0.0,0.0,0.0,0.0,0.0,0.7103297927359747,0.0,0.0,0.0,0.0,0.0,0.0,0.0,0.0,0.0,0.0,0.0,0.0,0.0,0.0,0.0,0.0,0.0,0.7038690116432655,0.0,0.0,0.0,0.0,0.0,0.0,0.0,0.0
B07Q4QV1DL,269.0,1499.0,82.0,1230.0,0.8205470313542361,-0.8077197998570408,0.1311787072243346,0,4.5,28978,10.274326708723065,46.23447018925378,0.8100000000000003,0.7576045627376425,1,17,0,1,0.8823529411764706,0.984,113,4,2,1.2,0.0,1.1,0.0,0,0.0,0.0,0.0,0.4436305792849523,0.0,0.0,0.0,0.0,0.0,0.0,0.0,0.0,0.0,0.0,0.0,0.0,0.0,0.0,0.0,0.0,0.0,0.0,0.8962097461662072,0.0,0.0,0.0,0.0,0.0,0.0,0.0,0.0,0.0,0.0,0.0,0.0,0.0,0.0,0.0,0.0,0.0,0.0,0.0,0.0,0.0,0.0,0.0,0.0,0.0,0.0,0.0
B0B56YRBNT,8999.0,13499.0,33.0,4500.0,0.333358026520483,5.432451751250894,0.779467680608365,1,3.8,3145,8.053887083618223,30.60477091774925,2.546,0.3174904942965779,0,17,1,0,1.0,0.8979,146,4,2,0.0,0.0,0.0,0.0,4,0.0,0.0,0.0,0.0,0.0,0.0,0.0,0.0,0.0,0.0,0.0,0.0,0.0,0.0,0.0,0.0,0.0,0.0,0.0,0.0,0.0,0.0,0.0,0.0,0.0,0.0,0.0,0.0,0.0,0.0,0.0,0.0,0.902348578125572,0.0,0.0,0.0,0.0,0.4310070110273831,0.0,0.0,0.0,0.0,0.0,0.0,0.0,0.0,0.0,0.0,0.0,0.0
B09NHVCHS9,59.0,199.0,70.0,140.0,0.7035175879396985,-0.830945558739255,0.0155210643015521,0,4.0,9377,9.146121799649531,36.584487198598126,1.2000000000000002,0.5565410199556541,0,7,0,1,0.8571428571428571,0.9817,89,5,1,1.2,0.0,0.0,0.0,0,0.0,0.0,0.0,0.3471030947918728,0.0,0.0,0.0,0.4426935488006506,0.0,0.0,0.0,0.0,0.0,0.0,0.0,0.0,0.0,0.0,0.0,0.0,0.0,0.0,0.0,0.0,0.0,0.0,0.0,0.7064107131734689,0.0,0.0,0.0,0.0,0.0,0.0,0.0,0.0,0.0,0.0,0.0,0.0,0.0,0.0,0.4295646258130914,0.0,0.0,0.0,0.0,0.0,0.0,0.0
B01DF26V7A,599.0,1299.0,54.0,700.0,0.5388760585065435,-0.5718370264474625,0.3365019011406844,2,4.1,192589,12.168318855918258,49.890107309264856,1.886,0.973384030418251,1,25,1,1,0.88,0.9431,37,4,2,1.2,0.0,1.1,0.0,0,0.0,0.0,0.0,0.0,0.0,0.0,0.0,0.0,0.0,0.0,0.0,0.0,0.0,0.0,0.0,0.0,0.0,0.0,0.0,0.0,0.0,0.0,0.0,0.0,0.0,0.0,0.6924044147623737,0.0,0.0,0.0,0.0,0.0,0.0,0.7215096163029118,0.0,0.0,0.0,0.0,0.0,0.0,0.0,0.0,0.0,0.0,0.0,0.0,0.0,0.0,0.0,0.0
B08K4PSZ3V,349.0,999.0,65.0,650.0,0.6506506506506506,-0.7505360972122945,0.2024714828897338,0,3.8,16557,9.71462464769875,36.91557366125525,1.3299999999999998,0.596958174904943,1,21,0,0,0.8571428571428571,0.9882,198,4,2,1.2,0.0,0.0,0.0,0,0.0,0.0,0.0,0.0,0.0,0.0,0.0,0.0,0.0,0.0,0.0,0.0,0.0,0.0,0.0,0.0,0.0,0.3471877983667011,0.0,0.0,0.0,0.0,0.7842687042705853,0.3704237852897145,0.0,0.0,0.0,0.0,0.0,0.0,0.0,0.356608260502557,0.0,0.0,0.0,0.0,0.0,0.0,0.0,0.0,0.0,0.0,0.0,0.0,0.0,0.0,0.0,0.0,0.0,0.0
B0B4F1YC3J,13999.0,19499.0,28.0,5500.0,0.2820657469613826,9.006433166547534,0.8498098859315589,1,4.1,18998,9.85214162518454,40.39378066325661,2.9519999999999995,0.6473384030418251,1,19,1,0,0.9473684210526316,0.9967,86,4,2,0.0,0.0,0.0,0.0,4,0.0,0.0,0.358157213039967,0.0,0.0,0.0,0.0,0.0,0.0,0.0,0.0,0.0,0.0,0.0,0.0,0.0,0.0,0.0,0.0,0.0,0.0,0.0,0.0,0.0,0.0,0.0,0.0,0.0,0.0,0.0,0.0,0.0,0.7721606871795343,0.0,0.3734448749627412,0.0,0.0,0.3688227342314131,0.0,0.0,0.0,0.0,0.0,0.0,0.0,0.0,0.0,0.0,0.0,0.0
B08K4RDQ71,349.0,999.0,65.0,650.0,0.6506506506506506,-0.7505360972122945,0.2024714828897338,0,3.8,16557,9.71462464769875,36.91557366125525,1.3299999999999998,0.596958174904943,1,21,0,1,0.8571428571428571,0.9882,194,4,2,1.2,0.0,0.0,0.0,0,0.0,0.0,0.0,0.0,0.0,0.0,0.0,0.0,0.0,0.0,0.0,0.0,0.0,0.0,0.0,0.0,0.0,0.0,0.0,0.0,0.0,0.0,0.795708158637787,0.3758268390712483,0.0,0.0,0.0,0.0,0.0,0.0,0.0,0.3618097990833681,0.0,0.0,0.0,0.0,0.0,0.0,0.0,0.0,0.0,0.0,0.0,0.0,0.0,0.0,0.0,0.0,0.3077277735243103,0.0
B085CZ3SR1,499.0,599.0,17.0,100.0,0.1669449081803005,-0.6433166547533953,0.2984790874524715,0,4.2,21916,9.99501787038172,41.979075055603225,3.486,0.6977186311787072,1,12,1,1,0.8333333333333334,0.6369,46,5,2,0.0,0.0,0.0,0.0,4,0.0,0.0,0.0,0.2852011775211934,0.0,0.0,0.0,0.3637441535192491,0.0,0.569976069931688,0.0,0.0,0.0,0.0,0.0,0.0,0.0,0.0,0.0,0.0,0.0,0.0,0.0,0.0,0.0,0.0,0.0,0.5804303396703008,0.0,0.0,0.0,0.0,0.0,0.0,0.0,0.0,0.0,0.0,0.0,0.0,0.0,0.0,0.3529566256872598,0.0,0.0,0.0,0.0,0.0,0.0,0.0
B09YV3K34W,2199.0,9999.0,78.0,7800.0,0.7800780078007801,0.5718370264474625,0.6520912547528517,3,4.2,29472,10.291229868989722,43.223165449756834,0.924,0.7623574144486692,1,29,1,1,0.8275862068965517,0.9963,364,3,2,1.2,0.0,1.1,0.0,0,0.0,0.0,0.0,0.0,0.0,0.6809545846188961,0.0,0.0,0.0,0.0,0.0,0.0,0.0,0.0,0.0,0.0,0.0,0.0,0.0,0.0,0.0,0.0,0.0,0.0,0.0,0.0,0.7323256472953182,0.0,0.0,0.0,0.0,0.0,0.0,0.0,0.0,0.0,0.0,0.0,0.0,0.0,0.0,0.0,0.0,0.0,0.0,0.0,0.0,0.0,0.0,0.0
B09Z6WH2N1,95.0,499.0,81.0,404.0,0.8096192384769539,-0.9320943531093638,0.0085551330798479,0,4.2,1949,7.575584651557793,31.81745553654273,0.7979999999999998,0.2642585551330798,0,21,1,1,0.8571428571428571,0.9394,141,4,2,1.2,0.0,0.0,0.0,0,0.0,0.0,0.0,0.0,0.0,0.0,0.0,0.408628835182443,0.0,0.0,0.0,0.0,0.0,0.0,0.0,0.0,0.0,0.0,0.0,0.0,0.0,0.0,0.0,0.0,0.0,0.0,0.0,0.6520532943534261,0.0,0.0,0.0,0.0,0.0,0.0,0.0,0.0,0.0,0.0,0.0,0.0,0.0,0.0,0.396510166360318,0.0,0.0,0.0,0.0,0.0,0.5006282696304686,0.0
B09NL4DJ2Z,139.0,249.0,44.0,110.0,0.4417670682730923,-0.6017191977077364,0.0787139689578714,0,4.0,9377,9.146121799649531,36.584487198598126,2.24,0.5565410199556541,0,35,1,1,0.9142857142857144,0.9817,92,5,1,0.0,0.0,0.0,0.0,4,0.0,0.0,0.0,0.1198972073095007,0.0,0.0,0.0,0.4587488932671971,0.0,0.0,0.1725181434872374,0.0,0.0,0.4162932894173682,0.0,0.0,0.1761818094360586,0.0,0.0,0.0,0.0,0.0,0.0,0.0,0.0,0.0,0.0,0.0,0.0,0.0,0.0,0.0,0.0,0.0,0.0,0.0,0.0,0.0,0.453443355645109,0.0,0.3705503665849211,0.0,0.4451438183645917,0.0,0.0,0.0,0.0,0.0,0.0,0.0
B0BGSV43WY,4499.0,7999.0,44.0,3500.0,0.4375546943367921,2.215868477483917,0.7214828897338403,3,3.5,37,3.6375861597263857,12.73155155904235,1.96,0.0180608365019011,0,27,1,1,0.9629629629629628,0.2598,151,3,2,0.0,0.0,0.0,0.0,4,0.0,0.0,0.0,0.2148936567893672,0.0,0.3873855286653868,0.0,0.0,0.0,0.0,0.0,0.0,0.0,0.0,0.423559478786726,0.0,0.0,0.0,0.0,0.0,0.0,0.0,0.0,0.0,0.0,0.0,0.0,0.0,0.0,0.0,0.0,0.3947919548888587,0.0,0.0,0.0,0.3389720708299168,0.0,0.0,0.4063568411142534,0.0,0.0,0.0,0.0,0.0,0.434121989323515,0.0,0.0,0.0,0.0,0.0
B0926V9CTV,89.0,599.0,85.0,510.0,0.8514190317195326,-0.9363831308077198,0.0047528517110266,0,4.3,2351,7.763021309018518,33.380991628779626,0.645,0.2889733840304182,0,12,0,1,0.8333333333333334,0.977,136,4,2,1.2,0.0,0.0,0.0,0,0.0,0.0,0.0,1.0,0.0,0.0,0.0,0.0,0.0,0.0,0.0,0.0,0.0,0.0,0.0,0.0,0.0,0.0,0.0,0.0,0.0,0.0,0.0,0.0,0.0,0.0,0.0,0.0,0.0,0.0,0.0,0.0,0.0,0.0,0.0,0.0,0.0,0.0,0.0,0.0,0.0,0.0,0.0,0.0,0.0,0.0,0.0,0.0,0.0,0.0
B07WGPKMP5,15499.0,20999.0,26.0,5500.0,0.2619172341540073,10.078627591136526,0.873574144486692,1,4.1,19253,9.865474110337912,40.44844385238544,3.034,0.6653992395437263,1,27,1,1,0.8888888888888888,0.9726,84,4,2,0.0,0.0,0.0,0.0,4,0.0,0.0,0.0,0.1890366788751911,0.0,0.0,0.0,0.0,0.3713397973785435,0.0,0.0,0.0,0.0,0.0,0.7451897684856316,0.0,0.0,0.0,0.0,0.0,0.0,0.0,0.0,0.0,0.0,0.0,0.0,0.0,0.0,0.0,0.0,0.0,0.3764645082093902,0.0,0.0,0.0,0.0,0.3596367221595885,0.0,0.0,0.0,0.0,0.0,0.0,0.0,0.0,0.0,0.0,0.0,0.0
B0BBFJ9M3X,13999.0,15999.0,13.0,2000.0,0.1250078129883117,9.006433166547534,0.8498098859315589,1,3.9,2180,7.687538766201629,29.981401188186357,3.393,0.2804182509505703,0,28,1,1,1.0,0.6689,71,4,2,0.0,0.0,0.0,0.0,4,0.0,0.0,0.0,0.0,0.0,0.0,0.0,0.0,0.0,0.0,0.0,0.0,0.0,0.0,0.0,0.0,0.0,0.0,0.0,0.0,0.0,0.0,0.0,0.0,0.0,0.0,0.0,0.0,0.0,0.0,0.0,0.0,1.0,0.0,0.0,0.0,0.0,0.0,0.0,0.0,0.0,0.0,0.0,0.0,0.0,0.0,0.0,0.0,0.0,0.0
B09PLFJ7ZW,1999.0,4999.0,60.0,3000.0,0.6001200240048009,0.4288777698355968,0.6254752851711026,2,3.9,7571,8.932212512329214,34.83562879808393,1.56,0.4534220532319392,0,32,1,1,0.9375,0.9757,127,3,2,1.2,0.0,0.0,0.0,0,0.0,0.0,0.0,0.0,0.0,0.2551111704083219,0.0,0.0,0.0,0.0,0.0,0.0,0.0,0.0,0.0,0.0,0.0,0.0,0.0,0.0,0.0,0.0,0.0,0.0,0.0,0.0,0.0,0.0,0.0,0.0,0.0,0.0,0.0,0.0,0.0,0.4464573677962448,0.0,0.0,0.0,0.0,0.0,0.0,0.0,0.0,0.8576678316652343,0.0,0.0,0.0,0.0,0.0
B0B53NXFFR,1399.0,5999.0,77.0,4600.0,0.7667944657442907,0.0,0.5,2,3.3,4415,8.392989587956931,27.696865640257872,0.7589999999999999,0.3669201520912547,0,29,1,1,0.9655172413793104,-0.607,201,3,2,0.0,0.0,0.0,0.0,4,0.0,0.0,0.0,0.2861153587088723,0.0,0.5157758081308216,0.0,0.0,0.0,0.0,0.0,0.0,0.0,0.0,0.5639388059108282,0.0,0.0,0.0,0.0,0.0,0.0,0.0,0.0,0.0,0.0,0.0,0.0,0.0,0.0,0.0,0.0,0.0,0.0,0.0,0.0,0.0,0.0,0.0,0.0,0.0,0.0,0.0,0.0,0.0,0.5780020246035131,0.0,0.0,0.0,0.0,0.0
B07GNC2592,599.0,999.0,40.0,400.0,0.4004004004004004,-0.5718370264474625,0.3365019011406844,2,4.0,18654,9.833869485655258,39.33547794262103,2.4,0.6330798479087453,1,9,1,1,1.0,0.9069,108,5,2,0.0,0.0,0.0,0.0,4,0.0,0.0,0.0,1.0,0.0,0.0,0.0,0.0,0.0,0.0,0.0,0.0,0.0,0.0,0.0,0.0,0.0,0.0,0.0,0.0,0.0,0.0,0.0,0.0,0.0,0.0,0.0,0.0,0.0,0.0,0.0,0.0,0.0,0.0,0.0,0.0,0.0,0.0,0.0,0.0,0.0,0.0,0.0,0.0,0.0,0.0,0.0,0.0,0.0,0.0
B09TP5KBN7,199.0,1099.0,82.0,900.0,0.818926296633303,-0.8577555396711937,0.0703422053231939,0,4.0,3197,8.0702808933939,32.2811235735756,0.7200000000000002,0.3212927756653992,0,29,1,1,0.896551724137931,0.9134,127,5,2,1.2,0.0,0.0,0.0,0,0.0,0.4468845652409661,0.0,0.2319896354345187,0.0,0.0,0.0,0.2958784192260131,0.0,0.4636325201007494,0.3338061170193143,0.0,0.0,0.0,0.0,0.0,0.3408949604285431,0.0,0.0,0.0,0.0,0.0,0.0,0.0,0.0,0.0,0.0,0.0,0.0,0.0,0.0,0.0,0.0,0.0,0.0,0.3659391733995902,0.0,0.0,0.0,0.0,0.0,0.0,0.2871035794068578,0.0,0.0,0.0,0.0,0.0,0.0,0.0
B0949SBKMP,1799.0,6990.0,74.0,5191.0,0.7426323319027182,0.2859185132237312,0.5855513307984791,2,4.0,26880,10.199174996326049,40.79669998530419,1.04,0.7309885931558935,1,30,1,1,0.9666666666666668,0.9951,134,3,2,1.2,0.0,0.0,0.0,0,0.0,0.0,0.383345345563966,0.2074991030391521,0.0,0.0,0.0,0.0,0.0,0.0,0.0,0.0,0.0,0.0,0.0,0.0,0.0,0.0,0.0,0.0,0.0,0.0,0.0,0.0,0.0,0.0,0.0,0.0,0.0,0.0,0.0,0.0,0.0,0.0,0.0,0.3273079424651117,0.0,0.0,0.0,0.0,0.0,0.0,0.0,0.0,0.8383674487190244,0.0,0.0,0.0,0.0,0.0
B09V175NP7,1499.0,6990.0,79.0,5491.0,0.7855507868383405,0.0714796283059328,0.5275665399239544,2,3.9,21796,9.989527624628511,38.9591577360512,0.8189999999999998,0.6920152091254753,1,27,1,1,0.9629629629629628,0.9459,116,3,2,1.2,0.0,0.0,0.0,0,0.0,0.0,0.0,0.0,0.0,0.0,0.0,0.0,0.0,0.0,0.0,0.0,0.0,0.0,0.5181732552973753,0.0,0.0,0.0,0.442916972497979,0.0,0.0,0.5032483738208766,0.0,0.0,0.0,0.0,0.0,0.0,0.0,0.0,0.0,0.0,0.0,0.0,0.0,0.0,0.0,0.0,0.0,0.0,0.0,0.0,0.0,0.0,0.5310951960001041,0.0,0.0,0.0,0.0,0.0
B07WHSJXLF,20999.0,29990.0,30.0,8991.0,0.2997999333111037,14.010007147962831,0.9163498098859316,1,4.3,9499,9.159047077588632,39.38390243363112,3.01,0.4904942965779467,0,26,1,0,0.9615384615384616,0.9546,106,4,2,0.0,1.4,0.0,0.0,2,0.0,0.0,0.0,0.0,0.0,0.0,0.0,0.0,0.0,0.0,0.0,0.0,0.0,0.0,0.0,0.0,0.0,0.0,0.0,0.0,0.0,0.0,0.0,0.0,0.0,0.0,0.0,0.0,0.0,0.0,0.0,0.5549177571101517,0.6015363613033883,0.0,0.0,0.0,0.0,0.5746479695202259,0.0,0.0,0.0,0.0,0.0,0.0,0.0,0.0,0.0,0.0,0.0,0.0
B0BD3T6Z1D,12999.0,13499.0,4.0,500.0,0.0370397807244981,8.291636883488206,0.8222433460076045,1,4.1,56098,10.934873266039972,44.83298039076388,3.936,0.8745247148288974,1,10,1,1,1.0,0.9969,117,4,2,0.0,0.0,1.1,0.0,3,0.0,0.0,0.0,0.0,0.5602908806854906,0.0,0.0,0.0,0.0,0.0,0.0,0.0,0.0,0.0,0.0,0.0,0.0,0.0,0.0,0.0,0.0,0.0,0.0,0.0,0.0,0.0,0.0,0.0,0.0,0.0,0.0,0.0,0.5953548876312761,0.0,0.5758703732561937,0.0,0.0,0.0,0.0,0.0,0.0,0.0,0.0,0.0,0.0,0.0,0.0,0.0,0.0,0.0
B09LHYZ3GJ,16999.0,20999.0,19.0,4000.0,0.1904852612029144,11.150822015725518,0.8906844106463878,1,4.1,31822,10.367944577774503,42.50857276887547,3.321,0.7927756653992395,1,31,1,1,0.967741935483871,0.9962,86,4,2,0.0,0.0,1.1,0.0,3,0.0,0.0,0.0,0.2457008689599799,0.0,0.0,0.0,0.0,0.0,0.4910344932155947,0.3535349881566247,0.0,0.0,0.0,0.0,0.0,0.3610428019531612,0.0,0.0,0.0,0.0,0.0,0.0,0.0,0.0,0.0,0.0,0.0,0.0,0.0,0.0,0.4513894352390271,0.4893106319367204,0.0,0.0,0.0,0.0,0.0,0.0,0.0,0.0,0.0,0.0,0.0,0.0,0.0,0.0,0.0,0.0,0.0
B07WFPMGQQ,19999.0,27990.0,29.0,7991.0,0.2854948195784209,13.295210864903504,0.908745247148289,1,4.3,9499,9.159047077588632,39.38390243363112,3.053,0.4904942965779467,0,26,1,0,0.9615384615384616,0.9546,113,4,2,0.0,1.4,0.0,0.0,2,0.0,0.0,0.0,0.0,0.0,0.0,0.0,0.0,0.0,0.0,0.0,0.0,0.0,0.0,0.0,0.0,0.0,0.0,0.0,0.0,0.0,0.0,0.0,0.0,0.0,0.0,0.0,0.0,0.0,0.0,0.0,0.5549177571101517,0.6015363613033883,0.0,0.0,0.0,0.0,0.5746479695202259,0.0,0.0,0.0,0.0,0.0,0.0,0.0,0.0,0.0,0.0,0.0,0.0
B09QS9X9L8,12999.0,18999.0,32.0,6000.0,0.3158060950576346,8.291636883488206,0.8222433460076045,1,4.1,50772,10.835119996209482,44.42399198445887,2.788,0.8659695817490495,1,20,1,1,1.0,0.9998,80,4,2,0.0,0.0,1.1,0.0,3,0.0,0.0,0.0,0.0,0.4302313019730316,0.0,0.0,0.0,0.0,0.4587665265275604,0.0,0.0,0.0,0.0,0.4524569079672131,0.0,0.0,0.0,0.0,0.0,0.0,0.0,0.0,0.0,0.0,0.0,0.0,0.0,0.0,0.0,0.0,0.0,0.4571559475111138,0.0,0.0,0.0,0.0,0.4367212921628529,0.0,0.0,0.0,0.0,0.0,0.0,0.0,0.0,0.0,0.0,0.0,0.0
B0B6BLTGTT,2999.0,5999.0,50.0,3000.0,0.5000833472245374,1.143674052894925,0.7015209125475285,3,4.1,7148,8.874727765766853,36.38638383964409,2.05,0.4410646387832699,0,32,1,1,0.875,0.9904,151,3,2,1.2,0.0,0.0,0.0,0,0.3686835139069038,0.0,0.3686835139069038,0.1995628728150034,0.0,0.3597489574259439,0.0,0.0,0.0,0.0,0.0,0.0,0.0,0.0,0.0,0.0,0.0,0.0,0.0,0.0,0.0,0.0,0.0,0.0,0.0,0.0,0.0,0.0,0.0,0.0,0.0,0.0,0.0,0.0,0.0,0.6295787532265226,0.0,0.0,0.0,0.0,0.0,0.0,0.0,0.0,0.4031511801508491,0.0,0.0,0.0,0.0,0.0
B077Z65HSD,299.0,999.0,70.0,700.0,0.7007007007007007,-0.1432664756446991,0.3880266075388026,0,4.3,20850,9.94515718770752,42.76417590714234,1.29,0.7649667405764967,1,13,1,1,0.9230769230769232,0.9861,106,5,1,1.2,0.0,1.1,0.0,0,0.0,0.0,0.0,0.2657967281854496,0.0,0.0,0.0,0.3389958160141813,0.0,0.0,0.0,0.0,0.0,0.4614344102572227,0.0,0.0,0.0,0.0,0.0,0.0,0.0,0.0,0.0,0.0,0.0,0.0,0.0,0.0,0.0,0.0,0.0,0.0,0.0,0.0,0.0,0.0,0.0,0.0,0.0,0.0,0.4107313142496625,0.0,0.6578844948287683,0.0,0.0,0.0,0.0,0.0,0.0,0.0
B09W5XR9RT,970.0,1999.0,51.0,1029.0,0.5147573786893447,1.779369627507163,0.8104212860310421,2,4.4,184,5.220355825078324,22.96956563034463,2.156,0.0532150776053215,0,27,1,1,0.8888888888888888,0.9686,57,5,1,1.2,0.0,0.0,1.0,0,0.0,0.0,0.0,0.1770616676411793,0.0,0.0,0.3299238157346206,0.4516471283647588,0.3478163294901784,0.0,0.2547711566405266,0.0,0.0,0.0,0.0,0.0,0.260181581262878,0.0,0.0,0.0,0.0,0.0,0.3576948921515635,0.3378910702622252,0.0,0.0,0.0,0.0,0.0,0.0,0.0,0.0,0.0,0.0,0.0,0.0,0.0,0.0,0.334817793228839,0.0,0.0,0.0,0.2191263349343839,0.0,0.0,0.0,0.0,0.0,0.0,0.0
B084DTMYWK,329.0,999.0,67.0,670.0,0.6706706706706707,-0.7648320228734811,0.1815589353612167,0,4.2,3492,8.158516244806831,34.26576822818869,1.386,0.338403041825095,0,41,1,0,0.951219512195122,0.9611,148,5,2,1.2,0.0,0.0,0.0,0,0.0,0.0,0.0,0.0,0.0,0.0,0.0,0.2416146561783551,0.0,0.3786028471771634,0.2725864576566003,0.0,0.3143242115109821,0.0,0.0,0.0,0.0,0.0,0.0,0.0,0.0,0.0,0.0,0.0,0.0,0.0,0.0,0.0,0.0,0.0,0.0,0.6960705519811738,0.0,0.0,0.0,0.0,0.0,0.0,0.0,0.0,0.2927431566587969,0.0,0.2344491119272017,0.0,0.0,0.0,0.0,0.0,0.0,0.0
B0B53QLB9H,1299.0,5999.0,78.0,4700.0,0.7834639106517753,-0.0714796283059328,0.4771863117870722,2,3.3,4415,8.392989587956931,27.696865640257872,0.7259999999999999,0.3669201520912547,0,30,1,1,0.9666666666666668,-0.607,181,3,2,0.0,0.0,0.0,0.0,4,0.0,0.0,0.0,0.0,0.4883590883118817,0.4697247896074281,0.0,0.0,0.0,0.0,0.0,0.0,0.0,0.0,0.5135875564189697,0.0,0.0,0.0,0.0,0.0,0.0,0.0,0.0,0.0,0.0,0.0,0.0,0.0,0.0,0.0,0.0,0.0,0.0,0.0,0.0,0.0,0.0,0.0,0.0,0.0,0.0,0.0,0.0,0.0,0.5263951412988506,0.0,0.0,0.0,0.0,0.0
B0BDYW3RN3,1989.0,3500.0,43.0,1511.0,0.4317142857142857,0.4217298070050035,0.6045627376425855,2,4.4,67260,11.116335852861406,48.911877752590186,2.5080000000000005,0.8925855513307985,1,13,1,0,0.8461538461538461,0.7543,40,4,2,0.0,0.0,1.1,0.0,3,0.5654132184480689,0.0,0.0,0.0,0.0,0.0,0.0,0.0,0.0,0.0,0.0,0.0,0.0,0.0,0.0,0.0,0.0,0.0,0.0,0.0,0.0,0.0,0.0,0.0,0.0,0.0,0.0,0.0,0.0,0.0,0.0,0.0,0.0,0.0,0.0,0.0,0.0,0.0,0.0,0.0,0.0,0.5787299602164557,0.0,0.5876899910259286,0.0,0.0,0.0,0.0,0.0,0.0
B0B3RS9DNF,1999.0,9999.0,80.0,8000.0,0.8000800080008,0.4288777698355968,0.6254752851711026,2,4.3,27704,10.22936818130145,43.98628317959623,0.8599999999999998,0.7452471482889734,1,22,1,1,0.9090909090909092,0.9996,310,3,2,1.2,0.0,0.0,0.0,0,0.0,0.0,0.0,0.0,0.0,0.5752909504930336,0.0,0.0,0.0,0.0,0.0,0.0,0.0,0.0,0.0,0.0,0.0,0.0,0.0,0.0,0.0,0.0,0.0,0.0,0.0,0.0,0.0,0.0,0.0,0.0,0.0,0.0,0.0,0.0,0.0,0.5033940361431958,0.0,0.0,0.0,0.0,0.0,0.0,0.0,0.0,0.6446974225606031,0.0,0.0,0.0,0.0,0.0
B09QS9X16F,12999.0,18999.0,32.0,6000.0,0.3158060950576346,8.291636883488206,0.8222433460076045,1,4.1,50772,10.835119996209482,44.42399198445887,2.788,0.8659695817490495,1,22,1,1,1.0,0.9998,80,4,2,0.0,0.0,1.1,0.0,3,0.0,0.0,0.0,0.2464492683575164,0.0,0.0,0.0,0.0,0.0,0.4925301733914433,0.0,0.0,0.0,0.0,0.4857561884909233,0.0,0.0,0.0,0.0,0.0,0.0,0.0,0.0,0.0,0.0,0.0,0.0,0.0,0.0,0.0,0.0,0.0,0.4908010612693465,0.0,0.0,0.0,0.0,0.4688624851965591,0.0,0.0,0.0,0.0,0.0,0.0,0.0,0.0,0.0,0.0,0.0,0.0
B08HV25BBQ,1499.0,4999.0,70.0,3500.0,0.7001400280056012,0.0714796283059328,0.5275665399239544,2,4.0,92588,11.43592562308136,45.74370249232544,1.2000000000000002,0.9230038022813688,1,18,1,0,0.9444444444444444,0.8995,96,3,2,1.2,0.0,1.1,0.0,0,0.0,0.0,0.0,0.0,0.0,0.0,0.0,0.0,0.0,0.0,0.0,0.0,0.0,0.0,0.5300180623073448,0.0,0.0,0.0,0.0,0.0,0.0,0.0,0.0,0.0,0.0,0.0,0.0,0.0,0.0,0.0,0.0,0.4940200312459144,0.0,0.0,0.0,0.4241702267464661,0.0,0.0,0.0,0.0,0.0,0.0,0.0,0.0,0.5432353827739911,0.0,0.0,0.0,0.0,0.0
B09LJ116B5,16999.0,20999.0,19.0,4000.0,0.1904852612029144,11.150822015725518,0.8906844106463878,1,4.1,31822,10.367944577774503,42.50857276887547,3.321,0.7927756653992395,1,32,1,1,0.96875,0.9962,81,4,2,0.0,0.0,1.1,0.0,3,0.0,0.0,0.0,0.0,0.4290971077739287,0.0,0.0,0.0,0.0,0.4575571065463922,0.329431941093463,0.0,0.0,0.0,0.0,0.0,0.336427892711314,0.0,0.0,0.0,0.0,0.0,0.0,0.0,0.0,0.0,0.0,0.0,0.0,0.0,0.0,0.420614940023973,0.4559507734073824,0.0,0.0,0.0,0.0,0.0,0.0,0.0,0.0,0.0,0.0,0.0,0.0,0.0,0.0,0.0,0.0,0.0
B0BMVWKZ8G,1999.0,8499.0,76.0,6500.0,0.7647958583362748,0.4288777698355968,0.6254752851711026,2,4.3,240,5.484796933490655,23.584626814009816,1.032,0.0760456273764258,0,30,1,1,0.9666666666666668,-0.8622,205,3,2,1.2,0.0,0.0,0.0,0,0.0,0.0,0.3206371460112525,0.1735560923545029,0.0,0.3128669295983355,0.0,0.0,0.0,0.0,0.0,0.0,0.0,0.0,0.3420823542036325,0.0,0.0,0.0,0.2924004261507119,0.0,0.0,0.0,0.0,0.0,0.0,0.0,0.0,0.0,0.0,0.0,0.0,0.0,0.0,0.0,0.0,0.273766424330609,0.0,0.0,0.0,0.0,0.0,0.0,0.0,0.0,0.701226059417874,0.0,0.0,0.0,0.0,0.0
B0BD92GDQH,4999.0,6999.0,29.0,2000.0,0.2857551078725532,2.573266619013581,0.7290874524714829,3,3.8,758,6.63200177739563,25.201606754103395,2.698,0.1692015209125475,0,31,1,1,0.967741935483871,0.982,213,3,2,0.0,0.0,0.0,0.0,4,0.3489153498292194,0.0,0.3489153498292194,0.1888626612112451,0.0,0.0,0.0,0.0,0.0,0.0,0.0,0.0,0.0,0.0,0.372251892122239,0.0,0.0,0.0,0.0,0.0,0.0,0.0,0.0,0.0,0.0,0.0,0.0,0.0,0.0,0.0,0.0,0.0,0.0,0.0,0.0,0.0,0.0,0.0,0.0,0.0,0.0,0.0,0.0,0.0,0.7630698403938702,0.0,0.0,0.0,0.0,0.0
B08Y1SJVV5,99.0,666.66,85.0,567.66,0.8514985149851498,-0.7163323782234957,0.0376940133037694,0,3.9,24870,10.12145774507634,39.47368520579772,0.5850000000000001,0.8226164079822617,1,30,1,1,0.9333333333333332,0.8081,125,5,1,1.2,0.0,0.0,0.0,0,0.0,0.0,0.0,0.1301538525725901,0.0,0.0,0.2425192095238316,0.3319951435177218,0.0,0.0,0.187276263704564,0.0,0.0,0.4519052331045684,0.0,0.0,0.0,0.0,0.0,0.0,0.0,0.0,0.0,0.0,0.0,0.0,0.0,0.5297681132644898,0.0,0.0,0.0,0.0,0.0,0.0,0.0,0.0,0.0,0.0,0.2461166568638561,0.0,0.0,0.0,0.4832237898541435,0.0,0.0,0.0,0.0,0.0,0.0,0.0
B0B5GF6DQD,2499.0,5999.0,58.0,3500.0,0.5834305717619603,0.7862759113652609,0.6730038022813688,3,3.7,828,6.720220155135295,24.864814574000597,1.5540000000000005,0.1730038022813688,0,25,1,1,0.96,0.5187,126,3,2,0.0,0.0,0.0,0.0,4,0.0,0.0,0.0,0.1804642443756639,0.0,0.325320150241518,0.0,0.0,0.0,0.0,0.0,0.0,0.0,0.0,0.355698453036789,0.0,0.0,0.0,0.0,0.0,0.0,0.0,0.0,0.0,0.0,0.0,0.3498622301473507,0.0,0.0,0.0,0.0,0.0,0.0,0.0,0.0,0.2846633052865511,0.0,0.0,0.0,0.0,0.0,0.0,0.0,0.0,0.7291373597585369,0.0,0.0,0.0,0.0,0.0
B09JS94MBV,1399.0,1630.0,14.0,231.0,0.1417177914110429,0.0,0.5,2,4.0,9378,9.14622842650894,36.58491370603576,3.44,0.4857414448669201,0,21,1,1,0.9047619047619048,0.796,63,4,2,0.0,0.0,0.0,0.0,4,0.0,0.0,0.4974123969722626,0.0,0.5046127558291348,0.0,0.0,0.0,0.0,0.0,0.0,0.0,0.0,0.0,0.0,0.0,0.0,0.0,0.0,0.0,0.0,0.0,0.0,0.0,0.0,0.0,0.0,0.0,0.0,0.0,0.0,0.0,0.0,0.0,0.0,0.0,0.0,0.5122247817788297,0.0,0.0,0.0,0.0,0.0,0.0,0.0,0.0,0.0,0.0,0.0,0.4853582665665278
B09YV463SW,1499.0,9999.0,85.0,8500.0,0.8500850085008501,0.0714796283059328,0.5275665399239544,2,4.2,22638,10.027429361730306,42.11520331926729,0.6300000000000001,0.7091254752851711,1,25,1,1,0.92,0.9887,241,3,2,1.2,0.0,0.0,0.0,0,0.0,0.0,0.0,0.0,0.0,0.0,0.0,0.0,0.0,0.0,0.0,0.0,0.0,0.0,0.0,0.0,0.0,0.0,0.0,0.0,0.0,0.0,0.0,0.0,0.0,0.0,0.0,0.0,0.0,0.0,0.0,0.0,0.0,0.0,0.0,0.0,0.0,0.0,0.0,0.0,0.0,0.0,0.0,0.0,1.0,0.0,0.0,0.0,0.0,0.0
B07XLCFSSN,899.0,1900.0,53.0,1001.0,0.5268421052631579,1.5759312320916905,0.7882483370288248,2,4.4,13552,9.514363204016016,41.86319809767048,2.068,0.6762749445676275,1,17,1,0,0.9411764705882352,0.9921,144,5,1,1.2,0.0,0.0,0.0,0,0.0,0.0,0.0,0.0,0.0,0.0,0.4000479421607104,0.2738215546561954,0.0,0.429070081472152,0.3089218543044742,0.0,0.0,0.0,0.0,0.0,0.3154822453194966,0.384008358201309,0.0,0.0,0.0,0.0,0.0,0.4097086081279183,0.0,0.0,0.0,0.0,0.0,0.0,0.0,0.0,0.0,0.0,0.0,0.0,0.0,0.0,0.0,0.0,0.0,0.0,0.2657008532970848,0.0,0.0,0.0,0.0,0.0,0.0,0.0
B09NL4DCXK,249.0,599.0,58.0,350.0,0.5843071786310517,-0.8220157255182273,0.1169201520912547,0,3.9,2147,7.672292455628756,29.921940576952142,1.638,0.2747148288973384,0,30,1,1,0.8666666666666667,0.8121,75,5,2,1.2,0.0,0.0,0.0,0,0.0,0.0,0.0,0.0,0.0,0.0,0.0,0.2642533781468227,0.0,0.4140770387236688,0.2981271641885,0.0,0.0,0.0,0.0,0.0,0.3044583147433218,0.0,0.0,0.0,0.0,0.0,0.0,0.0,0.0,0.0,0.0,0.0,0.0,0.0,0.0,0.0,0.0,0.0,0.0,0.3268256705577124,0.0,0.0,0.0,0.0,0.3201724982252203,0.0,0.5128328786855745,0.0,0.0,0.0,0.0,0.0,0.3237478612750963,0.0
B0B8CHJLWJ,299.0,1199.0,75.0,900.0,0.7506255212677231,-0.7862759113652609,0.1577946768060836,0,4.5,596,6.391917113392602,28.76362701026671,1.125,0.155893536121673,0,17,1,1,0.8823529411764706,0.9844,48,5,2,1.2,0.0,0.0,0.0,0,0.0,0.0,0.0,0.0,0.0,0.0,0.0,0.0,0.0,0.0,0.0,0.0,1.0,0.0,0.0,0.0,0.0,0.0,0.0,0.0,0.0,0.0,0.0,0.0,0.0,0.0,0.0,0.0,0.0,0.0,0.0,0.0,0.0,0.0,0.0,0.0,0.0,0.0,0.0,0.0,0.0,0.0,0.0,0.0,0.0,0.0,0.0,0.0,0.0,0.0
B0B8ZWNR5T,79.0,499.0,84.0,420.0,0.8416833667334669,-0.9435310936383132,0.0019011406844106,0,4.2,1949,7.575584651557793,31.81745553654273,0.6720000000000002,0.2642585551330798,0,21,1,1,0.8571428571428571,0.9394,99,4,2,1.2,0.0,0.0,0.0,0,0.0,0.0,0.0,0.3471030947918728,0.0,0.0,0.0,0.4426935488006506,0.0,0.0,0.0,0.0,0.0,0.0,0.0,0.0,0.0,0.0,0.0,0.0,0.0,0.0,0.0,0.0,0.0,0.0,0.0,0.7064107131734689,0.0,0.0,0.0,0.0,0.0,0.0,0.0,0.0,0.0,0.0,0.0,0.0,0.0,0.0,0.4295646258130914,0.0,0.0,0.0,0.0,0.0,0.0,0.0
B0BBFJLP21,13999.0,15999.0,13.0,2000.0,0.1250078129883117,9.006433166547534,0.8498098859315589,1,3.9,2180,7.687538766201629,29.981401188186357,3.393,0.2804182509505703,0,28,1,1,1.0,0.6689,71,4,2,0.0,0.0,0.0,0.0,4,0.0,0.0,0.0,0.3412865195531792,0.0,0.0,0.0,0.0,0.0,0.0,0.0,0.0,0.0,0.0,0.0,0.0,0.0,0.0,0.0,0.0,0.0,0.0,0.0,0.0,0.0,0.0,0.0,0.0,0.0,0.0,0.0,0.0,0.6796684247024392,0.0,0.0,0.0,0.0,0.6492875665171651,0.0,0.0,0.0,0.0,0.0,0.0,0.0,0.0,0.0,0.0,0.0,0.0
B01F262EUU,949.0,999.0,5.0,50.0,0.05005005005005,-0.3216583273766976,0.4106463878326996,2,4.2,31539,10.359011860517027,43.50784981417152,3.99,0.7861216730038023,1,10,1,1,0.8,0.9638,13,4,2,0.0,0.0,1.1,0.0,3,0.0,0.0,0.0,0.3436211790503579,0.0,0.0,0.0,0.0,0.0,0.0,0.0,0.0,0.0,0.0,0.0,0.0,0.0,0.0,0.0,0.0,0.0,0.0,0.0,0.0,0.0,0.0,0.6661711434546771,0.0,0.0,0.0,0.0,0.0,0.0,0.0,0.6619218178428098,0.0,0.0,0.0,0.0,0.0,0.0,0.0,0.0,0.0,0.0,0.0,0.0,0.0,0.0,0.0
B09VZBGL1N,99.0,499.0,80.0,400.0,0.8016032064128257,-0.9292351679771264,0.0180608365019011,0,4.1,2451,7.804659297056102,31.999103117930016,0.8199999999999997,0.2937262357414448,0,20,0,1,0.85,0.936,185,4,2,1.2,0.0,0.0,0.0,0,0.0,0.0,0.0,0.2499876170790811,0.0,0.0,0.0,0.0,0.0,0.0,0.0,0.0,0.0,0.0,0.0,0.0,0.0,0.0,0.0,0.0,0.4961182384838393,0.0,0.0,0.4770574264460908,0.0,0.0,0.0,0.0,0.0,0.0,0.4815543046341958,0.0,0.0,0.0,0.4815543046341958,0.0,0.0,0.0,0.0,0.0,0.0,0.0,0.0,0.0,0.0,0.0,0.0,0.0,0.0,0.0
B0BNVBJW2S,2499.0,7990.0,69.0,5491.0,0.6872340425531915,0.7862759113652609,0.6730038022813688,3,4.1,154,5.043425116919247,20.67804297936891,1.271,0.0522813688212927,0,28,1,0,0.9642857142857144,0.9926,221,3,2,1.2,0.0,0.0,0.0,0,0.0,0.0,0.0,0.0,0.0,0.0,0.0,0.0,0.0,0.0,0.0,0.0,0.0,0.0,0.4799040756953935,0.0,0.0,0.0,0.4102057721494321,0.0,0.0,0.0,0.0,0.0,0.0,0.0,0.0,0.0,0.0,0.0,0.0,0.0,0.0,0.0,0.0,0.384064308522052,0.0,0.0,0.0,0.0,0.0,0.4604130328898384,0.0,0.0,0.4918716790900821,0.0,0.0,0.0,0.0,0.0
B0B2DJ5RVQ,689.0,1999.0,66.0,1310.0,0.655327663831916,-0.507505360972123,0.3593155893536122,2,4.3,1193,7.085064293952548,30.465776463995955,1.4619999999999995,0.1986692015209125,0,32,1,0,0.8125,0.9884,196,5,2,1.2,0.0,0.0,0.0,0,0.0,0.0,0.0,0.0,0.0,0.0,0.0,0.0,0.0,0.0,0.0,0.0,0.0,0.0,0.0,0.0,0.0,0.0,0.0,0.0,0.0,0.0,0.0,0.0,0.0,0.0,0.0,0.0,0.0,0.0,0.0,0.0,0.0,0.0,0.0,0.0,0.0,0.0,0.0,0.0,0.0,0.0,0.0,0.0,0.0,0.0,0.0,0.0,0.0,0.0
B096TWZRJC,499.0,1899.0,74.0,1400.0,0.7372301211163771,-0.6433166547533953,0.2984790874524715,0,4.1,1475,7.297091005160418,29.91807312115771,1.0659999999999998,0.2243346007604562,0,27,1,1,0.925925925925926,0.9918,201,5,2,1.2,0.0,0.0,0.0,0,0.0,0.0,0.0,0.0,0.0,0.0,0.0,0.0,0.0,0.0,0.0,0.0,0.0,0.0,0.0,0.0,0.0,0.0,0.0,0.0,0.0,0.0,0.0,0.0,0.0,0.0,0.0,0.0,0.0,0.0,0.0,0.0,0.0,0.0,0.0,0.0,0.0,0.0,0.0,0.0,0.0,0.0,0.0,0.0,0.0,0.0,0.0,0.0,1.0,0.0
B09GP6FBZT,299.0,999.0,70.0,700.0,0.7007007007007007,-0.7862759113652609,0.1577946768060836,0,4.3,8891,9.092907275084087,39.09950128286157,1.29,0.4762357414448669,0,24,1,1,0.8333333333333334,0.9981,246,5,2,1.2,0.0,0.0,0.0,0,0.0,0.0,0.0,0.0,0.0,0.0,0.0,0.0,0.0,0.0,0.0,0.0,0.4526835009210422,0.0,0.0,0.0,0.0,0.0,0.0,0.0,0.0,0.5222682129210771,0.0,0.5206520260613485,0.0,0.0,0.0,0.0,0.0,0.0,0.0,0.5012335079823637,0.0,0.0,0.0,0.0,0.0,0.0,0.0,0.0,0.0,0.0,0.0,0.0,0.0,0.0,0.0,0.0,0.0,0.0
B0B3DV7S9B,209.0,499.0,58.0,290.0,0.5811623246492986,-0.8506075768406004,0.085551330798479,0,3.6,104,4.653960350157523,16.754257260567083,1.5120000000000002,0.0342205323193916,0,22,0,1,0.9090909090909092,0.9081,232,4,2,0.0,0.0,0.0,0.0,4,0.0,0.0,0.0,0.2943121761735992,0.0,0.0,0.0,0.0,0.0,0.0,0.0,0.0,0.4883233567653697,0.0,0.0,0.0,0.0,0.0,0.0,0.0,0.0,0.0,0.5945609996662199,0.0,0.0,0.0,0.0,0.0,0.0,0.0,0.5669372627277793,0.0,0.0,0.0,0.0,0.0,0.0,0.0,0.0,0.0,0.0,0.0,0.0,0.0,0.0,0.0,0.0,0.0,0.0,0.0
B09MKP344P,8499.0,12999.0,35.0,4500.0,0.3461804754211862,5.0750536097212295,0.7690114068441065,1,4.1,6662,8.804325112562537,36.0977329615064,2.665,0.4239543726235741,0,16,1,0,1.0,0.4331,54,4,2,0.0,0.0,0.0,0.0,4,0.0,0.0,0.0,0.0,0.0,0.0,0.0,0.0,0.0,0.0,0.0,0.0,0.0,0.0,0.0,0.0,0.0,0.0,0.0,0.0,0.0,0.0,0.0,0.0,0.0,0.0,0.0,0.0,0.0,0.0,0.0,0.0,0.902348578125572,0.0,0.0,0.0,0.0,0.4310070110273831,0.0,0.0,0.0,0.0,0.0,0.0,0.0,0.0,0.0,0.0,0.0,0.0
B08JW1GVS7,2179.0,3999.0,46.0,1820.0,0.4551137784446111,0.557541100786276,0.6482889733840305,3,4.0,8380,9.033722518098909,36.13489007239563,2.16,0.4657794676806083,0,29,1,0,0.9310344827586208,0.9785,81,5,2,1.2,0.0,0.0,0.0,0,0.0,0.0,0.0,0.0,0.0,0.0,0.0,0.2668539407719578,0.4110118380486269,0.0,0.3010610845272415,0.0,0.0,0.0,0.0,0.0,0.3074545410159455,0.0,0.0,0.0,0.0,0.0,0.0,0.0,0.0,0.0,0.0,0.0,0.0,0.0,0.0,0.0,0.0,0.0,0.0,0.0,0.0,0.0,0.0,0.0,0.6466467409225055,0.3956515693443201,0.0,0.0,0.0,0.0,0.0,0.0,0.0,0.0
B09LHZSMRR,16999.0,20999.0,19.0,4000.0,0.1904852612029144,11.150822015725518,0.8906844106463878,1,4.1,31822,10.367944577774503,42.50857276887547,3.321,0.7927756653992395,1,31,1,1,0.967741935483871,0.9962,86,4,2,0.0,0.0,1.1,0.0,3,0.0,0.0,0.0,0.0,0.0,0.0,0.0,0.0,0.0,0.4709692021016199,0.3390883809338126,0.0,0.0,0.0,0.0,0.0,0.3462894006628478,0.0,0.0,0.0,0.0,0.0,0.0,0.0,0.0,0.0,0.0,0.0,0.0,0.0,0.0,0.4329441721282194,0.4693157834879323,0.0,0.0,0.0,0.0,0.0,0.0,0.0,0.0,0.0,0.0,0.0,0.0,0.0,0.0,0.0,0.3682292367063396,0.0
B0B5V47VK4,44999.0,49999.0,10.0,5000.0,0.1000020000400008,31.165117941386704,0.9866920152091256,1,4.3,3075,8.031385330625534,34.5349569216898,3.87,0.3155893536121673,0,9,1,1,1.0,0.9997,137,4,2,0.0,1.4,0.0,0.0,2,0.0,0.0,0.0,0.3412865195531792,0.0,0.0,0.0,0.0,0.0,0.0,0.0,0.0,0.0,0.0,0.0,0.0,0.0,0.0,0.0,0.0,0.0,0.0,0.0,0.0,0.0,0.0,0.0,0.0,0.0,0.0,0.0,0.0,0.6796684247024392,0.0,0.0,0.0,0.0,0.6492875665171651,0.0,0.0,0.0,0.0,0.0,0.0,0.0,0.0,0.0,0.0,0.0,0.0
B08H21B6V7,2599.0,2999.0,13.0,400.0,0.1333777925975325,0.8577555396711937,0.6844106463878327,3,3.9,14266,9.565704457114814,37.30624738274777,3.393,0.5627376425855514,1,4,1,0,1.0,0.9934,67,4,2,0.0,0.0,0.0,0.0,4,0.0,0.0,0.0,0.0,0.0,0.0,0.0,0.0,0.0,0.0,0.0,0.0,0.0,0.0,0.0,0.0,0.0,0.0,0.0,0.0,0.0,0.0,0.0,0.0,0.0,0.0,0.0,0.0,0.0,0.0,0.0,0.0,0.0,0.0,0.0,0.0,0.0,0.0,0.0,0.0,0.0,0.0,0.0,0.0,0.0,0.0,0.0,0.0,0.0,0.0
B09BNXQ6BR,2799.0,6499.0,57.0,3700.0,0.569318356670257,1.0007147962830594,0.6901140684410646,3,4.1,38879,10.568235258574376,43.329764560154935,1.763,0.8317490494296578,1,27,1,0,0.9629629629629628,0.9023,184,3,2,1.2,0.0,1.1,0.0,0,0.0,0.0,0.0,0.0,0.0,0.0,0.0,0.0,0.0,0.0,0.0,0.0,0.0,0.0,0.4799040756953935,0.0,0.0,0.0,0.4102057721494321,0.0,0.0,0.0,0.0,0.0,0.0,0.0,0.0,0.0,0.0,0.0,0.0,0.0,0.0,0.0,0.0,0.384064308522052,0.0,0.0,0.0,0.0,0.0,0.4604130328898384,0.0,0.0,0.4918716790900821,0.0,0.0,0.0,0.0,0.0
B01FSYQ2A4,1399.0,2990.0,53.0,1591.0,0.5321070234113713,0.0,0.5,2,4.1,97175,11.484279046380106,47.08554409015843,1.927,0.9315589353612168,1,19,1,1,0.8421052631578947,0.9996,114,4,2,1.2,0.0,1.1,0.0,0,0.0,0.0,0.0,0.0,0.0,0.5642404891029396,0.0,0.0,0.0,0.0,0.0,0.0,0.0,0.0,0.0,0.0,0.0,0.5598377802169499,0.0,0.0,0.0,0.0,0.0,0.0,0.0,0.0,0.6068066663267911,0.0,0.0,0.0,0.0,0.0,0.0,0.0,0.0,0.0,0.0,0.0,0.0,0.0,0.0,0.0,0.0,0.0,0.0,0.0,0.0,0.0,0.0,0.0
B08L5FM4JC,649.0,2400.0,73.0,1751.0,0.7295833333333334,-0.536097212294496,0.3536121673003802,2,4.4,67260,11.116335852861406,48.911877752590186,1.1880000000000002,0.8925855513307985,1,8,1,0,1.0,0.7543,48,4,2,1.2,0.0,1.1,0.0,0,0.0,0.0,0.0,0.0,0.0,0.0,0.0,0.0,0.0,0.0,0.0,0.0,0.0,0.0,0.0,0.0,0.0,0.0,0.0,0.0,0.0,0.0,0.0,0.0,0.0,0.0,0.0,0.0,0.0,0.0,0.0,0.0,0.0,0.0,0.0,0.0,0.0,0.0,0.0,0.0,0.0,1.0,0.0,0.0,0.0,0.0,0.0,0.0,0.0,0.0
B0B54Y2SNX,799.0,3990.0,80.0,3191.0,0.799749373433584,-0.4288777698355968,0.3802281368821292,2,3.8,119,4.787491742782046,18.192468622571774,0.7599999999999998,0.0399239543726235,0,26,1,0,0.9615384615384616,0.9666,185,5,2,1.2,0.0,0.0,0.0,0,0.0,0.1861318111832476,0.0,0.0,0.0,0.0,0.0,0.0,0.0,0.1931074988980064,0.0,0.0,0.1603219911855828,0.0,0.0,0.0,0.1419860996398308,0.0,0.0,0.0,0.0,0.0,0.0,0.1843936643662271,0.0,0.0,0.0,0.0,0.1952009913660121,0.0,0.0,0.8875820952737081,0.0,0.0,0.0,0.0,0.0,0.0,0.0,0.0,0.1493145105045512,0.0,0.0,0.0,0.0,0.0,0.0,0.0,0.0,0.0
B08BQ947H3,149.0,149.0,0.0,0.0,0.0,-0.5730659025787965,0.0997782705099778,0,4.3,10833,9.290444616217844,39.94891184973672,4.3,0.6175166297117517,1,21,1,0,0.9047619047619048,0.998,184,4,1,0.0,1.4,0.0,0.0,2,0.0,0.0,0.0,0.0,0.0,0.0,0.0,0.0,0.0,0.0,0.0,0.0,0.0,0.0,0.0,0.0,0.0,0.0,0.0,0.0,0.0,0.0,0.0,0.0,0.4904754480738697,0.0,0.0,0.0,0.0,0.521801606212152,0.0,0.4863616245131188,0.0,0.0,0.0,0.0,0.0,0.0,0.0,0.0,0.0,0.500608918010971,0.0,0.0,0.0,0.0,0.0,0.0,0.0,0.0
B082T6V3DT,799.0,2100.0,62.0,1301.0,0.6195238095238095,1.2893982808022924,0.7594235033259423,2,4.3,8188,9.010547069270189,38.74535239786181,1.634,0.5254988913525499,0,21,1,1,0.9047619047619048,0.9893,22,5,1,1.2,0.0,0.0,0.0,0,0.0,0.0,0.0,0.0,0.0,0.0,0.0,0.2917930287868093,0.0,0.4572308370382322,0.3291970335904323,0.0,0.0,0.0,0.0,0.0,0.3361879966163441,0.0,0.0,0.0,0.0,0.0,0.4621877098626533,0.4365986302129424,0.0,0.0,0.0,0.0,0.0,0.0,0.0,0.0,0.0,0.0,0.0,0.0,0.0,0.0,0.0,0.0,0.0,0.0,0.283139349026561,0.0,0.0,0.0,0.0,0.0,0.0,0.0
B0B7DHSKS7,3799.0,5299.0,28.0,1500.0,0.2830722777882619,1.7155110793423871,0.7091254752851711,3,3.5,1641,7.403670290012373,25.912846015043307,2.52,0.2414448669201521,0,20,1,1,0.95,0.9845,76,4,2,0.0,0.0,0.0,0.0,4,0.0,0.0,0.0,0.0,0.5743778878192195,0.0,0.0,0.0,0.0,0.0,0.0,0.0,0.0,0.0,0.6040500585048391,0.0,0.0,0.0,0.0,0.0,0.0,0.0,0.0,0.0,0.0,0.0,0.0,0.0,0.0,0.0,0.0,0.0,0.0,0.0,0.0,0.0,0.0,0.0,0.0,0.0,0.0,0.0,0.0,0.0,0.0,0.0,0.0,0.0,0.0,0.5524613731335726
B09SJ1FTYV,199.0,1899.0,90.0,1700.0,0.8952080042127436,-0.8577555396711937,0.0703422053231939,0,4.0,4740,8.464003362902119,33.85601345160848,0.3999999999999999,0.3840304182509506,0,19,0,0,0.9473684210526316,0.9909,117,5,2,1.2,0.0,0.0,0.0,0,0.0,0.0,0.0,0.0,0.0,0.0,0.0,0.0,0.0,0.0,0.0,0.0,0.5480026749900717,0.0,0.0,0.0,0.0,0.0,0.5564441089804048,0.0,0.0,0.0,0.0,0.0,0.0,0.0,0.0,0.0,0.0,0.0,0.0,0.0,0.0,0.0,0.0,0.0,0.0,0.0,0.0,0.0,0.0,0.6245502556117716,0.0,0.0,0.0,0.0,0.0,0.0,0.0,0.0
B09XJ5LD6L,23999.0,32999.0,27.0,9000.0,0.2727355374405285,16.154395997140814,0.9287072243346008,1,3.9,8866,9.090091799380009,35.451358017582024,2.847,0.4733840304182509,0,28,1,1,0.8928571428571429,0.9956,74,4,2,0.0,0.0,0.0,0.0,4,0.0,0.349273043366931,0.0,0.0,0.3398238738367924,0.0,0.0,0.0,0.0,0.0,0.0,0.0,0.0,0.0,0.0,0.0,0.0,0.0,0.0,0.0,0.0,0.0,0.0,0.0,0.0,0.0,0.0,0.0,0.0,0.0,0.0,0.0,0.7221813211559118,0.0,0.349273043366931,0.0,0.0,0.3449500782699744,0.0,0.0,0.0,0.0,0.0,0.0,0.0,0.0,0.0,0.0,0.0,0.0
B07WHS7MZ1,29990.0,39990.0,25.0,10000.0,0.2500625156289072,20.43674052894925,0.9515209125475284,1,4.3,8399,9.035986984831403,38.85474403477504,3.225,0.467680608365019,0,18,1,0,1.0,0.9979,185,4,2,0.0,1.4,0.0,0.0,2,0.0,0.0,0.0,0.0,0.0,0.0,0.0,0.0,0.5806741472784896,0.0,0.0,0.0,0.0,0.0,0.0,0.0,0.0,0.0,0.0,0.0,0.0,0.0,0.0,0.0,0.0,0.0,0.0,0.0,0.0,0.0,0.0,0.0,0.58868779707514,0.0,0.0,0.0,0.0,0.5623737300561059,0.0,0.0,0.0,0.0,0.0,0.0,0.0,0.0,0.0,0.0,0.0,0.0
B0BBVKRP7B,281.0,1999.0,86.0,1718.0,0.8594297148574287,-0.7991422444603288,0.1425855513307984,0,2.8,87,4.477336814478207,12.536543080538978,0.392,0.0304182509505703,0,15,1,1,0.8666666666666667,0.4201,187,3,2,0.0,0.0,0.0,0.0,4,0.0,0.0,0.0,0.304023873645371,0.0,0.5480592157936522,0.0,0.0,0.0,0.0,0.0,0.0,0.0,0.0,0.0,0.0,0.0,0.0,0.0,0.0,0.0,0.0,0.0,0.0,0.0,0.0,0.0,0.0,0.0,0.0,0.0,0.0,0.0,0.0,0.0,0.4795655840708068,0.0,0.0,0.0,0.0,0.0,0.0,0.0,0.0,0.6141802917809527,0.0,0.0,0.0,0.0,0.0
B09NY7W8YD,7998.0,11999.0,33.0,4001.0,0.3334444537044754,4.716940671908506,0.7604562737642585,3,3.8,125,4.836281906951478,18.377871246415616,2.546,0.0437262357414448,0,9,1,0,1.0,0.8206,32,4,2,0.0,0.0,0.0,0.0,4,0.0,0.0,0.0,0.0,0.0,0.0,0.0,0.0,0.0,0.0,0.0,0.0,0.0,0.0,0.0,0.0,0.0,0.0,0.0,0.0,0.0,0.0,0.0,0.0,0.0,0.0,0.0,0.0,0.0,0.0,0.0,0.0,1.0,0.0,0.0,0.0,0.0,0.0,0.0,0.0,0.0,0.0,0.0,0.0,0.0,0.0,0.0,0.0,0.0,0.0
B0BMM7R92G,249.0,999.0,75.0,750.0,0.7507507507507507,-0.8220157255182273,0.1169201520912547,0,4.5,38,3.6635616461296463,16.486027407583407,1.125,0.0209125475285171,0,18,1,0,1.0,0.9844,59,3,2,1.2,0.0,0.0,1.0,0,0.0,0.2249625303319837,0.0,0.0,0.0,0.0,0.0,0.1489457525207219,0.0,0.7001804468889119,0.168038626897905,0.0,0.0,0.0,0.0,0.0,0.1716071639978772,0.0,0.0,0.0,0.0,0.0,0.0,0.0,0.0,0.0,0.0,0.0,0.0,0.0,0.0,0.0,0.0,0.0,0.0,0.3684289357864796,0.0,0.0,0.0,0.0,0.0,0.0,0.1445284816581434,0.0,0.4718474360922361,0.0,0.0,0.0,0.0,0.0
B08M66K48D,299.0,599.0,50.0,300.0,0.5008347245409015,-0.7862759113652609,0.1577946768060836,0,4.3,4674,8.449984441722787,36.33493309940798,2.15,0.3726235741444867,0,27,1,1,0.8148148148148148,0.9924,62,5,2,1.2,0.0,0.0,0.0,0,0.0,0.0,0.0,0.0,0.0,0.0,0.0,0.0,0.0,0.0,0.0,0.0,0.3346648863504715,0.0,0.0,0.0,0.0,0.0,0.0,0.0,0.0,0.0,0.0,0.7698268250353391,0.0,0.0,0.0,0.0,0.0,0.3975590914209518,0.0,0.3705574747978816,0.0,0.0,0.0,0.0,0.0,0.0,0.0,0.0,0.0,0.0,0.0,0.0,0.0,0.0,0.0,0.0,0.0,0.0
B09RFB2SJQ,499.0,1899.0,74.0,1400.0,0.7372301211163771,-0.6433166547533953,0.2984790874524715,0,4.1,412,6.023447592961033,24.696135131140235,1.0659999999999998,0.1197718631178707,0,28,1,1,0.8214285714285714,0.9778,194,3,2,1.2,0.0,0.0,0.0,0,0.0,0.0,0.0,0.0,0.0,0.4986606436571293,0.0,0.0,0.0,0.0,0.0,0.0,0.0,0.0,0.0,0.0,0.0,0.0,0.0,0.0,0.0,0.0,0.0,0.0,0.0,0.0,0.0,0.0,0.0,0.0,0.0,0.0,0.0,0.0,0.0,0.4363405922884684,0.0,0.0,0.0,0.0,0.0,0.0,0.0,0.0,0.5588219863751457,0.0,0.0,0.0,0.0,0.4986606436571293
B0B82YGCF6,899.0,3499.0,74.0,2600.0,0.7430694484138325,-0.357398141529664,0.400190114068441,2,3.0,681,6.525029657843462,19.575088973530388,0.78,0.1634980988593156,0,24,1,1,1.0,0.8186,183,3,2,0.0,0.0,0.0,0.0,4,0.0,0.0,0.0,0.0,0.0,0.4231932991283313,0.0,0.0,0.0,0.0,0.0,0.0,0.0,0.0,0.4627109686372931,0.0,0.0,0.0,0.0,0.0,0.0,0.0,0.0,0.0,0.0,0.0,0.0,0.0,0.0,0.0,0.0,0.4312843343279684,0.0,0.0,0.0,0.0,0.0,0.0,0.0,0.0,0.0,0.0,0.0,0.0,0.474249819085686,0.4425911466987247,0.0,0.0,0.0,0.0
B08HF4W2CT,1599.0,3499.0,54.0,1900.0,0.543012289225493,0.1429592566118656,0.55893536121673,2,4.0,36384,10.501911880781186,42.007647523124746,1.84,0.8241444866920152,1,12,1,0,0.9166666666666666,0.5387,62,5,2,1.2,0.0,1.1,0.0,0,0.0,0.0,0.0,0.0,0.0,0.0,0.0,0.0,0.0,0.0,0.515024832645198,0.0,0.0,0.0,0.0,0.0,0.5259621109164493,0.0,0.0,0.0,0.0,0.0,0.0,0.0,0.0,0.0,0.0,0.0,0.0,0.0,0.0,0.0,0.0,0.0,0.0,0.0,0.0,0.0,0.0,0.0,0.0,0.0,0.0,0.0,0.0,0.0,0.6768406604505217,0.0,0.0,0.0
B08BCKN299,120.0,999.0,88.0,879.0,0.8798798798798799,-0.9142244460328808,0.0351711026615969,0,3.9,6491,8.778325928634482,34.23547112167448,0.4679999999999999,0.4192015209125475,0,28,1,1,0.8571428571428571,0.8978,121,3,2,1.2,0.0,0.0,0.0,0,0.0,0.6062568305191599,0.0,0.3147240071180102,0.0,0.0,0.0,0.401397422536307,0.0,0.0,0.0,0.0,0.0,0.0,0.0,0.0,0.0,0.0,0.0,0.0,0.0,0.0,0.0,0.0,0.0,0.0,0.6101488047793381,0.0,0.0,0.0,0.0,0.0,0.0,0.0,0.0,0.0,0.0,0.0,0.0,0.0,0.0,0.0,0.0,0.0,0.0,0.0,0.0,0.0,0.0,0.0
B0B2X35B1K,3999.0,6999.0,43.0,3000.0,0.4286326618088298,1.858470335954253,0.714828897338403,3,4.1,10229,9.233079858945672,37.855627421677255,2.337,0.4961977186311787,1,28,1,1,0.9285714285714286,0.8867,131,3,2,0.0,0.0,0.0,0.0,4,0.0,0.0,0.0,0.188865200934376,0.0,0.3404644269336007,0.0,0.0,0.0,0.0,0.0,0.0,0.0,0.0,0.3722568979647645,0.0,0.0,0.0,0.0,0.0,0.0,0.0,0.0,0.0,0.0,0.0,0.0,0.0,0.0,0.0,0.0,0.0,0.0,0.0,0.0,0.0,0.0,0.0,0.0,0.0,0.0,0.3571378866865612,0.0,0.0,0.7630801017452234,0.0,0.0,0.0,0.0,0.0
B09QS9CWLV,12999.0,18999.0,32.0,6000.0,0.3158060950576346,8.291636883488206,0.8222433460076045,1,4.1,50772,10.835119996209482,44.42399198445887,2.788,0.8659695817490495,1,20,1,1,1.0,0.9998,80,4,2,0.0,0.0,1.1,0.0,3,0.0,0.0,0.0,0.0,0.4302313019730316,0.0,0.0,0.0,0.0,0.4587665265275604,0.0,0.0,0.0,0.0,0.4524569079672131,0.0,0.0,0.0,0.0,0.0,0.0,0.0,0.0,0.0,0.0,0.0,0.0,0.0,0.0,0.0,0.0,0.0,0.4571559475111138,0.0,0.0,0.0,0.0,0.4367212921628529,0.0,0.0,0.0,0.0,0.0,0.0,0.0,0.0,0.0,0.0,0.0,0.0
B0B1NX6JTN,1599.0,2599.0,38.0,1000.0,0.3847633705271258,0.1429592566118656,0.55893536121673,2,4.3,1801,7.496652438168283,32.23560548412362,2.666,0.2566539923954372,0,19,1,0,0.9473684210526316,0.9473,51,5,2,0.0,0.0,0.0,0.0,4,0.0,0.0,0.0,0.0,0.0,0.0,0.0,0.0,0.0,0.0,0.0,0.0,0.4541834889324988,0.0,0.0,0.0,0.0,0.0,0.0,0.0,0.0,0.0,0.0,0.5223772309686262,0.0,0.0,0.0,0.0,0.0,0.0,0.0,0.5028943687192453,0.0,0.0,0.0,0.0,0.0,0.0,0.0,0.0,0.0,0.517625966173573,0.0,0.0,0.0,0.0,0.0,0.0,0.0,0.0
B078G6ZF5Z,699.0,1199.0,42.0,500.0,0.4170141784820684,-0.5003573981415297,0.3650190114068441,2,4.0,14404,9.575330647518628,38.30132259007451,2.3200000000000003,0.5731939163498099,1,34,1,0,0.9705882352941176,0.8727,210,5,2,0.0,0.0,0.0,0.0,4,0.0,0.1941473744901415,0.0,0.0,0.0,0.0,0.0,0.0,0.1979840329597469,0.2014234625831663,0.0,0.0,0.1672260827627617,0.0,0.0,0.0,0.1481005760591331,0.0,0.0,0.0,0.0,0.0,0.2036071090194976,0.1923343762774357,0.0,0.0,0.0,0.0,0.4072142180389952,0.0,0.0,0.7406438796093703,0.0,0.0,0.0,0.0,0.0,0.0,0.0,0.0,0.1557445769396154,0.0,0.1247311061605078,0.0,0.0,0.0,0.0,0.0,0.0,0.0
B0BBW521YC,99.0,999.0,90.0,900.0,0.9009009009009008,-0.9292351679771264,0.0180608365019011,0,4.4,305,5.723585101952381,25.18377444859048,0.4399999999999999,0.1007604562737642,0,17,1,0,0.8823529411764706,0.9625,227,5,2,1.2,0.0,0.0,0.0,0,0.0,0.0,0.0,0.0,0.0,0.0,0.0,0.4761753051827545,0.0,0.7461522787945671,0.0,0.0,0.0,0.3240802109440572,0.0,0.0,0.0,0.3338950021462446,0.0,0.0,0.0,0.0,0.0,0.0,0.0,0.0,0.0,0.0,0.0,0.0,0.0,0.0,0.0,0.0,0.0,0.0,0.0,0.0,0.0,0.0,0.0,0.0,0.0,0.0,0.0,0.0,0.0,0.0,0.0,0.0
B09HSKYMB3,7915.0,9999.0,21.0,2084.0,0.2084208420842084,4.657612580414582,0.7585551330798479,3,4.3,1376,7.227662498728654,31.07894874453321,3.397,0.2167300380228136,0,11,1,1,1.0,0.629,12,4,2,0.0,1.4,0.0,0.0,2,0.0,0.0,0.0,0.4487405961577255,0.0,0.0,0.0,0.0,0.0,0.0,0.0,0.0,0.0,0.0,0.0,0.0,0.0,0.0,0.0,0.0,0.0,0.0,0.0,0.0,0.0,0.0,0.0,0.0,0.0,0.0,0.0,0.0,0.8936620599309388,0.0,0.0,0.0,0.0,0.0,0.0,0.0,0.0,0.0,0.0,0.0,0.0,0.0,0.0,0.0,0.0,0.0
B09YV42QHZ,1499.0,7999.0,81.0,6500.0,0.8126015751968996,0.0714796283059328,0.5275665399239544,2,4.2,22638,10.027429361730306,42.11520331926729,0.7979999999999998,0.7091254752851711,1,25,1,0,0.92,0.9887,244,3,2,1.2,0.0,0.0,0.0,0,0.0,0.0,0.0,0.0,0.0,0.0,0.0,0.0,0.0,0.0,0.0,0.0,0.0,0.0,0.0,0.0,0.0,0.0,0.0,0.0,0.0,0.0,0.0,0.0,0.0,0.0,0.0,0.0,0.0,0.0,0.0,0.0,0.0,0.0,0.0,0.0,0.0,0.0,0.0,0.0,0.0,0.0,0.0,0.0,1.0,0.0,0.0,0.0,0.0,0.0
B09BF8JBWX,1055.0,1249.0,16.0,194.0,0.155324259407526,-0.2458899213724088,0.435361216730038,2,3.8,2352,7.763446388727362,29.50109627716397,3.192,0.2908745247148289,0,18,1,1,0.9444444444444444,0.723,14,4,2,0.0,0.0,0.0,0.0,4,0.0,0.0,0.7020075245502077,0.0,0.712169527201838,0.0,0.0,0.0,0.0,0.0,0.0,0.0,0.0,0.0,0.0,0.0,0.0,0.0,0.0,0.0,0.0,0.0,0.0,0.0,0.0,0.0,0.0,0.0,0.0,0.0,0.0,0.0,0.0,0.0,0.0,0.0,0.0,0.0,0.0,0.0,0.0,0.0,0.0,0.0,0.0,0.0,0.0,0.0,0.0,0.0
B0B5YBGCKD,150.0,599.0,75.0,449.0,0.7495826377295493,-0.8927805575411007,0.0475285171102661,0,4.3,714,6.572282542694008,28.260814933584232,1.075,0.1673003802281368,0,25,1,1,0.84,0.9871,61,5,2,1.2,0.0,0.0,0.0,0,0.0,0.0,0.0,0.0,0.0,0.0,0.0,0.0,0.0,0.0,0.0,0.0,0.2536510983067456,0.0,0.0,0.0,0.0,0.0,0.0,0.0,0.0,0.0,0.0,0.875207234043603,0.0,0.0,0.0,0.0,0.0,0.3013202289622704,0.0,0.2808550113913808,0.0,0.0,0.0,0.0,0.0,0.0,0.0,0.0,0.0,0.0,0.0,0.0,0.0,0.0,0.0,0.0,0.0,0.0
B01GGKYKQM,219.0,700.0,69.0,481.0,0.6871428571428572,-0.3724928366762177,0.270509977827051,0,4.3,20052,9.906134047477034,42.59637640415124,1.3330000000000002,0.7472283813747228,1,19,1,1,0.8947368421052632,0.9815,105,5,1,1.2,0.0,0.0,0.0,0,0.0,0.0,0.0,0.2306146516270188,0.0,0.0,0.0,0.2941247717638648,0.0,0.0,0.3318276751596757,0.0,0.0,0.0,0.0,0.0,0.3388745035673147,0.0,0.0,0.0,0.0,0.0,0.0,0.0,0.4272573729343936,0.0,0.0,0.0,0.0,0.0,0.0,0.0,0.0,0.0,0.0,0.0,0.0,0.0,0.0,0.0,0.3563650297527582,0.0,0.5708038794213386,0.0,0.0,0.0,0.0,0.0,0.0,0.0
B09MY4W73Q,474.0,1799.0,74.0,1325.0,0.736520289049472,-0.6611865618298784,0.279467680608365,0,4.3,1454,7.282761179605593,31.31587307230405,1.118,0.2224334600760456,0,19,1,1,0.8947368421052632,0.9767,62,5,2,1.2,0.0,0.0,0.0,0,0.0,0.0,0.0,0.3488439957596334,0.0,0.0,0.0,0.0,0.0,0.0,0.0,0.0,0.0,0.0,0.0,0.0,0.0,0.0,0.0,0.0,0.0,0.0,0.0,0.6657074490038313,0.0,0.0,0.0,0.0,0.0,0.0,0.0,0.0,0.0,0.0,0.0,0.0,0.0,0.0,0.0,0.0,0.0,0.6596525289599549,0.0,0.0,0.0,0.0,0.0,0.0,0.0,0.0
B08R69VDHT,115.0,499.0,77.0,384.0,0.7695390781563126,-0.670487106017192,0.0521064301552106,0,4.0,7732,8.953252164609035,35.81300865843614,0.92,0.5022172949002217,0,30,1,1,0.8333333333333334,0.9763,53,5,1,1.2,0.0,0.0,0.0,0,0.0,0.0,0.0,0.0,0.0,0.0,0.0,0.4082230783440839,0.0,0.0,0.4605518747064119,0.0,0.0,0.2778325963191391,0.0,0.0,0.235166171466908,0.0,0.0,0.0,0.0,0.0,0.0,0.0,0.0,0.0,0.0,0.3257029119671794,0.0,0.3154377449472205,0.0,0.0,0.0,0.0,0.0,0.25244290584397,0.0,0.0,0.0,0.0,0.0,0.0,0.396116443016228,0.0,0.0,0.0,0.0,0.0,0.2500655799821083,0.0
B09T37CKQ5,239.0,599.0,60.0,360.0,0.6010016694490818,-0.8291636883488206,0.1074144486692015,0,3.9,2147,7.672292455628756,29.921940576952142,1.56,0.2747148288973384,0,23,1,1,0.9565217391304348,0.8121,78,5,2,1.2,0.0,0.0,0.0,0,0.0,0.2726060120584562,0.0,0.1415170141770246,0.0,0.0,0.0,0.0,0.0,0.5656450107965878,0.2036265323065847,0.0,0.0,0.0,0.0,0.0,0.2079508287406196,0.0,0.0,0.0,0.0,0.0,0.285888604789631,0.2700603468701797,0.0,0.0,0.0,0.0,0.285888604789631,0.0,0.0,0.2599880308786587,0.0,0.0,0.2726060120584562,0.0,0.0,0.0,0.0,0.0,0.0,0.0,0.3502746253391395,0.0,0.0,0.0,0.0,0.0,0.0,0.0
B09GFPN6TP,7499.0,9499.0,21.0,2000.0,0.2105484787872407,4.360257326661902,0.7557034220532319,3,4.1,313832,12.65661627627578,51.89212673273069,3.239,0.9819391634980988,1,19,1,1,1.0,0.948,62,4,2,0.0,0.0,1.1,0.0,3,0.0,0.0,0.557066369123978,0.0,0.0,0.0,0.0,0.0,0.0,0.0,0.0,0.0,0.0,0.0,0.0,0.0,0.0,0.0,0.0,0.0,0.0,0.0,0.0,0.0,0.0,0.0,0.0,0.0,0.0,0.0,0.0,0.0,0.6004971207146661,0.0,0.0,0.0,0.0,0.5736551824959166,0.0,0.0,0.0,0.0,0.0,0.0,0.0,0.0,0.0,0.0,0.0,0.0
B0B298D54H,265.0,999.0,73.0,734.0,0.7347347347347347,-0.810578984989278,0.1254752851711026,0,3.7,465,6.144185634125646,22.73348684626489,0.999,0.1292775665399239,0,17,1,1,0.9411764705882352,0.9708,103,3,2,0.0,0.0,0.0,0.0,4,0.0,0.0,0.0,0.3372576307811868,0.0,0.0,0.0,0.0,0.0,0.0,0.0,0.0,0.0,0.0,0.0,0.0,0.0,0.0,0.0,0.0,0.0,0.0,0.0,0.0,0.0,0.0,0.0,0.0,0.0,0.0,0.0,0.0,0.0,0.0,0.649663634427279,0.0,0.0,0.0,0.0,0.0,0.0,0.0,0.0,0.0,0.6813181727963813,0.0,0.0,0.0,0.0,0.0
B08VB57558,37990.0,74999.0,49.0,37009.0,0.4934599127988373,26.155110793423876,0.9809885931558936,1,4.2,27790,10.232467506256102,42.97636352627563,2.1420000000000003,0.7490494296577946,1,19,1,0,0.8947368421052632,0.9998,171,4,2,1.2,0.0,0.0,0.0,0,0.0,0.0,0.0,0.0,0.0,0.0,0.0,0.0,0.0,0.0,0.0,0.0,0.0,0.0,0.0,0.0,0.0,0.0,0.0,0.0,0.0,0.0,0.0,0.0,0.0,0.0,0.0,0.0,0.0,0.0,0.0,0.0,0.5925344679582573,0.0,0.573142259044681,0.0,0.0,0.5660484565640869,0.0,0.0,0.0,0.0,0.0,0.0,0.0,0.0,0.0,0.0,0.0,0.0
B09CMP1SC8,199.0,499.0,60.0,300.0,0.6012024048096193,-0.4297994269340974,0.2139689578713969,0,4.1,602,6.401917196727186,26.24786050658146,1.64,0.1352549889135255,0,35,1,1,0.8857142857142857,0.9934,66,5,1,1.2,0.0,0.0,0.0,0,0.255850805521824,0.0,0.0,0.1384882150571578,0.0,0.0,0.0,0.1766271759330807,0.2720434257766165,0.0,0.1992684424654563,0.0,0.2297799259561252,0.2404214238404356,0.0,0.0,0.2035001887187966,0.0,0.0,0.0,0.0,0.0,0.0,0.0,0.0,0.0,0.0,0.56369165376245,0.0,0.0,0.0,0.0,0.0,0.0,0.0,0.0,0.0,0.0,0.0,0.0,0.428007123841114,0.0,0.3427779191437152,0.0,0.0,0.0,0.0,0.0,0.0,0.0
B09YLXYP7Y,179.0,399.0,55.0,220.0,0.5513784461152882,-0.4871060171919771,0.1629711751662971,0,4.0,1423,7.261225091971921,29.044900367887685,1.7999999999999998,0.2350332594235033,0,29,1,1,0.896551724137931,0.9475,126,5,1,1.2,0.0,0.0,0.0,0,0.0,0.0,0.0,0.1801283984283165,0.0,0.0,0.0,0.2297348572700658,0.0,0.0,0.5183676514827404,0.0,0.0,0.3127105509039835,0.0,0.0,0.2646879596119281,0.0,0.0,0.0,0.0,0.0,0.0,0.0,0.0,0.0,0.0,0.0,0.0,0.0,0.0,0.0,0.0,0.0,0.0,0.0,0.3599875621538476,0.0,0.3406168803393088,0.0,0.2783494527010487,0.0,0.2229216311527482,0.0,0.0,0.0,0.0,0.0,0.0,0.324714725857164
B0B9BXKBC7,1799.0,3999.0,55.0,2200.0,0.5501375343835959,0.2859185132237312,0.5855513307984791,2,4.6,245,5.5053315359323625,25.324525065288864,2.07,0.0788973384030418,0,34,1,1,0.8235294117647058,0.9943,270,5,2,1.2,0.0,0.0,0.0,0,0.0,0.0,0.0,0.0,0.0,0.5824702574251823,0.0,0.0,0.0,0.0,0.0,0.0,0.5361091561470638,0.0,0.0,0.0,0.0,0.0,0.0,0.0,0.0,0.0,0.0,0.0,0.0,0.0,0.0,0.0,0.0,0.0,0.0,0.0,0.0,0.0,0.0,0.0,0.0,0.0,0.0,0.0,0.0,0.6109953943446097,0.0,0.0,0.0,0.0,0.0,0.0,0.0,0.0
B09NY6TRXG,8499.0,11999.0,29.0,3500.0,0.291690974247854,5.0750536097212295,0.7690114068441065,1,3.9,276,5.6240175061873385,21.93366827413062,2.769,0.085551330798479,0,9,1,1,1.0,0.383,36,4,2,0.0,0.0,0.0,0.0,4,0.0,0.0,0.0,0.0,0.68533672264481,0.0,0.0,0.0,0.0,0.0,0.0,0.0,0.0,0.0,0.0,0.0,0.0,0.0,0.0,0.0,0.0,0.0,0.0,0.0,0.0,0.0,0.0,0.0,0.0,0.0,0.0,0.0,0.728226322371329,0.0,0.0,0.0,0.0,0.0,0.0,0.0,0.0,0.0,0.0,0.0,0.0,0.0,0.0,0.0,0.0,0.0
B09NVPJ3P4,1999.0,3999.0,50.0,2000.0,0.5001250312578145,0.4288777698355968,0.6254752851711026,2,4.0,30254,10.31741673905642,41.26966695622568,2.0,0.7728136882129277,1,29,1,1,0.9655172413793104,0.9397,160,3,2,1.2,0.0,1.1,0.0,0,0.0,0.0,0.0,0.0,0.3014977959536293,0.0,0.0,0.0,0.3160050103442257,0.0,0.0,0.0,0.0,0.0,0.3170730718348797,0.3041953216164274,0.2363853456761708,0.0,0.2710233374687458,0.0,0.0,0.0,0.0,0.0,0.0,0.0,0.0,0.0,0.0,0.0,0.0,0.0,0.0,0.0,0.0,0.2537516479908381,0.0,0.0,0.0,0.0,0.0,0.0,0.0,0.0,0.6499601571905114,0.0,0.0,0.0,0.0,0.0
B0B3NDPCS9,3999.0,17999.0,78.0,14000.0,0.777820990055003,1.858470335954253,0.714828897338403,3,4.3,17161,9.750452916367069,41.92694754037839,0.9459999999999998,0.6083650190114068,1,23,1,1,0.9565217391304348,0.9992,382,3,2,1.2,0.0,0.0,0.0,0,0.0,0.0,0.0,0.0,0.0,1.0,0.0,0.0,0.0,0.0,0.0,0.0,0.0,0.0,0.0,0.0,0.0,0.0,0.0,0.0,0.0,0.0,0.0,0.0,0.0,0.0,0.0,0.0,0.0,0.0,0.0,0.0,0.0,0.0,0.0,0.0,0.0,0.0,0.0,0.0,0.0,0.0,0.0,0.0,0.0,0.0,0.0,0.0,0.0,0.0
B09VGKFM7Y,219.0,499.0,56.0,280.0,0.561122244488978,-0.8434596140100071,0.0950570342205323,0,4.4,14,2.70805020110221,11.915420884849723,1.936,0.0057034220532319,0,12,1,1,1.0,0.4215,51,5,2,1.2,0.0,0.0,1.0,0,0.0,0.0,0.0,0.0,0.0,0.0,0.0,0.2978919931556882,0.0,0.4667877294528426,0.0,0.0,0.0,0.0,0.0,0.0,0.0,0.0,0.0,0.0,0.0,0.0,0.0,0.0,0.0,0.0,0.0,0.4753493605314236,0.0,0.0,0.0,0.0,0.0,0.0,0.0,0.0,0.0,0.0,0.0,0.0,0.0,0.0,0.5781148739091413,0.0,0.0,0.0,0.0,0.0,0.3649599348604931,0.0
B07QCWY5XV,599.0,1399.0,57.0,800.0,0.5718370264474625,-0.5718370264474625,0.3365019011406844,2,4.1,14560,9.586102000710904,39.3030182029147,1.763,0.5760456273764258,1,24,1,1,0.875,0.9321,225,5,2,1.2,0.0,0.0,0.0,0,0.0,0.0,0.0,0.2298224038978874,0.0,0.4142973541578186,0.0,0.0,0.0,0.0,0.0,0.0,0.0,0.0,0.0,0.0,0.0,0.0,0.0,0.0,0.0,0.0,0.0,0.4385756615636572,0.0,0.0,0.0,0.0,0.0,0.0,0.0,0.0,0.0,0.4642806151744906,0.4427097997553875,0.0,0.0,0.0,0.0,0.0,0.0,0.0,0.0,0.0,0.0,0.0,0.0,0.0,0.0,0.4142973541578186
B098QXR9X2,2499.0,2999.0,17.0,500.0,0.1667222407469156,0.7862759113652609,0.6730038022813688,3,4.1,3156,8.057377488557991,33.03524770308776,3.403,0.3193916349809886,0,29,1,1,0.9310344827586208,0.9489,202,5,2,0.0,0.0,0.0,0.0,4,0.0,0.0,0.0,0.2325383134380036,0.0,0.0,0.0,0.0,0.4567935212818059,0.0,0.3345956008835144,0.0,0.0,0.0,0.0,0.0,0.3417012100954116,0.0,0.0,0.0,0.0,0.0,0.0,0.4437584975409223,0.0,0.0,0.0,0.0,0.0,0.0,0.0,0.4272078418709754,0.0,0.0,0.0,0.0,0.0,0.0,0.0,0.0,0.3593376327234253,0.0,0.0,0.0,0.0,0.0,0.0,0.0,0.0,0.0
B07H1S7XW8,89.0,499.0,82.0,410.0,0.8216432865731463,-0.9363831308077198,0.0047528517110266,0,4.1,9340,9.14216859187285,37.48289122667868,0.7380000000000001,0.4828897338403042,0,23,1,1,0.8260869565217391,0.9418,174,5,2,1.2,0.0,0.0,0.0,0,0.0,0.0,0.0,0.0,0.0,0.0,0.0,0.0,0.0,0.0,0.3312150800130116,0.0,0.3819299012894888,0.0,0.0,0.0,0.0,0.0,0.0,0.0,0.0,0.0,0.0,0.4392750708059656,0.0,0.0,0.0,0.0,0.4650210168468496,0.4537067100135856,0.0,0.0,0.0,0.0,0.0,0.0,0.0,0.0,0.0,0.0,0.0,0.0,0.0,0.0,0.0,0.0,0.0,0.0,0.3596793135846985,0.0
B0BNXFDTZ2,2999.0,11999.0,75.0,9000.0,0.7500625052087674,1.143674052894925,0.7015209125475285,3,4.4,768,6.645090969505644,29.23840026582484,1.1,0.1711026615969581,0,25,1,1,0.96,0.9906,147,3,2,1.2,0.0,0.0,0.0,0,0.0,0.0,0.4481989367434086,0.0,0.0,0.4373374293421004,0.0,0.0,0.0,0.0,0.0,0.0,0.0,0.0,0.0,0.0,0.0,0.0,0.0,0.0,0.0,0.0,0.0,0.0,0.0,0.0,0.4703300679129266,0.0,0.0,0.0,0.0,0.0,0.0,0.0,0.0,0.3826812389875678,0.0,0.0,0.0,0.0,0.0,0.0,0.0,0.0,0.4901003800676789,0.0,0.0,0.0,0.0,0.0
B088ZFJY82,314.0,1499.0,79.0,1185.0,0.790527018012008,-0.775553967119371,0.1768060836501901,0,4.5,28978,10.274326708723065,46.23447018925378,0.9449999999999998,0.7576045627376425,1,19,0,1,0.8947368421052632,0.984,117,4,2,1.2,0.0,1.1,0.0,0,0.0,0.0,0.0,0.0,0.0,0.0,0.0,0.0,0.0,0.0,0.0,0.0,0.0,0.0,0.0,0.0,0.0,0.0,0.0,0.0,0.0,0.0,1.0,0.0,0.0,0.0,0.0,0.0,0.0,0.0,0.0,0.0,0.0,0.0,0.0,0.0,0.0,0.0,0.0,0.0,0.0,0.0,0.0,0.0,0.0,0.0,0.0,0.0,0.0,0.0
B0B4F4QZ1H,13999.0,19499.0,28.0,5500.0,0.2820657469613826,9.006433166547534,0.8498098859315589,1,4.1,18998,9.85214162518454,40.39378066325661,2.9519999999999995,0.6473384030418251,1,19,1,0,0.9473684210526316,0.9967,86,4,2,0.0,0.0,0.0,0.0,4,0.0,0.0,0.358157213039967,0.0,0.0,0.0,0.0,0.0,0.0,0.0,0.0,0.0,0.0,0.0,0.0,0.0,0.0,0.0,0.0,0.0,0.0,0.0,0.0,0.0,0.0,0.0,0.0,0.0,0.0,0.0,0.0,0.0,0.7721606871795343,0.0,0.3734448749627412,0.0,0.0,0.3688227342314131,0.0,0.0,0.0,0.0,0.0,0.0,0.0,0.0,0.0,0.0,0.0,0.0
B09BCNQ9R2,139.0,499.0,72.0,360.0,0.7214428857715431,-0.9006433166547534,0.0408745247148289,0,4.2,4971,8.511577452630602,35.748625301048534,1.1760000000000002,0.3916349809885932,0,30,1,0,0.8333333333333334,0.4916,155,5,2,1.2,0.0,0.0,0.0,0,0.3223778434556769,0.3361382908310406,0.0,0.0,0.0,0.0,0.0,0.0,0.0,0.0,0.0,0.0,0.2895279412861654,0.0,0.0,0.0,0.0,0.0,0.0,0.0,0.0,0.0,0.0,0.0,0.0,0.0,0.0,0.0,0.0,0.0,0.0,0.0,0.0,0.0,0.3361382908310406,0.0,0.0,0.0,0.0,0.0,0.539298726404813,0.3299705603449849,0.4319079868925772,0.0,0.0,0.0,0.0,0.0,0.0,0.0
B0B9BD2YL4,2599.0,6999.0,63.0,4400.0,0.6286612373196171,0.8577555396711937,0.6844106463878327,3,4.5,1526,7.331060305218632,32.98977137348385,1.665,0.2309885931558935,0,32,1,0,0.875,0.99,304,4,2,1.2,0.0,0.0,0.0,0,0.0,0.0,0.0,0.0,0.0,0.0,0.0,0.0,0.0,0.0,0.1543790563157151,0.0,0.1780171897291307,0.0,0.0,0.0,0.0,0.0,0.0,0.0,0.0,0.0,0.8669835412683589,0.0,0.0,0.0,0.0,0.0,0.0,0.0,0.0,0.3942188319545471,0.0,0.0,0.0,0.0,0.0,0.0,0.0,0.0,0.0,0.0,0.0,0.0,0.0,0.0,0.0,0.0,0.0,0.1934115788524053
B071Z8M4KX,365.0,999.0,63.0,634.0,0.6346346346346347,-0.7390993566833453,0.2186311787072243,0,4.1,363711,12.804117624656794,52.49688226109285,1.517,0.988593155893536,1,9,1,1,0.8888888888888888,0.978,200,4,2,1.2,0.0,1.1,0.0,0,0.0,0.0,0.0,0.4584226388151722,0.0,0.0,0.0,0.0,0.0,0.0,0.0,0.0,0.0,0.0,0.0,0.0,0.0,0.0,0.0,0.0,0.0,0.0,0.0,0.0,0.0,0.0,0.8887343158794613,0.0,0.0,0.0,0.0,0.0,0.0,0.0,0.0,0.0,0.0,0.0,0.0,0.0,0.0,0.0,0.0,0.0,0.0,0.0,0.0,0.0,0.0,0.0
B09N3ZNHTY,1499.0,4490.0,67.0,2991.0,0.6661469933184855,0.0714796283059328,0.5275665399239544,2,3.9,136954,11.827407683699828,46.12688996642933,1.287,0.9505703422053232,1,30,1,1,0.9,0.9993,174,4,2,1.2,0.0,0.0,0.0,0,0.0,0.0,0.0,0.231428053610167,0.0,0.4171918344879316,0.0,0.0,0.454612549515059,0.0,0.0,0.0,0.0,0.0,0.0,0.0,0.0,0.0,0.0,0.0,0.0,0.0,0.0,0.0,0.0,0.0,0.4486646938557343,0.0,0.0,0.0,0.0,0.0,0.0,0.0,0.0,0.0,0.0,0.0,0.0,0.0,0.0,0.0,0.0,0.0,0.0,0.436314593826698,0.0,0.0,0.0,0.4171918344879316
B0B3RRWSF6,1998.0,9999.0,80.0,8001.0,0.8001800180018002,0.4281629735525375,0.6093155893536122,2,4.3,27709,10.229548637857024,43.9870591427852,0.8599999999999998,0.747148288973384,1,22,1,1,0.9090909090909092,0.9996,313,3,2,1.2,0.0,0.0,0.0,0,0.0,0.0,0.0,0.0,0.0,0.5752909504930336,0.0,0.0,0.0,0.0,0.0,0.0,0.0,0.0,0.0,0.0,0.0,0.0,0.0,0.0,0.0,0.0,0.0,0.0,0.0,0.0,0.0,0.0,0.0,0.0,0.0,0.0,0.0,0.0,0.0,0.5033940361431958,0.0,0.0,0.0,0.0,0.0,0.0,0.0,0.0,0.6446974225606031,0.0,0.0,0.0,0.0,0.0
B0B5B6PQCT,1799.0,7990.0,77.0,6191.0,0.7748435544430539,0.2859185132237312,0.5855513307984791,2,3.8,17833,9.788862026694824,37.19767570144033,0.8739999999999999,0.626425855513308,1,30,1,1,0.9333333333333332,0.9989,151,3,2,1.2,0.0,0.0,0.0,0,0.0,0.0,0.0,0.1638462365870575,0.0,0.2953631201982126,0.0,0.0,0.0,0.0,0.0,0.0,0.0,0.0,0.3229440440766629,0.0,0.0,0.0,0.2760416459676241,0.0,0.0,0.0,0.0,0.0,0.0,0.0,0.0,0.0,0.0,0.0,0.0,0.0,0.0,0.0,0.0,0.5169003026277452,0.0,0.0,0.0,0.0,0.0,0.0,0.0,0.0,0.6619949163047061,0.0,0.0,0.0,0.0,0.0
B005FYNT3G,289.0,650.0,56.0,361.0,0.5553846153846154,-0.1719197707736389,0.3458980044345898,0,4.3,253105,12.441563652297273,53.49872370487827,1.892,1.0,1,7,1,0,1.0,0.8008,67,3,1,1.2,0.0,1.1,0.0,0,0.0,0.0,0.0,0.0,0.0,0.0,0.0,0.0,0.0,0.0,0.0,0.0,0.0,0.0,0.0,0.0,0.0,0.0,0.0,0.0,0.0,0.0,0.0,0.0,0.0,0.0,0.0,0.0,0.0,0.0,0.0,0.0,0.0,0.0,0.0,0.0,0.0,0.0,0.0,0.0,0.0,0.0,1.0,0.0,0.0,0.0,0.0,0.0,0.0,0.0
B01J0XWYKQ,599.0,895.0,33.0,296.0,0.3307262569832402,0.7163323782234957,0.6873614190687362,2,4.4,61314,11.023779790196128,48.50463107686296,2.948,0.9356984478935698,1,19,1,1,0.9473684210526316,0.9989,159,4,1,0.0,1.4,1.1,0.0,2,0.0,0.0,0.519908895051693,0.2814189102168235,0.0,0.0,0.0,0.0,0.0,0.0,0.0,0.0,0.0,0.0,0.0,0.0,0.0,0.0,0.0,0.0,0.0,0.0,0.0,0.0,0.5213818958379349,0.0,0.0,0.0,0.0,0.0,0.0,0.0,0.0,0.0,0.0,0.0,0.0,0.0,0.0,0.0,0.0,0.0,0.3482758024283922,0.0,0.0,0.0,0.0,0.0,0.0,0.5073095918212107
B09CTRPSJR,217.0,237.0,8.0,20.0,0.0843881856540084,-0.3782234957020057,0.2638580931263858,0,3.8,7354,8.903135633035538,33.83191540553504,3.496,0.4922394678492239,0,17,1,0,0.9411764705882352,0.9887,81,4,1,0.0,0.0,0.0,0.0,4,0.0,0.0,0.0,0.0,0.0,0.0,0.0,0.0,0.0,0.0,0.0,0.0,0.0,0.0,0.0,0.0,0.0,0.0,0.0,0.0,0.0,0.0,0.0,0.0,0.0,0.0,0.0,0.0,0.0,0.0,0.0,0.0,0.0,0.0,0.0,0.0,0.0,0.0,0.0,0.0,0.0,0.0,0.0,0.0,0.0,0.0,0.0,0.0,0.0,0.0
B08JQN8DGZ,1299.0,2990.0,57.0,1691.0,0.565551839464883,-0.0714796283059328,0.4771863117870722,2,3.8,180998,12.106246785370825,46.003737784409125,1.634,0.9695817490494296,1,25,1,1,0.92,0.9886,146,4,2,1.2,0.0,0.0,0.0,0,0.0,0.0,0.5466600541281575,0.2958989125902914,0.0,0.0,0.0,0.0,0.0,0.0,0.0,0.0,0.0,0.0,0.0,0.0,0.0,0.0,0.0,0.0,0.0,0.0,0.0,0.0,0.0,0.0,0.5736529904589553,0.0,0.0,0.0,0.0,0.0,0.0,0.0,0.0,0.0,0.0,0.0,0.0,0.0,0.0,0.0,0.0,0.0,0.0,0.0,0.0,0.0,0.0,0.5334124720007779
B0B72BSW7K,263.0,699.0,62.0,436.0,0.6237482117310443,-0.2464183381088825,0.3215077605321508,0,3.5,690,6.53813982376767,22.883489383186845,1.33,0.1485587583148558,0,23,0,1,0.9130434782608696,0.9871,234,4,1,0.0,0.0,0.0,0.0,4,0.0,0.0,0.0,0.3504322526033393,0.0,0.0,0.0,0.0,0.0,0.0,0.0,0.0,0.0,0.0,0.0,0.0,0.0,0.0,0.0,0.0,0.0,0.0,0.0,0.0,0.6492421994112484,0.0,0.0,0.0,0.0,0.0,0.6750420748657037,0.0,0.0,0.0,0.0,0.0,0.0,0.0,0.0,0.0,0.0,0.0,0.0,0.0,0.0,0.0,0.0,0.0,0.0,0.0
B0BDRVFDKP,569.0,1000.0,43.0,431.0,0.431,-0.5932809149392423,0.3203422053231939,2,4.4,67262,11.11636558733258,48.91200858426336,2.5080000000000005,0.8954372623574145,1,13,1,0,0.8461538461538461,0.7543,40,4,2,0.0,0.0,1.1,0.0,3,0.5654132184480689,0.0,0.0,0.0,0.0,0.0,0.0,0.0,0.0,0.0,0.0,0.0,0.0,0.0,0.0,0.0,0.0,0.0,0.0,0.0,0.0,0.0,0.0,0.0,0.0,0.0,0.0,0.0,0.0,0.0,0.0,0.0,0.0,0.0,0.0,0.0,0.0,0.0,0.0,0.0,0.0,0.5787299602164557,0.0,0.5876899910259286,0.0,0.0,0.0,0.0,0.0,0.0
B0B5LVS732,1999.0,4999.0,60.0,3000.0,0.6001200240048009,0.4288777698355968,0.6254752851711026,2,4.1,10689,9.27706400401909,38.03596241647826,1.64,0.5009505703422054,1,31,1,1,0.935483870967742,0.9968,134,3,2,1.2,0.0,0.0,0.0,0,0.0,0.0,0.3352906992932493,0.1814878416180228,0.0,0.3271653734314248,0.0,0.0,0.0,0.0,0.0,0.0,0.0,0.0,0.3577159826416111,0.0,0.0,0.0,0.0,0.0,0.0,0.0,0.0,0.0,0.0,0.0,0.0,0.0,0.0,0.0,0.0,0.0,0.0,0.0,0.0,0.2862779219398396,0.0,0.0,0.0,0.0,0.0,0.0,0.0,0.0,0.7332730432194446,0.0,0.0,0.0,0.0,0.0
B08TV2P1N8,1399.0,3990.0,65.0,2591.0,0.6493734335839599,0.0,0.5,2,4.1,141841,11.862469041043491,48.63612306827831,1.4349999999999998,0.9581749049429658,1,23,1,1,0.9130434782608696,0.9988,146,4,2,1.2,0.0,1.1,0.0,0,0.0,0.0,0.0,0.2561404730054786,0.0,0.4617405372978844,0.0,0.0,0.5031571222698913,0.0,0.0,0.0,0.0,0.0,0.0,0.0,0.0,0.0,0.0,0.0,0.0,0.0,0.0,0.0,0.0,0.0,0.4965741409148564,0.0,0.0,0.0,0.0,0.4705685573730407,0.0,0.0,0.0,0.0,0.0,0.0,0.0,0.0,0.0,0.0,0.0,0.0,0.0,0.0,0.0,0.0,0.0,0.0
B07XCM6T4N,349.0,1499.0,77.0,1150.0,0.7671781187458305,0.0,0.4866962305986696,0,4.3,24791,10.118276299467585,43.50858808771061,0.989,0.8181818181818182,1,24,0,1,0.9166666666666666,0.8817,129,4,1,1.2,0.0,1.1,0.0,0,0.0,0.0,0.0,0.3029455993073072,0.0,0.0,0.0,0.0,0.0,0.0,0.0,0.0,0.5026479498550601,0.0,0.0,0.0,0.0,0.0,0.0,0.0,0.0,0.0,0.0,0.0,0.5612641694224029,0.0,0.0,0.0,0.0,0.0,0.5835679347680283,0.0,0.0,0.0,0.0,0.0,0.0,0.0,0.0,0.0,0.0,0.0,0.0,0.0,0.0,0.0,0.0,0.0,0.0,0.0
B07T5DKR5D,149.0,399.0,63.0,250.0,0.6265664160401002,-0.8934953538241601,0.0446768060836501,0,3.5,21764,9.988058453986396,34.95820458895239,1.295,0.688212927756654,1,15,1,1,0.8666666666666667,0.9745,66,4,2,0.0,0.0,0.0,0.0,4,0.0,0.0,0.0,0.3648705100245921,0.0,0.0,0.0,0.0,0.0,0.0,0.0,0.0,0.6053938867102984,0.0,0.0,0.0,0.0,0.0,0.0,0.0,0.0,0.0,0.0,0.0,0.0,0.0,0.707366773921558,0.0,0.0,0.0,0.0,0.0,0.0,0.0,0.0,0.0,0.0,0.0,0.0,0.0,0.0,0.0,0.0,0.0,0.0,0.0,0.0,0.0,0.0,0.0
B01DEWVZ2C,599.0,999.0,40.0,400.0,0.4004004004004004,-0.5718370264474625,0.3365019011406844,2,4.1,192587,12.168308471109157,49.89006473154754,2.4599999999999995,0.9714828897338404,1,22,1,1,0.8636363636363636,0.9431,86,4,2,0.0,0.0,1.1,0.0,3,0.0,0.0,0.0,0.3363446163500196,0.0,0.0,0.0,0.0,0.0,0.0,0.0,0.0,0.0,0.0,0.0,0.0,0.0,0.0,0.0,0.0,0.0,0.0,0.0,0.0,0.0,0.0,0.6520642245857631,0.0,0.0,0.0,0.0,0.0,0.0,0.6794737272829064,0.0,0.0,0.0,0.0,0.0,0.0,0.0,0.0,0.0,0.0,0.0,0.0,0.0,0.0,0.0,0.0
B07PR1CL3S,1220.0,3990.0,69.0,2770.0,0.6942355889724311,-0.1279485346676197,0.4619771863117871,2,4.1,107151,11.58200366614983,47.4862150312143,1.271,0.9372623574144486,1,24,1,1,0.875,0.9814,112,4,2,1.2,0.0,1.1,0.0,0,0.0,0.0,0.0,0.3533734694049368,0.0,0.6370209819451808,0.0,0.0,0.0,0.0,0.0,0.0,0.0,0.0,0.0,0.0,0.0,0.0,0.0,0.0,0.0,0.0,0.0,0.0,0.0,0.0,0.6850777033901453,0.0,0.0,0.0,0.0,0.0,0.0,0.0,0.0,0.0,0.0,0.0,0.0,0.0,0.0,0.0,0.0,0.0,0.0,0.0,0.0,0.0,0.0,0.0
B09V12K8NT,1499.0,6990.0,79.0,5491.0,0.7855507868383405,0.0714796283059328,0.5275665399239544,2,3.9,21797,9.989573501449255,38.9593366556521,0.8189999999999998,0.6958174904942965,1,31,1,1,0.967741935483871,0.9843,116,3,2,1.2,0.0,0.0,0.0,0,0.0,0.0,0.4735895108231194,0.2563469201901411,0.0,0.0,0.0,0.0,0.0,0.0,0.0,0.0,0.0,0.0,0.5052646482289793,0.0,0.0,0.0,0.43188313178264,0.0,0.0,0.0,0.0,0.0,0.0,0.0,0.0,0.0,0.0,0.0,0.0,0.0,0.0,0.0,0.0,0.0,0.0,0.0,0.0,0.0,0.0,0.0,0.0,0.0,0.5178646806637932,0.0,0.0,0.0,0.0,0.0
B07JQKQ91F,499.0,999.0,50.0,500.0,0.5005005005005005,-0.6433166547533953,0.2984790874524715,0,3.9,92995,11.440311760457716,44.61721586578509,1.95,0.9258555133079848,1,17,1,1,0.8823529411764706,0.9989,123,4,2,1.2,0.0,0.0,0.0,0,0.0,0.0,0.0,0.3363446163500196,0.0,0.0,0.0,0.0,0.0,0.0,0.0,0.0,0.0,0.0,0.0,0.0,0.0,0.0,0.0,0.0,0.0,0.0,0.0,0.0,0.0,0.0,0.6520642245857631,0.0,0.0,0.0,0.0,0.0,0.0,0.6794737272829064,0.0,0.0,0.0,0.0,0.0,0.0,0.0,0.0,0.0,0.0,0.0,0.0,0.0,0.0,0.0,0.0
B08W56G1K9,99.0,999.0,90.0,900.0,0.9009009009009008,-0.7163323782234957,0.0376940133037694,0,4.1,8751,9.077037524661762,37.21585385111322,0.4099999999999998,0.549889135254989,0,22,1,0,0.9090909090909092,0.9764,227,4,1,1.2,0.0,0.0,0.0,0,0.0,0.0,0.0,0.0,0.0,0.0,0.0,0.6403711534384839,0.0,0.6689614660984944,0.2408194202871719,0.0,0.0,0.2905535226628117,0.0,0.0,0.0,0.0,0.0,0.0,0.0,0.0,0.0,0.0,0.0,0.0,0.0,0.0,0.0,0.0,0.0,0.0,0.0,0.0,0.0,0.0,0.0,0.0,0.0,0.0,0.0,0.0,0.0,0.0,0.0,0.0,0.0,0.0,0.0,0.0
B07WG8PDCW,349.0,1299.0,73.0,950.0,0.7313317936874519,-0.7505360972122945,0.2024714828897338,0,4.0,14283,9.566895308714338,38.26758123485735,1.08,0.5665399239543726,1,21,1,1,0.9047619047619048,0.9481,167,5,2,1.2,0.0,0.0,0.0,0,0.0,0.3578671026572553,0.0,0.1857783086213727,0.0,0.0,0.0,0.0,0.0,0.742557875440031,0.0,0.0,0.308243744651158,0.0,0.0,0.0,0.2729901663380141,0.0,0.0,0.0,0.0,0.0,0.0,0.0,0.0,0.0,0.0,0.0,0.0,0.0,0.0,0.3413026830683373,0.0,0.0,0.0,0.0,0.0,0.0,0.0,0.0,0.0,0.0,0.0,0.0,0.0,0.0,0.0,0.0,0.0,0.0
B01L8ZNWN2,475.0,1500.0,68.0,1025.0,0.6833333333333333,0.3610315186246418,0.6075388026607539,0,4.2,64273,11.07091047386448,46.49782399023083,1.344,0.9379157427937916,1,8,1,0,1.0,0.9958,145,3,1,1.2,0.0,1.1,0.0,0,0.0,0.0,0.0,0.0,0.0,0.0,0.0,0.0,0.0,0.0,0.0,0.0,0.0,0.0,0.0,0.0,0.0,0.0,0.0,0.0,0.0,0.0,0.0,0.0,0.0,0.0,0.0,0.0,0.0,0.0,0.0,0.0,0.0,0.0,0.0,0.0,0.0,0.0,0.0,0.0,0.0,0.0,1.0,0.0,0.0,0.0,0.0,0.0,0.0,0.0
B009VCGPSY,269.0,649.0,59.0,380.0,0.5855161787365177,-0.2292263610315186,0.3303769401330377,0,4.3,54315,10.902574121818684,46.88106872382034,1.763,0.9290465631929048,1,21,1,1,0.8095238095238095,0.9627,51,4,1,1.2,0.0,1.1,0.0,0,0.0,0.0,0.0,0.3560095798702942,0.0,0.0,0.0,0.0,0.0,0.0,0.0,0.0,0.0,0.0,0.0,0.0,0.5231348866717873,0.6367653708855043,0.0,0.0,0.0,0.0,0.0,0.0,0.0,0.0,0.0,0.0,0.0,0.0,0.0,0.0,0.0,0.0,0.0,0.0,0.0,0.0,0.0,0.0,0.0,0.0,0.4405870309354544,0.0,0.0,0.0,0.0,0.0,0.0,0.0
B0B296NTFV,299.0,599.0,50.0,300.0,0.5008347245409015,-0.1432664756446991,0.3880266075388026,0,4.1,1597,7.37650812632622,30.2436833179375,2.05,0.2549889135254989,0,17,1,1,0.9411764705882352,0.9949,184,4,1,1.2,0.0,0.0,0.0,0,0.0,0.0,0.0,0.4159000604520828,0.0,0.0,0.0,0.0,0.0,0.0,0.0,0.0,0.0,0.0,0.0,0.0,0.0,0.0,0.0,0.0,0.0,0.0,0.0,0.0,0.0,0.0,0.0,0.0,0.0,0.0,0.0,0.0,0.0,0.0,0.0,0.0,0.0,0.0,0.0,0.0,0.0,0.0,0.514705735916487,0.0,0.0,0.0,0.0,0.0,0.0,0.7497367172085287
B09NVPSCQT,1599.0,3999.0,60.0,2400.0,0.6001500375093773,0.1429592566118656,0.55893536121673,2,4.0,30254,10.31741673905642,41.26966695622568,1.6,0.7728136882129277,1,29,1,1,0.9655172413793104,0.9397,161,3,2,1.2,0.0,1.1,0.0,0,0.0,0.0,0.0,0.1752662821027841,0.0,0.0,0.0,0.0,0.3442895107478527,0.0,0.0,0.0,0.0,0.0,0.3454531706773751,0.0,0.2575433690818948,0.0,0.2952816860616264,0.0,0.0,0.0,0.0,0.0,0.0,0.0,0.0,0.0,0.0,0.0,0.0,0.0,0.0,0.0,0.0,0.2764640682217694,0.0,0.0,0.0,0.0,0.0,0.0,0.0,0.0,0.7081358117738704,0.0,0.0,0.0,0.0,0.0
B09YV4RG4D,1499.0,7999.0,81.0,6500.0,0.8126015751968996,0.0714796283059328,0.5275665399239544,2,4.2,22638,10.027429361730306,42.11520331926729,0.7979999999999998,0.7091254752851711,1,23,1,1,0.9130434782608696,0.9887,258,3,2,1.2,0.0,0.0,0.0,0,0.0,0.0,0.0,0.4436305792849523,0.0,0.0,0.0,0.0,0.0,0.0,0.0,0.0,0.0,0.0,0.0,0.0,0.0,0.0,0.0,0.0,0.0,0.0,0.0,0.0,0.0,0.0,0.0,0.0,0.0,0.0,0.0,0.0,0.0,0.0,0.0,0.0,0.0,0.0,0.0,0.0,0.0,0.0,0.0,0.0,0.8962097461662072,0.0,0.0,0.0,0.0,0.0
B07TCN5VR9,329.0,999.0,67.0,670.0,0.6706706706706707,-0.7648320228734811,0.1815589353612167,0,3.9,77027,11.251924271099778,43.88250465728913,1.287,0.9125475285171104,1,17,1,1,0.8235294117647058,0.9954,97,4,2,1.2,0.0,0.0,0.0,0,0.0,0.0,0.0,0.3628122815405349,0.0,0.0,0.0,0.0,0.0,0.0,0.0,0.0,0.0,0.0,0.0,0.0,0.0,0.0,0.6112517532284257,0.0,0.0,0.0,0.0,0.0,0.0,0.0,0.7033765297040605,0.0,0.0,0.0,0.0,0.0,0.0,0.0,0.0,0.0,0.0,0.0,0.0,0.0,0.0,0.0,0.0,0.0,0.0,0.0,0.0,0.0,0.0,0.0
B00ZYLMQH0,549.0,1799.0,69.0,1250.0,0.6948304613674263,0.5730659025787965,0.6496674057649667,2,4.3,28829,10.269171790632448,44.15743869971953,1.3330000000000002,0.8625277161862528,1,15,1,1,0.8666666666666667,0.9316,15,4,1,1.2,0.0,1.1,0.0,0,0.0,0.0,0.0,0.6284982348419783,0.0,0.0,0.0,0.0,0.0,0.0,0.0,0.0,0.0,0.0,0.0,0.0,0.0,0.0,0.0,0.0,0.0,0.0,0.0,0.0,0.0,0.0,0.0,0.0,0.0,0.0,0.0,0.0,0.0,0.0,0.0,0.0,0.0,0.0,0.0,0.0,0.0,0.0,0.7778110109792207,0.0,0.0,0.0,0.0,0.0,0.0,0.0
B09YV4MW2T,2199.0,9999.0,78.0,7800.0,0.7800780078007801,0.5718370264474625,0.6520912547528517,3,4.2,29478,10.291433424425357,43.224020382586495,0.924,0.7642585551330798,1,29,1,1,0.8275862068965517,0.9968,362,3,2,1.2,0.0,1.1,0.0,0,0.0,0.0,0.0,0.0,0.0,0.6809545846188961,0.0,0.0,0.0,0.0,0.0,0.0,0.0,0.0,0.0,0.0,0.0,0.0,0.0,0.0,0.0,0.0,0.0,0.0,0.0,0.0,0.7323256472953182,0.0,0.0,0.0,0.0,0.0,0.0,0.0,0.0,0.0,0.0,0.0,0.0,0.0,0.0,0.0,0.0,0.0,0.0,0.0,0.0,0.0,0.0,0.0
B01HJI0FS2,299.0,650.0,54.0,351.0,0.54,-0.1432664756446991,0.3880266075388026,0,4.5,33176,10.40961214374347,46.843254646845615,2.07,0.88470066518847,1,14,1,1,0.9285714285714286,0.7158,44,4,1,1.2,0.0,1.1,0.0,0,0.0,0.0,0.0,0.0,0.0,0.0,0.0,0.0,0.0,0.0,0.0,0.0,0.0,0.0,0.0,0.0,0.0,0.0,0.0,0.0,0.0,0.0,0.0,0.0,0.0,0.8142787671356104,0.0,0.0,0.0,0.0,0.0,0.0,0.0,0.0,0.0,0.0,0.0,0.0,0.0,0.0,0.0,0.0,0.5804740212895925,0.0,0.0,0.0,0.0,0.0,0.0,0.0
B076B8G5D8,798.0,1995.0,60.0,1197.0,0.6,0.2507836990595611,1.0,2,4.0,68664,11.136994886964382,44.54797954785753,1.6,1.0,1,12,1,1,0.9166666666666666,0.9979,87,3,6,1.2,0.0,1.1,0.0,0,0.0,0.0,0.0,0.6170215787832054,0.0,0.0,0.0,0.7869462315278474,0.0,0.0,0.0,0.0,0.0,0.0,0.0,0.0,0.0,0.0,0.0,0.0,0.0,0.0,0.0,0.0,0.0,0.0,0.0,0.0,0.0,0.0,0.0,0.0,0.0,0.0,0.0,0.0,0.0,0.0,0.0,0.0,0.0,0.0,0.0,0.0,0.0,0.0,0.0,0.0,0.0,0.0
B07JW9H4J1,399.0,1099.0,64.0,700.0,0.6369426751592356,0.1432664756446991,0.5598669623059866,0,4.2,24269,10.096996298720647,42.40738445462672,1.512,0.8004434589800443,1,32,1,0,0.875,0.8974,132,5,1,1.2,0.0,1.1,0.0,0,0.0,0.0,0.0,0.0,0.0,0.0,0.2859375076874588,0.1957161745830058,0.0,0.0,0.2208043981251729,0.0,0.2546134130635578,0.2664049918324979,0.0,0.0,0.2254934907528188,0.274473085106196,0.0,0.0,0.0,0.0,0.3100060713914077,0.2928425469543644,0.0,0.0,0.0,0.0,0.3100060713914077,0.3024633933514337,0.0,0.2819205337714958,0.0,0.0,0.0,0.0,0.0,0.0,0.2901790072720203,0.0,0.0,0.0,0.1899118374959138,0.0,0.0,0.0,0.0,0.0,0.0,0.0
B014SZO90Y,266.0,315.0,16.0,49.0,0.1555555555555555,-0.8098641887062187,0.1273764258555133,0,4.5,28030,10.24106631958382,46.0847984381272,3.78,0.7509505703422054,1,7,1,0,1.0,0.9477,75,3,2,0.0,1.4,1.1,0.0,2,0.0,0.0,0.6988293959618654,0.0,0.0,0.0,0.0,0.0,0.0,0.0,0.0,0.0,0.0,0.0,0.0,0.0,0.0,0.0,0.0,0.0,0.0,0.0,0.0,0.0,0.0,0.0,0.0,0.0,0.0,0.0,0.0,0.0,0.0,0.0,0.0,0.0,0.0,0.0,0.0,0.0,0.0,0.7152883861349729,0.0,0.0,0.0,0.0,0.0,0.0,0.0,0.0
B07KCMR8D6,50.0,50.0,0.0,0.0,0.0,-0.7191011235955056,0.032258064516129,0,4.3,5792,8.664405571096625,37.256943955715485,4.3,0.7096774193548387,0,28,1,1,0.7857142857142857,0.9735,13,7,7,0.0,1.4,0.0,0.0,2,0.0,0.0,0.0,0.0,0.5566529838912588,0.0,0.0,0.0,0.0,0.0,0.0,0.0,0.0,0.0,0.0,0.0,0.0,0.0,0.0,0.0,0.5894346293512648,0.0,0.0,0.0,0.0,0.0,0.0,0.0,0.0,0.5854094919340607,0.0,0.0,0.0,0.0,0.0,0.0,0.0,0.0,0.0,0.0,0.0,0.0,0.0,0.0,0.0,0.0,0.0,0.0,0.0,0.0
B00N1U9AJS,130.0,165.0,21.0,35.0,0.2121212121212121,-0.8915763135946623,0.0133928571428571,0,3.9,14778,9.600962533214572,37.44375387953683,3.081,0.8950892857142857,1,28,1,0,0.9642857142857144,0.9071,26,4,4,0.0,0.0,0.0,0.0,4,0.0,0.0,0.0,0.0,0.0,0.0,0.0,0.0,0.0,0.0,0.0,0.0,0.0,0.0,0.0,0.0,0.0,0.0,0.0,0.0,0.0,0.0,0.0,0.0,0.0,0.0,0.0,0.0,0.0,0.0,0.0,0.0,0.0,0.0,0.0,0.0,0.0,0.0,0.0,0.0,0.0,0.0,0.0,0.0,0.0,0.0,0.0,0.0,0.0,0.0
B07KY3FNQP,449.0,1290.0,65.0,841.0,0.6519379844961241,-0.6790564689063617,0.2728136882129277,0,4.1,91770,11.427051622560924,46.85091165249978,1.4349999999999998,0.9201520912547528,1,10,1,1,0.8,0.9982,135,4,2,1.2,0.0,1.1,0.0,0,0.0,0.0,0.0,0.4584226388151722,0.0,0.0,0.0,0.0,0.0,0.0,0.0,0.0,0.0,0.0,0.0,0.0,0.0,0.0,0.0,0.0,0.0,0.0,0.0,0.0,0.0,0.0,0.8887343158794613,0.0,0.0,0.0,0.0,0.0,0.0,0.0,0.0,0.0,0.0,0.0,0.0,0.0,0.0,0.0,0.0,0.0,0.0,0.0,0.0,0.0,0.0,0.0
B0B3N7LR6K,3999.0,16999.0,76.0,13000.0,0.7647508676980999,1.858470335954253,0.714828897338403,3,4.3,17162,9.750511182936638,41.92719808662754,1.032,0.6102661596958175,1,23,1,1,0.9565217391304348,0.9992,381,3,2,1.2,0.0,0.0,0.0,0,0.0,0.0,0.0,0.0,0.0,1.0,0.0,0.0,0.0,0.0,0.0,0.0,0.0,0.0,0.0,0.0,0.0,0.0,0.0,0.0,0.0,0.0,0.0,0.0,0.0,0.0,0.0,0.0,0.0,0.0,0.0,0.0,0.0,0.0,0.0,0.0,0.0,0.0,0.0,0.0,0.0,0.0,0.0,0.0,0.0,0.0,0.0,0.0,0.0,0.0
B07QZ3CZ48,399.0,1290.0,69.0,891.0,0.6906976744186046,-0.7147962830593281,0.2480988593155893,0,4.2,206,5.332718793265369,22.39741893171455,1.3020000000000005,0.0665399239543726,0,14,1,1,0.8571428571428571,0.9783,69,4,2,1.2,0.0,0.0,0.0,0,0.0,0.0,0.0,0.0,0.0,0.0,0.0,0.0,0.0,0.0,0.0,0.0,0.0,0.0,0.0,0.0,0.0,0.0,0.0,0.0,0.0,0.0,0.0,0.0,0.0,0.0,1.0,0.0,0.0,0.0,0.0,0.0,0.0,0.0,0.0,0.0,0.0,0.0,0.0,0.0,0.0,0.0,0.0,0.0,0.0,0.0,0.0,0.0,0.0,0.0
B09T3H12GV,1399.0,2498.0,44.0,1099.0,0.4399519615692554,3.008595988538682,0.8869179600886918,2,4.2,33717,10.425787098375746,43.78830581317813,2.3520000000000003,0.8891352549889135,1,23,1,1,0.8695652173913043,0.9735,37,4,1,0.0,0.0,1.1,0.0,3,0.0,0.0,0.5147397519501145,0.2786209303548779,0.0,0.0,0.0,0.0,0.0,0.0,0.0,0.0,0.0,0.0,0.0,0.0,0.0,0.0,0.0,0.0,0.0,0.0,0.0,0.0,0.0,0.0,0.0,0.0,0.0,0.0,0.0,0.0,0.0,0.0,0.0,0.0,0.0,0.0,0.0,0.0,0.0,0.0,0.3448131044851488,0.5350200354964564,0.0,0.0,0.0,0.0,0.0,0.5022657160539641
B098NS6PVG,199.0,349.0,43.0,150.0,0.4297994269340974,-0.4297994269340974,0.2139689578713969,0,4.0,43994,10.69183127007966,42.76732508031864,2.28,0.9124168514412416,1,31,1,1,0.935483870967742,0.9853,93,5,1,0.0,0.0,1.1,0.0,3,0.0,0.0,0.0,0.181583461124731,0.0,0.0,0.3383493963807975,0.2315906369460994,0.3566988484064059,0.0,0.2612774918131325,0.0,0.0,0.3152366015509982,0.0,0.0,0.2668260876338382,0.0,0.0,0.0,0.0,0.0,0.0,0.0,0.0,0.0,0.0,0.0,0.0,0.0,0.0,0.0,0.0,0.0,0.0,0.0,0.0,0.0,0.3433683560681513,0.0,0.5611958743278922,0.0,0.0,0.0,0.0,0.0,0.0,0.0,0.0,0.0
B096MSW6CT,199.0,999.0,80.0,800.0,0.8008008008008008,-0.4297994269340974,0.2139689578713969,0,3.9,7928,8.978282203272398,35.01530059276235,0.7799999999999998,0.5121951219512195,0,27,1,0,0.9629629629629628,0.7089,168,5,1,1.2,0.0,0.0,0.0,0,0.0,0.0,0.0,0.0,0.0,0.0,0.0,0.4205463595352753,0.0,0.0,0.2372274187321613,0.0,0.2735510853430202,0.2862196998175691,0.0,0.0,0.2422652773513625,0.0,0.0,0.0,0.0,0.0,0.3330637466097537,0.3146236311359762,0.0,0.0,0.0,0.0,0.3330637466097537,0.0,0.0,0.3028892589190707,0.0,0.0,0.0,0.0,0.0,0.0,0.3117619823241849,0.0,0.0,0.0,0.2040371268795896,0.0,0.0,0.0,0.0,0.0,0.0,0.0
B09ZQK9X8G,2998.0,5999.0,50.0,3001.0,0.5002500416736123,1.1429592566118656,0.6929657794676806,3,4.1,5179,8.55256033525353,35.06549737453947,2.05,0.3963878326996197,0,26,1,1,0.9615384615384616,0.7236,143,3,2,1.2,0.0,0.0,0.0,0,0.0,0.0,0.0,0.235186883623323,0.0,0.4239678202176407,0.0,0.0,0.0,0.0,0.0,0.0,0.0,0.0,0.4635578142849026,0.0,0.0,0.0,0.0,0.0,0.0,0.0,0.0,0.0,0.0,0.0,0.0,0.0,0.0,0.0,0.0,0.4320736634905846,0.0,0.0,0.0,0.3709824950858068,0.0,0.0,0.0,0.0,0.0,0.0,0.0,0.0,0.4751177829387044,0.0,0.0,0.0,0.0,0.0
B08ZJDWTJ1,4098.0,4999.0,18.0,901.0,0.1802360472094419,10.742120343839542,0.975609756097561,3,4.5,50810,10.835868145559232,48.76140665501654,3.69,0.9246119733924612,1,22,1,0,0.8636363636363636,0.6757,73,3,1,0.0,1.4,1.1,0.0,2,0.0,0.0,0.0,0.0,0.0,0.0,0.0,0.0,0.0,0.0,0.0,0.0,0.0,0.6041888971264437,0.0,0.0,0.0,0.0,0.0,0.0,0.0,0.0,0.0,0.0,0.0,0.0,0.0,0.0,0.0,0.0,0.6704079654724806,0.0,0.0,0.0,0.0,0.0,0.0,0.0,0.0,0.0,0.0,0.0,0.4307074835897105,0.0,0.0,0.0,0.0,0.0,0.0,0.0
B08FTFXNNB,499.0,1999.0,75.0,1500.0,0.7503751875937968,-0.6433166547533953,0.2984790874524715,0,3.7,3369,8.122668023346407,30.053871686381704,0.925,0.3288973384030418,0,28,1,1,0.7857142857142857,0.8664,180,3,2,0.0,0.0,0.0,0.0,4,0.0,0.0,0.0,0.4584226388151722,0.0,0.0,0.0,0.0,0.0,0.0,0.0,0.0,0.0,0.0,0.0,0.0,0.0,0.0,0.0,0.0,0.0,0.0,0.0,0.0,0.0,0.0,0.8887343158794613,0.0,0.0,0.0,0.0,0.0,0.0,0.0,0.0,0.0,0.0,0.0,0.0,0.0,0.0,0.0,0.0,0.0,0.0,0.0,0.0,0.0,0.0,0.0
B08YDFX7Y1,299.0,449.0,33.0,150.0,0.3340757238307349,-0.1432664756446991,0.3880266075388026,0,3.5,11827,9.378224880972368,32.82378708340329,2.345,0.6385809312638581,1,25,1,0,0.84,0.9668,30,4,1,0.0,0.0,0.0,0.0,4,0.0,0.0,0.0,0.0,0.0,0.0,0.0,0.0,0.0,0.0,0.0,0.0,0.0,0.0,0.0,0.0,0.0,0.0,0.0,0.0,0.0,0.0,0.0,0.0,0.0,0.0,0.0,0.0,0.0,0.0,0.0,0.0,0.0,0.0,0.0,0.0,0.0,0.0,0.0,0.0,0.0,0.0,0.5659774489157035,0.0,0.0,0.0,0.0,0.0,0.0,0.8244207222764797
B08HDJ86NZ,329.0,699.0,53.0,370.0,0.5293276108726752,-0.0573065902578796,0.442350332594235,0,4.2,94364,11.45492552067224,48.110687186823405,1.974,0.9733924611973392,1,32,1,1,0.90625,0.8316,109,5,1,1.2,0.0,1.1,0.0,0,0.0,0.0,0.0,0.0,0.0,0.0,0.0,0.2748911592369248,0.0,0.0,0.3101285680376804,0.0,0.0,0.3741764173930348,0.0,0.0,0.3167145853197432,0.0,0.0,0.0,0.0,0.0,0.0,0.0,0.0,0.0,0.0,0.4386466899455127,0.0,0.0,0.0,0.0,0.0,0.0,0.0,0.0,0.0,0.0,0.0,0.0,0.3330613587994023,0.0,0.5334774734208325,0.0,0.0,0.0,0.0,0.0,0.0,0.0
B087FXHB6J,699.0,999.0,30.0,300.0,0.3003003003003003,1.002865329512894,0.729490022172949,2,3.5,15295,9.635346635291183,33.72371322351914,2.45,0.7073170731707317,1,13,1,1,0.8461538461538461,0.8997,105,4,1,0.0,0.0,0.0,0.0,4,0.0,0.0,0.0,0.4159000604520828,0.0,0.0,0.0,0.0,0.0,0.0,0.0,0.0,0.0,0.0,0.0,0.0,0.0,0.0,0.0,0.0,0.0,0.0,0.0,0.0,0.0,0.0,0.0,0.0,0.0,0.0,0.0,0.0,0.0,0.0,0.0,0.0,0.0,0.0,0.0,0.0,0.0,0.0,0.514705735916487,0.0,0.0,0.0,0.0,0.0,0.0,0.7497367172085287
B07N42JB4S,799.0,3990.0,80.0,3191.0,0.799749373433584,-0.4288777698355968,0.3802281368821292,2,4.3,27139,10.20876393338886,43.8976849135721,0.8599999999999998,0.7338403041825095,1,25,1,0,0.88,0.9946,259,5,2,1.2,0.0,0.0,0.0,0,0.0,0.0,0.0,0.0,0.0,0.0,0.0,0.0,0.0,0.0,0.0,0.0,0.0,0.0,0.0,0.0,0.0,0.0,0.0,0.0,0.0,0.0,0.0,0.0,0.0,0.0,0.0,0.0,0.0,0.0,0.0,0.0,0.0,0.0,0.0,1.0,0.0,0.0,0.0,0.0,0.0,0.0,0.0,0.0,0.0,0.0,0.0,0.0,0.0,0.0
B0B31BYXQQ,1399.0,5499.0,75.0,4100.0,0.745590107292235,0.0,0.5,2,3.9,9504,9.15957325492253,35.72233569419787,0.975,0.494296577946768,0,29,1,0,0.9310344827586208,0.9837,145,4,2,1.2,0.0,0.0,0.0,0,0.0,0.0,0.3471936206414965,0.0,0.0,0.0,0.0,0.0,0.0,0.0,0.2704104522089226,0.0,0.0,0.0,0.0,0.0,0.2761529993169401,0.0,0.0,0.0,0.0,0.0,0.0,0.0,0.0,0.0,0.728674638818859,0.0,0.0,0.0,0.0,0.0,0.0,0.0,0.0,0.0,0.0,0.0,0.0,0.0,0.2904062441462083,0.0,0.0,0.0,0.0,0.0,0.0,0.0,0.0,0.3387798432512937
B08CF3B7N1,154.0,399.0,61.0,245.0,0.6140350877192983,-0.5587392550143266,0.1230598669623059,0,4.2,16905,9.735423867488873,40.88878024345327,1.638,0.7228381374722838,1,20,1,0,0.9,0.9955,95,5,1,1.2,0.0,0.0,0.0,0,0.0,0.0,0.0,0.0,0.0,0.0,0.0,0.2513643872578482,0.3871546304616977,0.0,0.2835859752359546,0.0,0.0,0.0,0.0,0.0,0.2896083231469272,0.3525143438118317,0.0,0.0,0.0,0.0,0.3981504663451571,0.3761068165931907,0.0,0.0,0.0,0.0,0.0,0.0,0.0,0.0,0.0,0.0,0.0,0.0,0.0,0.0,0.3726859495053484,0.0,0.0,0.0,0.2439096961039697,0.0,0.0,0.0,0.0,0.0,0.0,0.0
B07SLMR1K6,519.0,1350.0,62.0,831.0,0.6155555555555555,0.4871060171919771,0.6407982261640798,2,4.3,30058,10.31091739595388,44.33694480260168,1.634,0.8713968957871396,1,9,1,0,1.0,0.9925,77,3,1,1.2,0.0,1.1,0.0,0,0.0,0.0,0.0,0.0,0.0,0.0,0.0,0.0,0.0,0.0,0.0,0.0,0.0,0.0,0.0,0.0,0.0,0.0,0.0,0.0,0.0,0.0,0.0,0.0,0.0,0.0,0.0,0.0,0.0,0.0,0.0,0.0,0.0,0.0,0.0,0.0,0.0,0.0,0.0,0.0,0.0,0.8367325829157296,0.547611709779084,0.0,0.0,0.0,0.0,0.0,0.0,0.0
B09MQSCJQ1,2299.0,7990.0,71.0,5691.0,0.7122653316645807,0.6433166547533953,0.658745247148289,3,4.2,69619,11.15080716136543,46.833390077734805,1.2180000000000002,0.9049429657794676,1,30,1,1,0.9666666666666668,0.9868,153,3,2,1.2,0.0,1.1,0.0,0,0.0,0.0,0.4735895108231194,0.2563469201901411,0.0,0.0,0.0,0.0,0.0,0.0,0.0,0.0,0.0,0.0,0.5052646482289793,0.0,0.0,0.0,0.43188313178264,0.0,0.0,0.0,0.0,0.0,0.0,0.0,0.0,0.0,0.0,0.0,0.0,0.0,0.0,0.0,0.0,0.0,0.0,0.0,0.0,0.0,0.0,0.0,0.0,0.0,0.5178646806637932,0.0,0.0,0.0,0.0,0.0
B094YFFSMY,399.0,1999.0,80.0,1600.0,0.80040020010005,-0.7147962830593281,0.2480988593155893,0,4.0,3382,8.12651816878071,32.50607267512284,0.7999999999999998,0.3317490494296577,0,24,1,1,0.75,0.9403,103,5,2,1.2,0.0,0.0,0.0,0,0.0,0.0,0.0,0.0,0.0,0.3963546444194493,0.0,0.0,0.0,0.0,0.0,0.0,0.3648072176148402,0.0,0.0,0.0,0.0,0.0,0.0,0.0,0.0,0.0,0.0,0.4195814881402073,0.0,0.0,0.0,0.0,0.0,0.0,0.0,0.0,0.0,0.4441731917704441,0.4235365818827079,0.0,0.0,0.0,0.0,0.0,0.0,0.0,0.0,0.0,0.0,0.0,0.0,0.0,0.0,0.3963546444194493
B092X94QNQ,1499.0,3990.0,62.0,2491.0,0.6243107769423559,0.0714796283059328,0.5275665399239544,2,4.1,109864,11.607007618331368,47.588731235158605,1.5579999999999998,0.9391634980988594,1,23,1,1,0.9130434782608696,0.9996,168,4,2,1.2,0.0,1.1,0.0,0,0.0,0.0,0.0,0.2902890834062582,0.0,0.5232997182013054,0.0,0.0,0.5702379562246425,0.0,0.0,0.0,0.0,0.0,0.0,0.0,0.0,0.0,0.0,0.0,0.0,0.0,0.0,0.0,0.0,0.0,0.5627773327581093,0.0,0.0,0.0,0.0,0.0,0.0,0.0,0.0,0.0,0.0,0.0,0.0,0.0,0.0,0.0,0.0,0.0,0.0,0.0,0.0,0.0,0.0,0.0
B0846D5CBP,1295.0,1295.0,0.0,0.0,0.0,6.275280898876405,0.967741935483871,2,4.5,5760,8.658866349732383,38.96489857379572,4.5,0.6774193548387096,0,7,1,1,1.0,0.988,60,4,7,0.0,1.4,0.0,0.0,2,0.0,0.0,0.0,1.0,0.0,0.0,0.0,0.0,0.0,0.0,0.0,0.0,0.0,0.0,0.0,0.0,0.0,0.0,0.0,0.0,0.0,0.0,0.0,0.0,0.0,0.0,0.0,0.0,0.0,0.0,0.0,0.0,0.0,0.0,0.0,0.0,0.0,0.0,0.0,0.0,0.0,0.0,0.0,0.0,0.0,0.0,0.0,0.0,0.0,0.0
B00KXULGJQ,1889.0,5499.0,66.0,3610.0,0.6564829969085288,4.412607449856734,0.9390243902439024,2,4.2,49551,10.810777902212983,45.40526718929453,1.428,0.9201773835920176,1,32,1,0,0.90625,0.996,75,3,1,1.2,0.0,1.1,0.0,0,0.0,0.0,0.0,0.0,0.0,0.0,0.0,0.0,0.0,0.0,0.0,0.0,0.0,0.0,0.0,0.0,0.0,0.0,0.0,0.0,0.7828396293047601,0.0,0.0,0.0,0.0,0.0,0.0,0.0,0.0,0.0,0.0,0.0,0.0,0.0,0.0,0.6222235247802721,0.0,0.0,0.0,0.0,0.0,0.0,0.0,0.0,0.0,0.0,0.0,0.0,0.0,0.0
B08H9Z3XQW,455.0,1490.0,69.0,1035.0,0.6946308724832215,-0.6747676912080057,0.2756653992395437,0,4.1,161677,11.993361981887189,49.172784125737465,1.271,0.9600760456273764,1,9,1,1,0.7777777777777778,0.9941,162,4,2,1.2,0.0,1.1,0.0,0,0.0,0.0,0.0,0.0,0.6950493594026721,0.0,0.0,0.0,0.0,0.0,0.0,0.0,0.0,0.0,0.0,0.0,0.0,0.0,0.0,0.0,0.0,0.0,0.0,0.0,0.0,0.0,0.718962021245862,0.0,0.0,0.0,0.0,0.0,0.0,0.0,0.0,0.0,0.0,0.0,0.0,0.0,0.0,0.0,0.0,0.0,0.0,0.0,0.0,0.0,0.0,0.0
B08LPJZSSW,399.0,995.0,60.0,596.0,0.5989949748743718,-0.7147962830593281,0.2480988593155893,0,3.9,21372,9.96988372217581,38.88254651648566,1.56,0.6863117870722434,1,27,1,0,0.8888888888888888,0.9918,328,5,2,1.2,0.0,0.0,0.0,0,0.0,0.0,0.0,0.0,0.0,0.0,0.0,0.0,0.0,0.0,0.0,0.5627554129300768,0.0,0.0,0.0,0.0,0.0,0.0,0.0,0.0,0.0,0.0,0.0,0.0,0.0,0.0,0.0,0.0,0.5845110543085985,0.0,0.0,0.0,0.0,0.5845110543085985,0.0,0.0,0.0,0.0,0.0,0.0,0.0,0.0,0.0,0.0,0.0,0.0,0.0,0.0,0.0,0.0
B09MT84WV5,1059.0,3999.0,74.0,2940.0,0.7351837959489872,-0.2430307362401715,0.4372623574144487,2,4.3,140035,11.849654811393028,50.95351568899001,1.118,0.9524714828897338,1,19,1,1,0.9473684210526316,0.957,57,4,2,1.2,0.0,1.1,0.0,0,0.0,0.5190652864071458,0.0,0.0,0.505022588347226,0.0,0.0,0.0,0.0,0.0,0.0,0.0,0.0,0.0,0.0,0.0,0.0,0.0,0.4539764775329267,0.0,0.0,0.0,0.0,0.0,0.0,0.0,0.0,0.0,0.0,0.0,0.0,0.0,0.0,0.0,0.5190652864071458,0.0,0.0,0.0,0.0,0.0,0.0,0.0,0.0,0.0,0.0,0.0,0.0,0.0,0.0,0.0
B08Y1TFSP6,149.0,1000.0,85.0,851.0,0.851,-0.5730659025787965,0.0997782705099778,0,3.9,24870,10.12145774507634,39.47368520579772,0.5850000000000001,0.8226164079822617,1,31,1,1,0.8387096774193549,0.6611,126,5,1,1.2,0.0,0.0,0.0,0,0.0,0.2675322840992258,0.0,0.1388831073672848,0.0,0.0,0.2587846671395467,0.3542616392155816,0.0,0.0,0.3996732931884402,0.0,0.0,0.482213947328956,0.0,0.0,0.2040804594631432,0.0,0.0,0.0,0.0,0.0,0.0,0.0,0.0,0.0,0.0,0.0,0.0,0.0,0.0,0.0,0.0,0.0,0.0,0.0,0.0,0.0,0.2626233907370224,0.0,0.4292275650303855,0.0,0.1718776667311466,0.0,0.0,0.0,0.0,0.0,0.0,0.0
B08CYPB15D,717.0,761.0,6.0,44.0,0.0578186596583442,1.0544412607449856,0.7361419068736141,2,4.0,7199,8.881836305004146,35.527345220016585,3.76,0.4745011086474501,0,6,1,1,1.0,0.8559,36,4,1,0.0,0.0,0.0,0.0,4,0.0,0.0,0.0,1.0,0.0,0.0,0.0,0.0,0.0,0.0,0.0,0.0,0.0,0.0,0.0,0.0,0.0,0.0,0.0,0.0,0.0,0.0,0.0,0.0,0.0,0.0,0.0,0.0,0.0,0.0,0.0,0.0,0.0,0.0,0.0,0.0,0.0,0.0,0.0,0.0,0.0,0.0,0.0,0.0,0.0,0.0,0.0,0.0,0.0,0.0
B085HY1DGR,99.0,999.0,90.0,900.0,0.9009009009009008,-0.7163323782234957,0.0376940133037694,0,4.0,1396,7.242082359256962,28.968329437027847,0.3999999999999999,0.2272727272727272,0,26,1,0,0.9615384615384616,0.9783,125,4,1,1.2,0.0,0.0,0.0,0,0.0,0.0,0.0,0.0,0.0,0.0,0.0,0.8218010701838392,0.0,0.3219343456913131,0.2317862729883972,0.0,0.0,0.2796548469444611,0.0,0.0,0.0,0.0,0.0,0.0,0.0,0.0,0.0,0.0,0.2984452518362802,0.0,0.0,0.0,0.0,0.0,0.0,0.0,0.0,0.0,0.0,0.0,0.0,0.0,0.0,0.0,0.0,0.0,0.0,0.0,0.0,0.0,0.0,0.0,0.0,0.0
B00MFPCY5C,39.0,299.0,87.0,260.0,0.8695652173913043,-0.8882521489971347,0.0044345898004434,0,3.5,15233,9.631285050932734,33.70949767826457,0.455,0.70509977827051,1,16,1,0,0.9375,0.9647,47,5,1,0.0,0.0,0.0,0.0,4,0.0,0.0,0.0,0.0,0.0,0.0,0.0,0.0,0.0,0.0,0.0,0.0,0.0,0.0,0.0,0.0,0.0,0.0,0.0,0.0,0.0,0.9001415892522012,0.0,0.0,0.435597428021013,0.0,0.0,0.0,0.0,0.0,0.0,0.0,0.0,0.0,0.0,0.0,0.0,0.0,0.0,0.0,0.0,0.0,0.0,0.0,0.0,0.0,0.0,0.0,0.0,0.0
B07JJFSG2B,889.0,2500.0,64.0,1611.0,0.6444,1.5472779369627507,0.7804878048780488,2,4.3,55747,10.9285968142394,46.992966301229416,1.5479999999999998,0.933481152993348,1,9,1,1,1.0,0.7894,38,3,1,1.2,0.0,1.1,0.0,0,0.0,0.0,0.0,0.4046448556322327,0.0,0.0,0.0,0.0,0.0,0.0,0.0,0.0,0.0,0.0,0.0,0.0,0.0,0.0,0.0,0.0,0.0,0.0,0.0,0.0,0.0,0.0,0.0,0.0,0.0,0.0,0.0,0.0,0.0,0.0,0.0,0.0,0.0,0.0,0.0,0.0,0.0,0.765170120721698,0.500776624020243,0.0,0.0,0.0,0.0,0.0,0.0,0.0
B09NR6G588,1199.0,4999.0,76.0,3800.0,0.7601520304060813,-0.1429592566118656,0.4543726235741445,2,3.8,14961,9.61326893243235,36.53042194324293,0.912,0.5817490494296578,1,27,1,1,0.8148148148148148,0.9121,52,4,2,1.2,0.0,0.0,0.0,0,0.0,0.0,0.0,0.2112084622538809,0.0,0.3807422844919982,0.0,0.0,0.0,0.0,0.3039044245857633,0.0,0.0,0.0,0.0,0.0,0.3103582634084221,0.0,0.0,0.0,0.0,0.0,0.0,0.0,0.0,0.0,0.4094653979007273,0.0,0.0,0.0,0.0,0.3880216984906608,0.0,0.0,0.0,0.0,0.0,0.0,0.0,0.0,0.0,0.0,0.0,0.0,0.0,0.3981943112924969,0.0,0.0,0.0,0.3807422844919982
B07JPX9CR7,569.0,1299.0,56.0,730.0,0.5619707467282525,0.6303724928366762,0.6585365853658537,2,4.4,9275,9.135185698375423,40.19481707285186,1.936,0.5521064301552107,0,19,1,1,0.9473684210526316,0.9311,21,4,1,1.2,0.0,0.0,0.0,0,0.0,0.0,0.519908895051693,0.2814189102168235,0.0,0.0,0.0,0.0,0.0,0.0,0.0,0.0,0.0,0.0,0.0,0.0,0.0,0.0,0.0,0.0,0.0,0.0,0.0,0.0,0.5213818958379349,0.0,0.0,0.0,0.0,0.0,0.0,0.0,0.0,0.0,0.0,0.0,0.0,0.0,0.0,0.0,0.0,0.0,0.3482758024283922,0.0,0.0,0.0,0.0,0.0,0.0,0.5073095918212107
B08D11DZ2W,1499.0,8999.0,83.0,7500.0,0.833425936215135,0.0714796283059328,0.5275665399239544,2,3.7,28324,10.251500085896208,37.93055031781597,0.6290000000000002,0.752851711026616,1,28,1,1,0.9285714285714286,0.998,184,4,2,0.0,0.0,0.0,0.0,4,0.0,0.0,0.0,0.2603677564587133,0.0,0.0,0.0,0.0,0.0,0.0,0.3746389342684467,0.0,0.0,0.0,0.0,0.0,0.3825949201076029,0.0,0.0,0.0,0.0,0.0,0.0,0.0,0.0,0.0,0.5047694863226424,0.0,0.0,0.0,0.0,0.4783347126114321,0.0,0.0,0.0,0.0,0.0,0.0,0.0,0.0,0.4023420134950238,0.0,0.0,0.0,0.0,0.0,0.0,0.0,0.0,0.0
B07Q7561HD,149.0,180.0,17.0,31.0,0.1722222222222222,-0.8934953538241601,0.0446768060836501,0,4.4,644,6.4692503167957724,28.4647013939014,3.652,0.1596958174904943,0,9,1,0,1.0,0.3384,36,3,2,0.0,1.4,0.0,0.0,2,0.7071067811865475,0.0,0.7071067811865475,0.0,0.0,0.0,0.0,0.0,0.0,0.0,0.0,0.0,0.0,0.0,0.0,0.0,0.0,0.0,0.0,0.0,0.0,0.0,0.0,0.0,0.0,0.0,0.0,0.0,0.0,0.0,0.0,0.0,0.0,0.0,0.0,0.0,0.0,0.0,0.0,0.0,0.0,0.0,0.0,0.0,0.0,0.0,0.0,0.0,0.0,0.0
B0819HZPXL,399.0,549.0,27.0,150.0,0.273224043715847,0.1432664756446991,0.5598669623059866,0,4.4,18139,9.805874723669127,43.14584878414416,3.212,0.7339246119733924,1,9,0,1,0.8888888888888888,0.9907,147,4,1,0.0,1.4,0.0,0.0,2,0.0,0.0,0.0,0.4246514305235322,0.0,0.0,0.0,0.0,0.0,0.0,0.0,0.0,0.0,0.0,0.0,0.0,0.0,0.0,0.0,0.0,0.0,0.0,0.0,0.0,0.0,0.7372129211154028,0.0,0.0,0.0,0.0,0.0,0.0,0.0,0.0,0.0,0.0,0.0,0.0,0.0,0.0,0.0,0.0,0.5255361752484906,0.0,0.0,0.0,0.0,0.0,0.0,0.0
B00LXTFMRS,191.0,225.0,15.0,34.0,0.1511111111111111,-0.8407005838198499,0.0357142857142857,0,4.4,7203,8.882391706295847,39.08252350770173,3.74,0.7433035714285714,0,27,1,0,0.925925925925926,0.9952,145,4,4,0.0,1.4,0.0,0.0,2,1.0,0.0,0.0,0.0,0.0,0.0,0.0,0.0,0.0,0.0,0.0,0.0,0.0,0.0,0.0,0.0,0.0,0.0,0.0,0.0,0.0,0.0,0.0,0.0,0.0,0.0,0.0,0.0,0.0,0.0,0.0,0.0,0.0,0.0,0.0,0.0,0.0,0.0,0.0,0.0,0.0,0.0,0.0,0.0,0.0,0.0,0.0,0.0,0.0,0.0
B0B9LDCX89,129.0,999.0,87.0,870.0,0.8708708708708709,-0.6303724928366762,0.0665188470066518,0,4.2,491,6.198478716492308,26.033610609267694,0.546,0.1164079822616408,0,21,1,1,0.9047619047619048,0.9865,44,5,1,1.2,0.0,0.0,0.0,0,0.0,0.0,0.0,0.5161946907730045,0.0,0.0,0.0,0.0,0.0,0.0,0.0,0.0,0.8564712728502704,0.0,0.0,0.0,0.0,0.0,0.0,0.0,0.0,0.0,0.0,0.0,0.0,0.0,0.0,0.0,0.0,0.0,0.0,0.0,0.0,0.0,0.0,0.0,0.0,0.0,0.0,0.0,0.0,0.0,0.0,0.0,0.0,0.0,0.0,0.0,0.0,0.0
B0765B3TH7,199.0,599.0,67.0,400.0,0.667779632721202,-0.4297994269340974,0.2139689578713969,0,4.5,13568,9.515543058145951,42.81994376165679,1.485,0.6829268292682927,1,27,1,1,0.9629629629629628,0.9633,79,3,1,1.2,0.0,0.0,0.0,0,0.0,0.0,0.0,0.2291943577476638,0.0,0.0,0.0,0.292313336062986,0.0,0.4580461427787171,0.0,0.0,0.0,0.0,0.0,0.0,0.0,0.0,0.0,0.0,0.0,0.0,0.0,0.0,0.0,0.0,0.0,0.0,0.0,0.0,0.4414999865227046,0.0,0.0,0.0,0.0,0.0,0.0,0.4360355252128767,0.0,0.0,0.0,0.0,0.2836442255963782,0.0,0.0,0.4321033753171989,0.0,0.0,0.0,0.0
B0B1F6GQPS,999.0,4499.0,78.0,3500.0,0.777950655701267,-0.2859185132237312,0.4230038022813688,2,3.8,3390,8.128880142125638,30.889744540077423,0.8359999999999999,0.3346007604562737,0,29,1,1,0.896551724137931,0.9562,86,4,2,1.2,0.0,0.0,0.0,0,0.0,0.0,0.0,0.2365225498138919,0.0,0.426375605356972,0.0,0.0,0.0,0.0,0.3403284538682236,0.0,0.0,0.0,0.0,0.0,0.3475558082939581,0.0,0.0,0.0,0.0,0.0,0.0,0.0,0.0,0.0,0.4585412863601316,0.0,0.0,0.0,0.0,0.0,0.0,0.0,0.0,0.0,0.0,0.0,0.0,0.0,0.3654944076924841,0.0,0.0,0.0,0.0,0.0,0.0,0.0,0.0,0.426375605356972
B07LG59NPV,899.0,4499.0,80.0,3600.0,0.8001778172927317,-0.357398141529664,0.400190114068441,2,3.8,103052,11.54299869797637,43.86339505231021,0.7599999999999998,0.935361216730038,1,22,1,1,0.8636363636363636,0.9998,156,4,2,1.2,0.0,0.0,0.0,0,0.0,0.0,0.4327492895112999,0.2342407191153482,0.0,0.4222621838410141,0.0,0.0,0.0,0.0,0.0,0.0,0.0,0.0,0.0,0.0,0.0,0.0,0.0,0.0,0.0,0.0,0.0,0.0,0.0,0.0,0.4541175492382818,0.0,0.0,0.0,0.0,0.0,0.0,0.0,0.0,0.0,0.0,0.0,0.0,0.0,0.0,0.0,0.0,0.0,0.0,0.441617352020096,0.0,0.0,0.0,0.4222621838410141
B07RD611Z8,1799.0,2499.0,28.0,700.0,0.2801120448179272,0.2859185132237312,0.5855513307984791,2,4.1,18678,9.835155177159304,40.32413622635314,2.9519999999999995,0.6359315589353612,1,27,1,1,0.925925925925926,0.9989,155,5,2,0.0,0.0,0.0,0.0,4,0.0,0.0,0.0,0.2468731020318866,0.0,0.0,0.0,0.3148607179876978,0.0,0.0,0.3552216952771471,0.0,0.0,0.0,0.0,0.0,0.3627653286768753,0.0,0.0,0.0,0.0,0.0,0.0,0.0,0.0,0.0,0.0,0.0,0.0,0.0,0.0,0.0,0.0,0.0,0.0,0.0,0.0,0.0,0.0,0.0,0.7629778917346253,0.0,0.0,0.0,0.0,0.0,0.0,0.0,0.0,0.0
B08WRWPM22,176.63,499.0,65.0,322.37,0.6460320641282565,-0.4938968481375358,0.1485587583148558,0,4.1,15189,9.62839259558982,39.47640964191825,1.4349999999999998,0.7017738359201774,1,18,1,1,0.9444444444444444,0.8735,129,5,1,1.2,0.0,0.0,0.0,0,0.0,0.0,0.0,0.175239238617032,0.0,0.0,0.0,0.2234992473317306,0.0,0.0,0.2521488931288206,0.0,0.0,0.3042227617969656,0.0,0.0,0.2575036302893058,0.0,0.0,0.0,0.0,0.0,0.0,0.0,0.0,0.0,0.0,0.7132801601879106,0.0,0.0,0.0,0.0,0.0,0.0,0.0,0.0,0.0,0.0,0.0,0.0,0.0,0.0,0.4337419002814316,0.0,0.0,0.0,0.0,0.0,0.0,0.0
B00AXHBBXU,522.0,550.0,5.0,28.0,0.0509090909090909,1.9325842696629212,0.8709677419354839,2,4.4,12179,9.407550541263888,41.39322238156111,4.18,1.0,1,13,1,1,0.9230769230769232,0.8032,57,4,7,0.0,1.4,1.1,0.0,2,0.0,0.0,0.0,0.4524508994268182,0.0,0.0,0.0,0.0,0.0,0.0,0.0,0.0,0.0,0.0,0.8917893157062733,0.0,0.0,0.0,0.0,0.0,0.0,0.0,0.0,0.0,0.0,0.0,0.0,0.0,0.0,0.0,0.0,0.0,0.0,0.0,0.0,0.0,0.0,0.0,0.0,0.0,0.0,0.0,0.0,0.0,0.0,0.0,0.0,0.0,0.0,0.0
B08MCD9JFY,799.0,1999.0,60.0,1200.0,0.6003001500750376,-0.4288777698355968,0.3802281368821292,2,3.8,12958,9.469545806435416,35.984274064454574,1.52,0.5399239543726235,1,29,1,0,0.8620689655172413,0.9861,264,4,2,1.2,0.0,0.0,0.0,0,0.8194629978545452,0.0,0.0,0.0,0.0,0.0,0.0,0.0,0.0,0.0,0.0,0.0,0.0,0.0,0.0,0.0,0.0,0.0,0.0,0.0,0.0,0.4245448500413438,0.0,0.0,0.0,0.3850221622849966,0.0,0.0,0.0,0.0,0.0,0.0,0.0,0.0,0.0,0.0,0.0,0.0,0.0,0.0,0.0,0.0,0.0,0.0,0.0,0.0,0.0,0.0,0.0,0.0
B083RCTXLL,681.0,1199.0,43.0,518.0,0.4320266889074228,0.9512893982808024,0.7228381374722838,2,4.2,8258,9.019058793810718,37.880046934005016,2.394000000000001,0.5299334811529933,0,24,1,0,0.8333333333333334,-0.4852,103,4,1,0.0,0.0,0.0,0.0,4,0.0,0.0,0.4120837461509254,0.0,0.0,0.0,0.0,0.0,0.0,0.0,0.0,0.0,0.0,0.0,0.0,0.0,0.0,0.0,0.0,0.0,0.0,0.0,0.0,0.0,0.0,0.0,0.0,0.0,0.0,0.0,0.0,0.0,0.0,0.0,0.0,0.0,0.0,0.0,0.0,0.0,0.0,0.0,0.0,0.4283194753424596,0.0,0.0,0.0,0.0,0.0,0.8041948850873027
B08HLZ28QC,1199.0,3490.0,66.0,2291.0,0.6564469914040114,2.4355300859598854,0.8569844789356984,2,4.1,11716,9.368796057668156,38.41206383643944,1.3939999999999997,0.6363636363636364,1,37,1,0,0.918918918918919,0.9967,230,2,1,1.2,0.0,0.0,0.0,0,0.0,0.0,0.0,0.0,0.0,0.0,0.0,0.0,0.0,0.0,0.0,0.0,0.0,0.0,0.0,0.0,0.0,0.0,0.0,0.0,0.0,0.0,0.0,0.0,0.0,0.0,0.0,0.0,1.0,0.0,0.0,0.0,0.0,0.0,0.0,0.0,0.0,0.0,0.0,0.0,0.0,0.0,0.0,0.0,0.0,0.0,0.0,0.0,0.0,0.0
B07GVR9TG7,2499.0,4999.0,50.0,2500.0,0.5001000200040008,6.160458452722063,0.9545454545454546,3,4.4,35024,10.463817371205208,46.04079643330292,2.2,0.8980044345898004,1,32,1,1,0.90625,0.9948,117,3,1,1.2,0.0,1.1,0.0,0,0.0,0.0,0.0,0.447481112307224,0.0,0.0,0.0,0.0,0.0,0.0,0.0,0.0,0.0,0.0,0.0,0.0,0.0,0.0,0.0,0.0,0.0,0.0,0.0,0.0,0.0,0.0,0.0,0.0,0.0,0.0,0.0,0.0,0.0,0.0,0.0,0.0,0.8942933825810686,0.0,0.0,0.0,0.0,0.0,0.0,0.0,0.0,0.0,0.0,0.0,0.0,0.0
B0856HY85J,1799.0,4999.0,64.0,3200.0,0.640128025605121,0.2859185132237312,0.5855513307984791,2,4.1,55192,10.918591412629716,44.76622479178182,1.4759999999999998,0.8726235741444867,1,25,1,1,0.88,0.9966,95,4,2,1.2,0.0,1.1,0.0,0,0.0,0.0,0.0,0.3533734694049368,0.0,0.6370209819451808,0.0,0.0,0.0,0.0,0.0,0.0,0.0,0.0,0.0,0.0,0.0,0.0,0.0,0.0,0.0,0.0,0.0,0.0,0.0,0.0,0.6850777033901453,0.0,0.0,0.0,0.0,0.0,0.0,0.0,0.0,0.0,0.0,0.0,0.0,0.0,0.0,0.0,0.0,0.0,0.0,0.0,0.0,0.0,0.0,0.0
B07CD2BN46,429.0,599.0,28.0,170.0,0.2838063439065108,-0.6933523945675483,0.2680608365019011,0,4.1,119466,11.69079546158948,47.93226139251687,2.9519999999999995,0.94106463878327,1,19,0,1,0.8421052631578947,0.9978,135,4,2,0.0,0.0,1.1,0.0,3,0.0,0.0,0.0,0.3463914696924106,0.0,0.0,0.0,0.0,0.0,0.0,0.0,0.0,0.0,0.0,0.0,0.0,0.0,0.0,0.0,0.0,0.0,0.0,0.0,0.0,0.0,0.0,0.6715418475824559,0.0,0.0,0.0,0.0,0.0,0.0,0.0,0.0,0.0,0.0,0.0,0.0,0.0,0.0,0.6550148827850198,0.0,0.0,0.0,0.0,0.0,0.0,0.0,0.0
B07PLHTTB4,100.0,499.0,80.0,399.0,0.7995991983967936,-0.7134670487106017,0.0465631929046563,0,3.5,9638,9.173572647783969,32.10750426724389,0.6999999999999998,0.5787139689578714,0,15,1,0,1.0,0.9089,5,4,1,0.0,0.0,0.0,0.0,4,0.0,0.0,0.0,0.0,0.0,0.0,0.0,0.0,0.0,0.0,0.0,0.0,0.0,0.0,0.0,0.0,0.0,0.0,0.0,0.0,0.0,0.0,0.0,0.0,0.0,0.0,0.0,0.0,0.0,0.0,0.0,0.0,0.0,0.0,0.0,0.0,0.0,0.0,0.0,0.0,0.0,0.0,0.0,0.0,0.0,0.0,0.0,0.0,0.0,0.0
B077T3BG5L,329.0,399.0,18.0,70.0,0.175438596491228,-0.0573065902578796,0.442350332594235,0,3.6,33735,10.426320795426395,37.53475486353503,2.9520000000000004,0.8913525498891353,1,18,1,0,0.8888888888888888,0.9118,80,4,1,0.0,0.0,0.0,0.0,4,0.0,0.0,0.0,0.0,0.0,0.0,0.0,0.0,0.0,0.0,0.0,0.0,0.0,0.0,0.0,0.0,0.0,0.0,0.0,0.0,0.0,0.0,0.0,0.0,0.0,0.0,0.0,0.0,0.0,0.0,0.0,0.0,0.0,0.0,0.0,0.0,0.0,0.0,0.0,0.0,0.0,0.0,1.0,0.0,0.0,0.0,0.0,0.0,0.0,0.0
B08DDRGWTJ,229.0,299.0,23.0,70.0,0.2341137123745819,-0.3438395415472779,0.2815964523281596,0,4.3,30411,10.322592546348329,44.387147949297805,3.311,0.876940133037694,1,6,0,1,1.0,0.9334,42,5,1,0.0,1.4,1.1,0.0,2,0.0,0.0,0.0,0.3908482633160869,0.0,0.0,0.0,0.498485917660049,0.0,0.0,0.0,0.0,0.0,0.0,0.0,0.0,0.0,0.0,0.0,0.0,0.0,0.0,0.0,0.0,0.0,0.0,0.0,0.0,0.0,0.0,0.0,0.0,0.0,0.0,0.0,0.0,0.0,0.0,0.0,0.0,0.6039713955847051,0.0,0.4837023653786295,0.0,0.0,0.0,0.0,0.0,0.0,0.0
B079Y6JZC8,139.0,299.0,54.0,160.0,0.5351170568561873,-0.6017191977077364,0.0787139689578714,0,3.8,3044,8.021256180143997,30.480773484547186,1.7479999999999998,0.3702882483370288,0,16,1,1,0.9375,0.972,52,4,1,1.2,0.0,0.0,0.0,0,0.0,0.0,0.0,0.6284982348419783,0.0,0.0,0.0,0.0,0.0,0.0,0.0,0.0,0.0,0.0,0.0,0.0,0.0,0.0,0.0,0.0,0.0,0.0,0.0,0.0,0.0,0.0,0.0,0.0,0.0,0.0,0.0,0.0,0.0,0.0,0.0,0.0,0.0,0.0,0.0,0.0,0.0,0.0,0.7778110109792207,0.0,0.0,0.0,0.0,0.0,0.0,0.0
B0856HNMR7,1199.0,2499.0,52.0,1300.0,0.5202080832332934,-0.1429592566118656,0.4543726235741445,2,4.0,33584,10.421834817700963,41.68733927080386,1.92,0.8136882129277566,1,22,1,1,0.8181818181818182,0.9204,139,4,2,1.2,0.0,1.1,0.0,0,0.0,0.0,0.0,0.237308433691235,0.0,0.8555846125541161,0.0,0.0,0.0,0.0,0.0,0.0,0.0,0.0,0.0,0.0,0.0,0.0,0.0,0.0,0.0,0.0,0.0,0.0,0.0,0.0,0.4600648628830894,0.0,0.0,0.0,0.0,0.0,0.0,0.0,0.0,0.0,0.0,0.0,0.0,0.0,0.0,0.0,0.0,0.0,0.0,0.0,0.0,0.0,0.0,0.0
B0B12K5BPM,1049.0,2299.0,54.0,1250.0,0.5437146585471945,-0.2501786990707648,0.4334600760456273,2,3.9,1779,7.484368643286131,29.18903770881591,1.7939999999999998,0.2509505703422053,0,32,1,0,0.90625,0.9668,51,4,2,1.2,0.0,0.0,0.0,0,0.0,0.0,0.5354375220519484,0.0,0.0,0.0,0.0,0.0,0.0,0.0,0.0,0.0,0.0,0.0,0.0,0.0,0.0,0.0,0.0,0.0,0.0,0.0,0.0,0.0,0.0,0.0,0.0,0.0,0.0,0.0,0.5582922560064051,0.0,0.0,0.0,0.0,0.0,0.0,0.0,0.0,0.0,0.0,0.0,0.3586780961390766,0.0,0.0,0.0,0.0,0.0,0.0,0.522461903120405
B08MTCKDYN,119.0,299.0,60.0,180.0,0.6020066889632107,-0.91493924231594,0.0304182509505703,0,4.1,5999,8.699514748210191,35.66801046766178,1.64,0.405893536121673,0,28,1,0,0.8928571428571429,0.8625,254,4,2,1.2,0.0,0.0,0.0,0,0.3185899496279432,0.0,0.0,0.0,0.0,0.0,0.0,0.2199392844149013,0.0,0.6892763924397164,0.2481325900773573,0.0,0.0,0.2993770105768503,0.0,0.0,0.0,0.0,0.0,0.0,0.0,0.0,0.0,0.3290866498929241,0.0,0.0,0.0,0.0,0.0,0.3398982349678187,0.0,0.0,0.0,0.0,0.0,0.0,0.0,0.0,0.0,0.0,0.0,0.0,0.0,0.0,0.0,0.0,0.0,0.0,0.0,0.0
B08CF3D7QR,154.0,339.0,55.0,185.0,0.5457227138643068,-0.5587392550143266,0.1230598669623059,0,4.3,13391,9.502412792729256,40.8603750087358,1.935,0.6651884700665188,1,20,1,0,0.85,0.9775,75,5,1,1.2,0.0,0.0,0.0,0,0.0,0.0,0.0,0.0,0.0,0.0,0.0,0.2499257727080385,0.3849388580108569,0.0,0.2819629493389808,0.0,0.0,0.0,0.0,0.0,0.2879508300073052,0.3504968254610555,0.0,0.0,0.0,0.0,0.0,0.0,0.0,0.0,0.0,0.0,0.0,0.0,0.0,0.0,0.0,0.0,0.0,0.0,0.0,0.0,0.3705529845483115,0.0,0.6056260062215094,0.0,0.0,0.0,0.0,0.0,0.0,0.0,0.0,0.0
B00LVMTA2A,225.0,250.0,10.0,25.0,0.1,-0.8391708363116511,0.0988593155893536,0,4.4,26556,10.187048645403603,44.82301403977586,3.96,0.7262357414448669,1,9,1,0,0.8888888888888888,0.9062,14,2,2,0.0,1.4,0.0,0.0,2,0.0,0.0,0.6838672713849744,0.0,0.0,0.0,0.0,0.0,0.0,0.0,0.0,0.0,0.0,0.0,0.0,0.0,0.0,0.0,0.0,0.0,0.0,0.0,0.0,0.0,0.0,0.0,0.0,0.0,0.0,0.7296064385190622,0.0,0.0,0.0,0.0,0.0,0.0,0.0,0.0,0.0,0.0,0.0,0.0,0.0,0.0,0.0,0.0,0.0,0.0,0.0,0.0
B07TR5HSR9,656.0,1499.0,56.0,843.0,0.5623749166110741,0.8796561604584527,0.7184035476718403,2,4.3,25903,10.162152675917415,43.697256506444894,1.892,0.8470066518847007,1,22,0,1,0.8636363636363636,0.9924,233,4,1,1.2,0.0,1.1,0.0,0,0.0,0.0,0.0,0.3066949012286006,0.0,0.0,0.0,0.0,0.0,0.0,0.0,0.0,0.0,0.0,0.0,0.0,0.0,0.0,0.0,0.0,0.0,0.0,0.0,0.0,0.5682104622009749,0.0,0.0,0.0,0.0,0.0,0.5907902624203654,0.0,0.0,0.0,0.0,0.4837788482716139,0.0,0.0,0.0,0.0,0.0,0.0,0.0,0.0,0.0,0.0,0.0,0.0,0.0,0.0
B0819ZZK5K,1109.0,2800.0,60.0,1691.0,0.6039285714285715,2.177650429799427,0.8403547671840355,2,4.3,53464,10.886782513190758,46.81316480672026,1.72,0.926829268292683,1,17,1,1,0.9411764705882352,0.9941,84,3,1,1.2,0.0,1.1,0.0,0,0.0,0.0,0.0,0.3430932652039697,0.0,0.0,0.0,0.0,0.0,0.0,0.0,0.0,0.0,0.0,0.0,0.0,0.0,0.0,0.0,0.0,0.0,0.0,0.0,0.0,0.0,0.0,0.0,0.0,0.0,0.0,0.0,0.0,0.0,0.0,0.0,0.0,0.0,0.0,0.0,0.0,0.5301763821152586,0.6487780865142702,0.4246021781358828,0.0,0.0,0.0,0.0,0.0,0.0,0.0
B096VF5YYF,2999.0,7990.0,62.0,4991.0,0.6246558197747184,1.143674052894925,0.7015209125475285,3,4.1,48448,10.788266977271029,44.23189460681121,1.5579999999999998,0.8593155893536122,1,30,1,1,0.9666666666666668,0.9998,153,3,2,1.2,0.0,1.1,0.0,0,0.0,0.0,0.4735895108231194,0.2563469201901411,0.0,0.0,0.0,0.0,0.0,0.0,0.0,0.0,0.0,0.0,0.5052646482289793,0.0,0.0,0.0,0.43188313178264,0.0,0.0,0.0,0.0,0.0,0.0,0.0,0.0,0.0,0.0,0.0,0.0,0.0,0.0,0.0,0.0,0.0,0.0,0.0,0.0,0.0,0.0,0.0,0.0,0.0,0.5178646806637932,0.0,0.0,0.0,0.0,0.0
B08QJJCY2Q,169.0,299.0,43.0,130.0,0.4347826086956521,-0.5157593123209169,0.1419068736141907,0,4.4,5176,8.551981016901902,37.62871647436837,2.5080000000000005,0.4279379157427938,0,28,1,1,0.9285714285714286,0.9446,147,5,1,0.0,0.0,0.0,0.0,4,0.0,0.0,0.0,0.0,0.0,0.0,0.0,0.0,0.0,0.0,0.0,0.0,0.0,0.0,0.0,0.0,0.0,0.0,0.0,0.0,0.0,0.0,0.0,0.0,1.0,0.0,0.0,0.0,0.0,0.0,0.0,0.0,0.0,0.0,0.0,0.0,0.0,0.0,0.0,0.0,0.0,0.0,0.0,0.0,0.0,0.0,0.0,0.0,0.0,0.0
B07L5L4GTB,309.0,404.0,24.0,95.0,0.2351485148514851,-0.1146131805157593,0.4212860310421286,0,4.4,8614,9.06126014896203,39.86954465543293,3.3440000000000003,0.5454545454545454,0,10,1,1,0.9,0.981,32,4,1,0.0,1.4,0.0,0.0,2,0.0,0.0,0.0,1.0,0.0,0.0,0.0,0.0,0.0,0.0,0.0,0.0,0.0,0.0,0.0,0.0,0.0,0.0,0.0,0.0,0.0,0.0,0.0,0.0,0.0,0.0,0.0,0.0,0.0,0.0,0.0,0.0,0.0,0.0,0.0,0.0,0.0,0.0,0.0,0.0,0.0,0.0,0.0,0.0,0.0,0.0,0.0,0.0,0.0,0.0
B07L8KNP5F,599.0,1399.0,57.0,800.0,0.5718370264474625,-0.5718370264474625,0.3365019011406844,2,3.8,60026,11.002549739984602,41.80968901194149,1.634,0.8802281368821293,1,15,1,1,0.8666666666666667,0.9968,153,4,2,1.2,0.0,0.0,0.0,0,0.0,0.0,0.0,0.2980388165677343,0.0,0.5372700443739234,0.0,0.0,0.0,0.0,0.0,0.0,0.0,0.0,0.0,0.0,0.0,0.0,0.0,0.0,0.0,0.0,0.0,0.0,0.0,0.0,0.5778015772354632,0.0,0.0,0.0,0.0,0.0,0.0,0.0,0.0,0.0,0.0,0.0,0.0,0.0,0.0,0.0,0.0,0.0,0.0,0.0,0.0,0.0,0.0,0.5372700443739234
B08CF4SCNP,299.0,599.0,50.0,300.0,0.5008347245409015,-0.1432664756446991,0.3880266075388026,0,3.8,3066,8.028455164114252,30.50812962363416,1.9,0.3747228381374722,0,26,1,1,0.8461538461538461,0.4588,150,4,1,1.2,0.0,0.0,0.0,0,0.4381069523624205,0.0,0.0,0.2371407418986122,0.0,0.0,0.0,0.0,0.0,0.0,0.0,0.0,0.0,0.0,0.0,0.0,0.0,0.0,0.0,0.0,0.0,0.0,0.0,0.0,0.4393481926863117,0.4116864008559175,0.0,0.0,0.0,0.0,0.0,0.0,0.0,0.0,0.0,0.3740645003696207,0.0,0.0,0.0,0.4040546940612632,0.0,0.0,0.2934784379257612,0.0,0.0,0.0,0.0,0.0,0.0,0.0
B09XX51X2G,449.0,999.0,55.0,550.0,0.5505505505505506,0.2865329512893982,0.5953436807095344,0,4.0,2102,7.6511201757027,30.6044807028108,1.7999999999999998,0.2926829268292683,0,27,1,1,0.7777777777777778,-0.3773,89,4,1,1.2,0.0,0.0,0.0,0,0.0,0.0,0.0,0.0,0.0,0.0,0.0,0.0,0.0,0.0,0.0,0.0,0.0,0.0,0.0,0.0,0.0,0.0,0.0,0.0,0.0,0.0,0.0,0.0,0.9448616894669036,0.0,0.0,0.0,0.0,0.0,0.3274696745925468,0.0,0.0,0.0,0.0,0.0,0.0,0.0,0.0,0.0,0.0,0.0,0.0,0.0,0.0,0.0,0.0,0.0,0.0,0.0
B01M72LILF,799.0,1295.0,38.0,496.0,0.383011583011583,1.2893982808022924,0.7594235033259423,2,4.4,34852,10.458894495697496,46.01913578106899,2.728,0.8957871396895787,1,28,1,0,0.9642857142857144,0.7615,161,4,1,0.0,0.0,1.1,0.0,3,0.0,0.0,0.4248758561962825,0.0,0.0,0.0,0.0,0.0,0.0,0.0,0.0,0.0,0.0,0.0,0.0,0.0,0.0,0.4113446323291498,0.0,0.0,0.0,0.0,0.0,0.0,0.4260796103081833,0.0,0.0,0.0,0.464596859859554,0.0,0.0,0.0,0.0,0.0,0.0,0.0,0.0,0.0,0.0,0.0,0.0,0.0,0.2846152107755299,0.0,0.0,0.0,0.0,0.0,0.0,0.4145795527506653
B07KSMBL2H,219.0,700.0,69.0,481.0,0.6871428571428572,-0.8434596140100071,0.0950570342205323,0,4.4,426972,12.964476058361427,57.04369465679029,1.3640000000000003,0.994296577946768,1,9,1,1,1.0,0.9945,74,5,2,1.2,0.0,1.1,0.0,0,0.0,0.0,0.0,0.6170215787832054,0.0,0.0,0.0,0.7869462315278474,0.0,0.0,0.0,0.0,0.0,0.0,0.0,0.0,0.0,0.0,0.0,0.0,0.0,0.0,0.0,0.0,0.0,0.0,0.0,0.0,0.0,0.0,0.0,0.0,0.0,0.0,0.0,0.0,0.0,0.0,0.0,0.0,0.0,0.0,0.0,0.0,0.0,0.0,0.0,0.0,0.0,0.0
B00LZLQ624,157.0,160.0,2.0,3.0,0.01875,-0.1179775280898876,0.4354838709677419,0,4.5,8618,9.0617243476474,40.777759564413294,4.41,0.9032258064516128,0,12,1,0,1.0,0.972,45,6,7,0.0,1.4,1.1,0.0,2,0.0,0.0,0.0,0.0,0.0,0.0,0.0,0.0,0.0,0.0,0.0,0.0,0.0,0.0,0.0,0.0,0.0,0.0,0.0,0.0,0.0,0.0,0.0,0.0,0.0,0.0,0.0,0.0,0.0,0.0,0.0,0.0,0.0,0.0,0.0,0.0,0.0,0.0,0.0,0.0,0.0,0.0,0.0,0.0,0.0,0.0,0.0,0.0,0.0,0.0
B07DJLFMPS,369.0,1600.0,77.0,1231.0,0.769375,-0.7362401715511079,0.2224334600760456,0,4.0,32625,10.392864795496248,41.57145918198499,0.92,0.7975285171102662,1,11,1,0,1.0,0.8316,67,4,2,1.2,0.0,1.1,0.0,0,1.0,0.0,0.0,0.0,0.0,0.0,0.0,0.0,0.0,0.0,0.0,0.0,0.0,0.0,0.0,0.0,0.0,0.0,0.0,0.0,0.0,0.0,0.0,0.0,0.0,0.0,0.0,0.0,0.0,0.0,0.0,0.0,0.0,0.0,0.0,0.0,0.0,0.0,0.0,0.0,0.0,0.0,0.0,0.0,0.0,0.0,0.0,0.0,0.0,0.0
B09GB5B4BK,599.0,899.0,33.0,300.0,0.3337041156840934,0.7163323782234957,0.6873614190687362,2,4.0,4018,8.2987883944492,33.1951535777968,2.68,0.3924611973392461,0,29,1,0,0.896551724137931,0.9638,129,4,1,0.0,0.0,0.0,0.0,4,0.0,0.0,0.3972269485742096,0.0,0.0,0.0,0.0,0.0,0.0,0.0,0.0,0.0,0.0,0.0,0.0,0.0,0.0,0.0,0.0,0.0,0.0,0.0,0.0,0.0,0.0,0.0,0.0,0.0,0.0,0.0,0.0,0.0,0.0,0.0,0.0,0.0,0.0,0.0,0.0,0.0,0.0,0.0,0.2660938013901635,0.4128773332954462,0.0,0.0,0.0,0.0,0.0,0.7752013595440836
B015ZXUDD0,479.0,599.0,20.0,120.0,0.2003338898163606,-0.6576125804145818,0.2813688212927757,0,4.3,11687,9.366317953430537,40.2751671997513,3.44,0.5171102661596958,1,6,1,0,1.0,0.8608,75,3,2,0.0,1.4,0.0,0.0,2,0.0,0.0,0.0,0.0,0.0,0.0,0.0,0.0,0.0,0.0,0.0,0.0,0.0,0.0,0.0,0.0,0.0,0.0,0.0,0.0,0.0,0.0,0.0,0.0,0.0,0.0,0.0,0.0,0.0,0.0,0.0,0.0,0.0,0.0,0.0,0.0,0.0,0.0,0.0,0.0,0.0,0.0,0.0,0.0,0.0,0.0,0.0,0.0,0.0,0.0
B085DTN6R2,350.0,899.0,61.0,549.0,0.610678531701891,0.0028653295128939,0.5066518847006651,0,4.2,2262,7.724446645633537,32.44267591166086,1.638,0.3026607538802661,0,30,1,0,0.8333333333333334,0.9877,141,5,1,1.2,0.0,0.0,0.0,0,0.0,0.0,0.0,0.0,0.0,0.0,0.4162304221547608,0.2848980066589995,0.4388035381248917,0.0,0.0,0.0,0.0,0.0,0.0,0.0,0.0,0.0,0.0,0.0,0.0,0.0,0.0,0.0,0.0,0.0,0.0,0.0,0.0,0.0,0.0,0.0,0.0,0.0,0.0,0.0,0.0,0.0,0.0,0.0,0.6903715454545009,0.0,0.2764488119533873,0.0,0.0,0.0,0.0,0.0,0.0,0.0
B09PL79D2X,1598.0,2990.0,47.0,1392.0,0.4655518394648829,0.1422444603288062,0.5494296577946768,2,3.8,11015,9.307104040408491,35.36699535355227,2.014,0.5114068441064639,1,30,1,1,0.9,0.9976,155,4,2,1.2,0.0,0.0,0.0,0,0.0,0.0,0.0,0.0,0.0,0.4332104821142203,0.0,0.0,0.4720680163654802,0.0,0.0,0.0,0.0,0.0,0.0,0.0,0.0,0.4298301865205091,0.0,0.0,0.0,0.0,0.0,0.0,0.0,0.0,0.4658917847024504,0.0,0.0,0.0,0.0,0.0,0.0,0.0,0.0,0.0,0.0,0.0,0.0,0.0,0.0,0.0,0.0,0.0,0.0,0.0,0.0,0.0,0.0,0.4332104821142203
B098K3H92Z,599.0,899.0,33.0,300.0,0.3337041156840934,0.7163323782234957,0.6873614190687362,2,4.3,95116,11.4628629917588,49.29031086456284,2.881,0.9778270509977828,1,25,1,1,0.92,0.9991,78,4,1,0.0,1.4,1.1,0.0,2,0.3688535064622424,0.3845977313459537,0.0,0.0,0.0,0.719829660873863,0.0,0.0,0.0,0.0,0.0,0.0,0.0,0.0,0.0,0.0,0.0,0.0,0.0,0.0,0.0,0.0,0.0,0.0,0.3698985386019078,0.0,0.0,0.0,0.0,0.0,0.0,0.0,0.0,0.0,0.0,0.0,0.0,0.0,0.0,0.0,0.0,0.0,0.247087041911239,0.0,0.0,0.0,0.0,0.0,0.0,0.0
B09KLVMZ3B,159.0,399.0,60.0,240.0,0.6015037593984962,-0.5444126074498568,0.1363636363636363,0,4.1,4768,8.469891918298224,34.726556865022715,1.64,0.4190687361419069,0,18,1,1,0.9444444444444444,0.9738,95,5,1,1.2,0.0,0.0,0.0,0,0.0,0.0,0.0,0.0,0.0,0.0,0.0,0.306955116776805,0.4727761800328011,0.0,0.3463027006109781,0.0,0.0,0.0,0.0,0.0,0.3536569265872571,0.0,0.0,0.0,0.0,0.0,0.0,0.0,0.0,0.0,0.0,0.0,0.0,0.0,0.0,0.0,0.0,0.0,0.0,0.0,0.0,0.0,0.4551076642139444,0.0,0.0,0.0,0.2978517763289534,0.0,0.0,0.0,0.0,0.0,0.3760635465130113,0.0
B084PJSSQ1,1299.0,3000.0,57.0,1701.0,0.567,2.722063037249284,0.8758314855875832,2,4.3,23022,10.04424899524437,43.19027067955079,1.849,0.7871396895787139,1,16,1,1,1.0,0.9674,90,3,1,1.2,0.0,1.1,0.0,0,0.0,0.0,0.0,0.0,0.0,0.0,0.0,0.0,0.0,0.0,0.0,0.0,0.0,0.0,0.0,0.0,0.0,0.0,0.0,0.0,0.0,0.0,0.0,0.0,0.0,0.0,0.0,0.0,0.0,0.0,0.0,0.0,0.0,0.0,0.0,0.0,0.0,0.0,0.0,0.0,0.5644369472523588,0.69070282070153,0.4520404252402522,0.0,0.0,0.0,0.0,0.0,0.0,0.0
B097R25DP7,1599.0,4999.0,68.0,3400.0,0.6801360272054411,0.1429592566118656,0.55893536121673,2,4.0,67951,11.126556852553051,44.50622741021221,1.2799999999999998,0.8992395437262357,1,23,1,1,0.9565217391304348,0.8957,90,3,2,1.2,0.0,1.1,0.0,0,0.4314828648058293,0.0,0.4314828648058293,0.2335552223602874,0.0,0.0,0.0,0.0,0.0,0.0,0.0,0.4542602367841359,0.0,0.0,0.4603417789469901,0.0,0.0,0.0,0.3934845825428063,0.0,0.0,0.0,0.0,0.0,0.0,0.0,0.0,0.0,0.0,0.0,0.0,0.0,0.0,0.0,0.0,0.0,0.0,0.0,0.0,0.0,0.0,0.0,0.0,0.0,0.0,0.0,0.0,0.0,0.0,0.0
B097C564GC,294.0,4999.0,94.0,4705.0,0.9411882376475296,-0.157593123209169,0.352549889135255,0,4.3,4426,8.395477432732141,36.1005529607482,0.2580000000000002,0.4035476718403548,0,31,1,1,0.9032258064516128,0.1416,319,4,1,1.2,0.0,0.0,0.0,0,0.0,0.4695705242137919,0.0,0.0,0.0,0.0,0.0,0.1554492985728775,0.0,0.2435843419529148,0.1753758414882941,0.0,0.2022289499184453,0.0,0.0,0.0,0.0,0.0,0.0,0.0,0.0,0.0,0.2462250575549115,0.2325927768276727,0.0,0.0,0.0,0.0,0.2462250575549115,0.2402342189685088,0.0,0.2239178714863128,0.0,0.0,0.2347852621068959,0.0,0.0,0.0,0.0,0.0,0.3766883936960167,0.2304772369331107,0.3016783052532593,0.0,0.0,0.0,0.0,0.0,0.0,0.0
B08CYNJ5KY,828.0,861.0,4.0,33.0,0.0383275261324041,1.3724928366762177,0.7671840354767184,2,4.2,4567,8.426830751335846,35.392689155610555,4.032,0.4057649667405765,0,6,1,1,1.0,0.8244,15,4,1,0.0,0.0,0.0,0.0,4,0.0,0.0,0.0,1.0,0.0,0.0,0.0,0.0,0.0,0.0,0.0,0.0,0.0,0.0,0.0,0.0,0.0,0.0,0.0,0.0,0.0,0.0,0.0,0.0,0.0,0.0,0.0,0.0,0.0,0.0,0.0,0.0,0.0,0.0,0.0,0.0,0.0,0.0,0.0,0.0,0.0,0.0,0.0,0.0,0.0,0.0,0.0,0.0,0.0,0.0
B00Y4ORQ46,745.0,795.0,6.0,50.0,0.0628930817610062,-0.4674767691208005,0.370722433460076,2,4.0,13797,9.532278933106054,38.12911573242422,3.76,0.5475285171102662,1,9,1,1,0.7777777777777778,0.9964,159,4,2,0.0,0.0,0.0,0.0,4,0.0,0.0,0.0,0.4584226388151722,0.0,0.0,0.0,0.0,0.0,0.0,0.0,0.0,0.0,0.0,0.0,0.0,0.0,0.0,0.0,0.0,0.0,0.0,0.0,0.0,0.0,0.0,0.8887343158794613,0.0,0.0,0.0,0.0,0.0,0.0,0.0,0.0,0.0,0.0,0.0,0.0,0.0,0.0,0.0,0.0,0.0,0.0,0.0,0.0,0.0,0.0,0.0
B074CWD7MS,1549.0,2495.0,38.0,946.0,0.3791583166332665,0.1072194424588992,0.5475285171102662,2,4.4,15137,9.624963417869113,42.3498390386241,2.728,0.5855513307984791,1,38,1,1,0.8947368421052632,0.9961,93,5,2,0.0,0.0,0.0,0.0,4,0.0,0.0,0.0,0.460742401818584,0.0,0.0,0.0,0.0,0.0,0.0,0.0,0.0,0.0,0.0,0.0,0.0,0.0,0.0,0.0,0.0,0.0,0.0,0.0,0.0,0.0,0.0,0.0,0.0,0.0,0.0,0.8875339087417689,0.0,0.0,0.0,0.0,0.0,0.0,0.0,0.0,0.0,0.0,0.0,0.0,0.0,0.0,0.0,0.0,0.0,0.0,0.0
B083342NKJ,349.0,399.0,13.0,50.0,0.12531328320802,0.0,0.4866962305986696,0,4.4,18757,9.839375607068884,43.2932526711031,3.828,0.7405764966740577,1,9,0,1,0.8888888888888888,0.9666,19,5,1,0.0,1.4,0.0,0.0,2,0.0,0.5007351686748063,0.0,0.0,0.0,0.0,0.484362417742874,0.3315324396547117,0.0,0.0,0.374030511034141,0.0,0.0,0.0,0.0,0.0,0.0,0.0,0.0,0.0,0.0,0.0,0.0,0.0,0.0,0.0,0.0,0.0,0.0,0.0,0.0,0.0,0.0,0.0,0.0,0.0,0.0,0.0,0.0,0.0,0.4016885997497982,0.0,0.3217002117401722,0.0,0.0,0.0,0.0,0.0,0.0,0.0
B09C6HXFC1,970.0,1799.0,46.0,829.0,0.4608115619788771,1.779369627507163,0.8104212860310421,2,4.5,815,6.704414354964107,30.16986459733848,2.43,0.1596452328159645,0,25,1,1,0.92,0.9917,59,5,1,1.2,0.0,0.0,0.0,0,0.0,0.0,0.0,0.1770616676411793,0.0,0.0,0.3299238157346206,0.4516471283647588,0.3478163294901784,0.0,0.2547711566405266,0.0,0.0,0.0,0.0,0.0,0.260181581262878,0.0,0.0,0.0,0.0,0.0,0.3576948921515635,0.3378910702622252,0.0,0.0,0.0,0.0,0.0,0.0,0.0,0.0,0.0,0.0,0.0,0.0,0.0,0.0,0.334817793228839,0.0,0.0,0.0,0.2191263349343839,0.0,0.0,0.0,0.0,0.0,0.0,0.0
B00A0VCJPI,1469.0,2499.0,41.0,1030.0,0.4121648659463786,3.2091690544412605,0.8957871396895787,2,4.2,156638,11.961699073678586,50.23913610945007,2.4780000000000006,0.9866962305986696,1,24,1,1,0.9166666666666666,0.9899,68,3,1,0.0,0.0,1.1,0.0,3,0.0,0.0,0.0,0.0,0.0,0.0,0.0,0.0,0.0,0.0,0.0,0.0,0.0,0.0,0.0,0.0,0.0,0.0,0.0,0.0,0.0,0.0,0.0,0.0,0.0,0.0,0.0,0.0,0.0,0.0,0.0,0.0,0.0,0.0,0.0,0.0,0.0,0.0,0.0,0.0,0.0,0.0,0.0,0.0,0.0,0.0,0.0,0.0,0.6549815002585355,0.7556449128519811
B00UGZWM2I,198.0,800.0,75.0,602.0,0.7525,0.1123595505617977,0.5483870967741935,0,4.1,9344,9.142596719889664,37.48464655154762,1.025,0.967741935483871,0,14,0,0,0.7857142857142857,0.9721,110,6,7,1.2,0.0,1.1,0.0,0,0.0,0.0,0.0,0.0,0.0,0.0,0.0,0.0,0.0,0.0,0.0,0.0,0.0,0.0,0.0,0.0,0.0,0.0,0.0,0.0,0.0,0.0,0.0,0.0,0.0,0.0,0.0,0.0,0.0,0.0,0.0,0.0,0.0,0.0,0.0,0.0,0.0,0.0,0.0,0.0,0.0,0.0,0.0,0.0,0.0,0.0,0.0,0.0,0.0,0.0
B00R1P3B4O,549.0,549.0,0.0,0.0,0.0,-0.6075768406004288,0.3165399239543726,2,4.5,4875,8.492080490601163,38.21436220770524,4.5,0.3878326996197718,0,13,1,0,0.9230769230769232,0.2687,73,4,2,0.0,1.4,0.0,0.0,2,0.5476713542608356,0.0,0.0,0.0,0.0,0.0,0.0,0.0,0.0,0.0,0.0,0.0,0.0,0.0,0.0,0.0,0.0,0.0,0.0,0.0,0.0,0.0,0.0,0.0,0.0,0.0,0.0,0.0,0.5988723240302585,0.5843013154466619,0.0,0.0,0.0,0.0,0.0,0.0,0.0,0.0,0.0,0.0,0.0,0.0,0.0,0.0,0.0,0.0,0.0,0.0,0.0,0.0
B0B3MWYCHQ,2999.0,9999.0,70.0,7000.0,0.7000700070007001,1.143674052894925,0.7015209125475285,3,4.2,20881,9.946642822850055,41.77589985597024,1.2600000000000002,0.6749049429657795,1,26,1,1,0.9230769230769232,0.9932,406,3,2,1.2,0.0,0.0,0.0,0,0.0,0.0,0.0,0.0,0.0,0.4869657767100166,0.0,0.0,0.0,0.0,0.0,0.0,0.0,0.0,0.5324385019772608,0.0,0.0,0.0,0.0,0.0,0.0,0.0,0.0,0.0,0.0,0.0,0.0,0.0,0.0,0.0,0.0,0.0,0.0,0.0,0.0,0.4261072898705886,0.0,0.0,0.0,0.0,0.0,0.0,0.0,0.0,0.5457161821355151,0.0,0.0,0.0,0.0,0.0
B09DG9VNWB,12000.0,29999.0,60.0,17999.0,0.5999866662222074,7.577555396711937,0.8098859315589354,1,4.3,4744,8.464846711044029,36.39884085748932,1.72,0.3859315589353612,0,10,1,1,0.9,0.9928,74,3,2,1.2,0.0,0.0,0.0,0,0.0,0.0,0.0,0.2626468182859793,0.0,0.4734694270372255,0.0,0.0,0.0,0.0,0.0,0.510842809077241,0.4357841310428886,0.0,0.0,0.0,0.0,0.0,0.0,0.0,0.0,0.0,0.0,0.0,0.0,0.0,0.0,0.0,0.0,0.0,0.0,0.0,0.0,0.0,0.5059398838306397,0.0,0.0,0.0,0.0,0.0,0.0,0.0,0.0,0.0,0.0,0.0,0.0,0.0,0.0,0.0
B09Y5MP7C4,1299.0,3499.0,63.0,2200.0,0.6287510717347814,-0.0714796283059328,0.4771863117870722,2,3.9,12452,9.429716836721148,36.77589566321248,1.443,0.5304182509505704,1,22,1,1,0.8181818181818182,0.9949,111,4,2,1.2,0.0,0.0,0.0,0,0.0,0.0,0.0,0.2596432548252823,0.0,0.4680549488414237,0.0,0.0,0.0,0.0,0.0,0.0,0.0,0.0,0.0,0.0,0.0,0.0,0.0,0.0,0.0,0.0,0.0,0.0,0.0,0.0,0.503364910263299,0.0,0.0,0.0,0.0,0.0,0.0,0.0,0.0,0.0,0.0,0.0,0.4909768600142566,0.0,0.0,0.0,0.0,0.0,0.0,0.0,0.0,0.0,0.0,0.4680549488414237
B01DJJVFPC,269.0,315.0,15.0,46.0,0.146031746031746,-0.8077197998570408,0.1311787072243346,0,4.5,17810,9.787571522938784,44.04407185322454,3.825,0.6178707224334601,1,7,1,0,1.0,0.8117,75,3,2,0.0,1.4,0.0,0.0,2,0.0,0.0,0.6988293959618654,0.0,0.0,0.0,0.0,0.0,0.0,0.0,0.0,0.0,0.0,0.0,0.0,0.0,0.0,0.0,0.0,0.0,0.0,0.0,0.0,0.0,0.0,0.0,0.0,0.0,0.0,0.0,0.0,0.0,0.0,0.0,0.0,0.0,0.0,0.0,0.0,0.0,0.0,0.7152883861349729,0.0,0.0,0.0,0.0,0.0,0.0,0.0,0.0
B07DFYJRQV,799.0,1499.0,47.0,700.0,0.466977985323549,-0.4288777698355968,0.3802281368821292,2,4.1,53648,10.890218108556146,44.6498942450802,2.173,0.870722433460076,1,21,1,1,0.8571428571428571,0.8767,52,4,2,1.2,0.0,1.1,0.0,0,0.0,0.0,0.0,0.0,0.5562574009784004,0.0,0.0,0.0,0.0,0.0,0.0,0.0,0.0,0.0,0.0,0.0,0.0,0.0,0.0,0.0,0.0,0.0,0.0,0.0,0.0,0.0,0.5753950276050901,0.0,0.0,0.0,0.0,0.0,0.0,0.5995817426040362,0.0,0.0,0.0,0.0,0.0,0.0,0.0,0.0,0.0,0.0,0.0,0.0,0.0,0.0,0.0,0.0
B08L879JSN,6299.0,13750.0,54.0,7451.0,0.5418909090909091,17.048710601719197,0.9889135254988912,3,4.2,2014,7.608374474380783,31.95517279239929,1.932,0.2882483370288248,0,36,1,1,0.8888888888888888,0.9748,54,2,1,1.2,0.0,0.0,0.0,0,0.0,0.0,0.0,0.306638726169547,0.0,0.0,0.0,0.0,0.0,0.0,0.0,0.5964061901475559,0.0,0.0,0.0,0.0,0.0,0.0,0.51661277336866,0.0,0.0,0.0,0.0,0.0,0.0,0.5323378535846728,0.0,0.0,0.0,0.0,0.0,0.0,0.0,0.0,0.0,0.0,0.0,0.0,0.0,0.0,0.0,0.0,0.0,0.0,0.0,0.0,0.0,0.0,0.0,0.0
B08TDJNM3G,59.0,59.0,0.0,0.0,0.0,-0.830945558739255,0.0155210643015521,0,3.8,5958,8.69265796074698,33.03210025083852,3.8,0.4501108647450111,0,17,1,0,0.9411764705882352,0.3125,17,4,1,0.0,0.0,0.0,0.0,4,0.0,0.0,0.0,0.0,0.0,0.0,0.0,0.0,0.0,0.0,0.0,0.0,0.0,0.0,0.0,0.0,0.0,0.0,0.0,0.0,0.0,0.0,0.0,0.0,0.0,0.6041888971264437,0.0,0.0,0.0,0.0,0.6704079654724806,0.0,0.0,0.0,0.0,0.0,0.0,0.0,0.0,0.0,0.0,0.0,0.4307074835897105,0.0,0.0,0.0,0.0,0.0,0.0,0.0
B06XSK3XL6,571.0,999.0,43.0,428.0,0.4284284284284284,-0.5918513223731237,0.3231939163498099,2,4.3,38221,10.551166545048927,45.37001614371039,2.451,0.8288973384030418,1,19,1,1,0.9473684210526316,0.6996,65,5,2,0.0,0.0,1.1,0.0,3,0.0,0.0,0.0,0.2488139233897837,0.0,0.0,0.0,0.3173360318279007,0.4887649975988256,0.4972559490482978,0.0,0.0,0.0,0.0,0.0,0.0,0.0,0.0,0.0,0.0,0.0,0.0,0.0,0.0,0.0,0.0,0.0,0.5063764158445684,0.0,0.0,0.0,0.0,0.0,0.0,0.0,0.0,0.0,0.0,0.0,0.0,0.0,0.0,0.3079248255107238,0.0,0.0,0.0,0.0,0.0,0.0,0.0
B07YNTJ8ZM,549.0,999.0,45.0,450.0,0.4504504504504504,-0.6075768406004288,0.3165399239543726,2,3.9,64705,11.077609211892549,43.20267592638094,2.145,0.8840304182509505,1,20,1,1,0.95,0.9957,90,4,2,0.0,0.0,0.0,0.0,4,0.0,0.0,0.0,0.0,0.0,0.5260851390320147,0.0,0.0,0.0,0.0,0.0,0.0,0.0,0.0,0.0,0.0,0.0,0.0,0.0,0.0,0.0,0.0,0.0,0.0,0.0,0.0,0.0,0.0,0.0,0.0,0.562163972851317,0.0,0.0,0.0,0.0,0.0,0.0,0.0,0.0,0.0,0.0,0.0,0.3611655030693756,0.0,0.0,0.0,0.0,0.0,0.0,0.5260851390320147
B09KGV7WSV,2099.0,5999.0,65.0,3900.0,0.6501083513918986,0.5003573981415297,0.6454372623574145,3,4.3,17129,9.748586591318166,41.91892234266811,1.505,0.6036121673003803,1,28,1,0,0.9285714285714286,0.9969,313,4,2,1.2,0.0,0.0,0.0,0,0.0,0.0,0.0,0.0,0.0,0.0,0.0,0.0,0.0,0.0,0.0,0.0,0.0,0.0,0.4041465389476186,0.0,0.0,0.0,0.0,0.0,0.0,0.0,0.8284498789578362,0.0,0.0,0.0,0.0,0.0,0.0,0.0,0.0,0.0,0.0,0.0,0.0,0.0,0.0,0.0,0.0,0.0,0.0,0.3877323472595596,0.0,0.0,0.0,0.0,0.0,0.0,0.0,0.0
B08DPLCM6T,13490.0,21990.0,39.0,8500.0,0.3865393360618463,8.642601858470336,0.8336501901140685,1,4.3,11976,9.390743422947509,40.38019671867428,2.623,0.5199619771863118,1,14,1,0,1.0,0.7666,154,4,2,0.0,0.0,0.0,0.0,4,0.0,0.0,0.0,0.0,0.0,0.0,0.0,0.0,0.0,0.0,0.0,0.4498838668996123,0.0,0.0,0.0,0.0,0.0,0.0,0.389693728891922,0.0,0.0,0.442775390265606,0.0,0.0,0.0,0.4015555438961161,0.0,0.0,0.0,0.0,0.0,0.0,0.0,0.0,0.0,0.3648594502656934,0.0,0.0,0.0,0.3941116395883426,0.0,0.0,0.0,0.0,0.0,0.0,0.0,0.0,0.0,0.0
B07KR5P3YD,448.0,699.0,36.0,251.0,0.3590844062947067,0.2836676217765043,0.5853658536585366,0,3.9,17348,9.761290146826328,38.06903157262268,2.496,0.7272727272727273,1,19,1,1,0.7368421052631579,-0.2263,18,4,1,0.0,0.0,0.0,0.0,4,0.0,0.0,0.0,0.0,0.0,0.0,0.0,0.0,0.0,0.0,0.0,0.0,0.0,0.0,0.0,0.0,0.0,0.0,0.0,0.0,0.0,0.0,0.0,0.0,0.0,0.0,0.0,0.0,0.0,0.0,0.0,0.0,0.0,0.0,0.0,0.0,0.0,0.0,0.0,0.0,0.0,0.0,1.0,0.0,0.0,0.0,0.0,0.0,0.0,0.0
B08FB2LNSZ,1499.0,2999.0,50.0,1500.0,0.5001667222407469,0.0714796283059328,0.5275665399239544,2,3.7,87798,11.382805390036706,42.11637994313582,1.85,0.9163498098859316,1,33,1,1,0.8787878787878788,0.9973,125,4,2,0.0,0.0,0.0,0.0,4,0.0,0.0,0.0,0.2390149282174742,0.0,0.4308685780204336,0.0,0.0,0.4695160512914204,0.0,0.0,0.0,0.0,0.0,0.0,0.0,0.0,0.0,0.0,0.0,0.0,0.0,0.0,0.0,0.0,0.0,0.4633732078837837,0.0,0.0,0.0,0.0,0.0,0.0,0.0,0.0,0.0,0.0,0.0,0.0,0.0,0.3693458390637408,0.0,0.0,0.0,0.0,0.0,0.0,0.0,0.0,0.4308685780204336
B01IBRHE3E,299.0,499.0,40.0,200.0,0.4008016032064128,-0.7862759113652609,0.1577946768060836,0,4.2,24432,10.10368995654877,42.43549781750484,2.52,0.7129277566539924,1,25,1,0,0.96,0.9441,132,5,2,0.0,0.0,0.0,0.0,4,0.0,0.0,0.0,0.0,0.0,0.0,0.0,0.0,0.0,0.0,0.0,0.0,0.0,0.0,0.0,0.0,0.0,0.0,0.0,0.0,0.0,0.0,0.0,0.0,0.7360525771347604,0.0,0.0,0.0,0.0,0.0,0.0,0.0,0.0,0.0,0.0,0.0,0.0,0.0,0.0,0.6769243707337456,0.0,0.0,0.0,0.0,0.0,0.0,0.0,0.0,0.0,0.0
B01N6LU1VF,579.0,1400.0,59.0,821.0,0.5864285714285714,0.6590257879656161,0.6662971175166297,2,4.3,189104,12.15005769533348,52.24524808993396,1.763,0.9977827050997784,1,11,1,1,1.0,0.9998,98,3,1,1.2,0.0,1.1,0.0,0,0.0,0.0,0.0,0.4046448556322327,0.0,0.0,0.0,0.0,0.0,0.0,0.0,0.0,0.0,0.0,0.0,0.0,0.0,0.0,0.0,0.0,0.0,0.0,0.0,0.0,0.0,0.0,0.0,0.0,0.0,0.0,0.0,0.0,0.0,0.0,0.0,0.0,0.0,0.0,0.0,0.0,0.0,0.765170120721698,0.500776624020243,0.0,0.0,0.0,0.0,0.0,0.0,0.0
B07XLML2YS,2499.0,3299.0,24.0,800.0,0.2424977265838132,0.7862759113652609,0.6730038022813688,3,4.2,93112,11.441569088318415,48.05459017093735,3.192,0.9277566539923956,1,30,1,1,0.9666666666666668,0.996,142,4,2,0.0,0.0,1.1,0.0,3,0.0,0.0,0.0,0.0,0.0,0.0,0.0,0.0,0.0,0.0,0.0,0.0,0.0,0.0,0.0,0.0,0.0,0.0,0.4924044008608281,0.0,0.5800300369006247,0.0,0.0,0.0,0.0,0.0,0.0,0.0,0.0,0.0,0.0,0.0,0.0,0.0,0.0,0.4610246090367967,0.0,0.0,0.0,0.0,0.0,0.0,0.0,0.0,0.0,0.0,0.0,0.0,0.4566830105975232,0.0
B086WMSCN3,1199.0,5999.0,80.0,4800.0,0.8001333555592599,-0.1429592566118656,0.4543726235741445,2,3.9,47521,10.768948040692958,41.998897358702536,0.7799999999999998,0.8574144486692015,1,24,1,1,0.875,0.6962,112,4,2,1.2,0.0,0.0,0.0,0,0.0,0.0,0.3559878964794944,0.0,0.3611410462983525,0.6947220029322545,0.0,0.0,0.0,0.0,0.0,0.0,0.0,0.0,0.0,0.0,0.0,0.0,0.0,0.0,0.0,0.0,0.0,0.0,0.0,0.0,0.3735658382947799,0.0,0.0,0.0,0.0,0.0,0.0,0.0,0.0,0.0,0.0,0.0,0.0,0.0,0.0,0.0,0.0,0.0,0.0,0.0,0.0,0.0,0.0,0.3473610014661272
B003B00484,399.0,499.0,20.0,100.0,0.2004008016032064,-0.7147962830593281,0.2480988593155893,0,4.3,27201,10.211045778992698,43.90749684966861,3.44,0.7376425855513308,1,10,1,0,0.9,0.9879,68,3,2,0.0,1.4,0.0,0.0,2,0.0,0.0,0.0,0.0,0.0,0.0,0.0,0.0,0.0,0.0,0.0,0.0,0.0,0.0,0.0,0.0,0.0,0.0,0.0,0.0,0.0,0.0,0.0,0.0,0.0,0.0,0.0,0.0,0.0,1.0,0.0,0.0,0.0,0.0,0.0,0.0,0.0,0.0,0.0,0.0,0.0,0.0,0.0,0.0,0.0,0.0,0.0,0.0,0.0,0.0
B085194JFL,279.0,499.0,44.0,220.0,0.4408817635270541,-0.8005718370264474,0.1378326996197718,0,3.7,10962,9.30228124567454,34.418440608995795,2.0720000000000005,0.5085551330798479,1,15,1,0,0.8666666666666667,0.3734,139,5,2,0.0,0.0,0.0,0.0,4,0.0,0.4266776018784106,0.0,0.0,0.0,0.0,0.0,0.2824995629349102,0.0,0.0,0.0,0.0,0.0,0.0,0.0,0.0,0.0,0.0,0.0,0.0,0.0,0.0,0.0,0.0,0.4103701309850464,0.0,0.0,0.0,0.0,0.0,0.0,0.0,0.0,0.0,0.0,0.0,0.0,0.0,0.0,0.7548089669526914,0.0,0.0,0.0,0.0,0.0,0.0,0.0,0.0,0.0,0.0
B09F6S8BT6,13490.0,22900.0,41.0,9410.0,0.4109170305676856,8.642601858470336,0.8336501901140685,1,4.3,16299,9.698920386794851,41.70535766321787,2.5370000000000004,0.591254752851711,1,15,1,1,1.0,-0.742,176,4,2,0.0,0.0,0.0,0.0,4,0.0,0.0,0.0,0.206717724045229,0.0,0.0,0.0,0.0,0.0,0.0,0.0,0.4020618392656003,0.0,0.0,0.0,0.0,0.0,0.0,0.3482698289857066,0.0,0.0,0.3957089837841592,0.0,0.0,0.0,0.3588707495976892,0.0,0.0,0.0,0.0,0.0,0.0,0.0,0.0,0.3982029630958621,0.3260753995430435,0.0,0.0,0.0,0.352218121936408,0.0,0.0,0.0,0.0,0.0,0.0,0.0,0.0,0.0,0.0
B003L62T7W,279.0,375.0,26.0,96.0,0.256,-0.2005730659025787,0.3392461197339246,0,4.3,31534,10.35885331909775,44.54306927212033,3.182,0.8824833702882483,1,16,1,1,1.0,0.9591,112,4,1,0.0,1.4,1.1,0.0,2,0.0,0.0,0.0,0.3218884533035038,0.0,0.0,0.0,0.0,0.0,0.0,0.0,0.0,0.0,0.0,0.0,0.0,0.0,0.0,0.0,0.0,0.0,0.0,0.0,0.0,0.5963593985294615,0.0,0.0,0.0,0.0,0.0,0.0,0.0,0.0,0.0,0.0,0.0,0.0,0.0,0.0,0.0,0.0,0.0,0.3983597238733463,0.6181042159789952,0.0,0.0,0.0,0.0,0.0,0.0
B09P18XVW6,2499.0,4999.0,50.0,2500.0,0.5001000200040008,0.7862759113652609,0.6730038022813688,3,3.9,7571,8.932212512329214,34.83562879808393,1.95,0.4534220532319392,0,32,1,1,0.9375,0.9757,134,3,2,1.2,0.0,0.0,0.0,0,0.0,0.0,0.0,0.1401211879671601,0.0,0.2525943356768553,0.0,0.0,0.0,0.0,0.0,0.0,0.0,0.0,0.0,0.0,0.0,0.0,0.0,0.0,0.0,0.0,0.0,0.0,0.0,0.0,0.0,0.0,0.0,0.0,0.0,0.0,0.0,0.0,0.0,0.4420527805428123,0.0,0.0,0.0,0.0,0.0,0.0,0.0,0.0,0.8492063903910568,0.0,0.0,0.0,0.0,0.0
B00LZLPYHW,137.0,160.0,14.0,23.0,0.14375,-0.2303370786516854,0.3870967741935484,0,4.4,6537,8.785386587284156,38.65570098405029,3.784,0.7741935483870968,0,13,1,0,1.0,0.9805,45,6,7,0.0,1.4,1.1,0.0,2,0.0,0.0,0.0,0.0,0.0,0.0,0.0,0.0,0.0,0.0,0.0,0.0,0.0,0.0,0.0,0.0,0.0,0.0,0.0,0.0,0.0,0.0,0.0,0.0,0.0,0.0,0.0,0.0,0.0,0.0,0.0,0.0,0.0,0.0,0.0,0.0,0.0,0.0,0.0,0.0,0.0,0.0,0.0,0.0,0.0,0.0,0.0,0.0,0.0,0.0
B09NHVCHS9,59.0,199.0,70.0,140.0,0.7035175879396985,-0.830945558739255,0.0155210643015521,0,4.0,9377,9.146121799649531,36.584487198598126,1.2000000000000002,0.5565410199556541,0,7,0,1,0.8571428571428571,0.9817,89,5,1,1.2,0.0,0.0,0.0,0,0.0,0.0,0.0,0.3471030947918728,0.0,0.0,0.0,0.4426935488006506,0.0,0.0,0.0,0.0,0.0,0.0,0.0,0.0,0.0,0.0,0.0,0.0,0.0,0.0,0.0,0.0,0.0,0.0,0.0,0.7064107131734689,0.0,0.0,0.0,0.0,0.0,0.0,0.0,0.0,0.0,0.0,0.0,0.0,0.0,0.0,0.4295646258130914,0.0,0.0,0.0,0.0,0.0,0.0,0.0
B00NNQMYNE,299.0,499.0,40.0,200.0,0.4008016032064128,-0.1432664756446991,0.3880266075388026,0,4.5,21010,9.95280138908905,44.78760625090072,2.7,0.7716186252771619,1,27,1,1,0.925925925925926,0.9781,100,3,1,0.0,0.0,1.1,0.0,3,0.0,0.0,0.0,0.2541453068075417,0.0,0.0,0.0,0.3241356515392704,0.0,0.5079107471601563,0.0,0.0,0.0,0.0,0.0,0.0,0.0,0.0,0.0,0.0,0.0,0.0,0.0,0.0,0.0,0.0,0.0,0.0,0.0,0.0,0.4895633148782521,0.0,0.0,0.0,0.0,0.0,0.0,0.4835039720140915,0.0,0.0,0.0,0.0,0.3145227895083901,0.0,0.0,0.0,0.0,0.0,0.0,0.0
B0B217Z5VK,1799.0,3999.0,55.0,2200.0,0.5501375343835959,0.2859185132237312,0.5855513307984791,2,3.9,3517,8.165647925297504,31.846026908660267,1.755,0.3403041825095057,0,30,1,1,0.8666666666666667,0.9817,102,4,2,1.2,0.0,0.0,0.0,0,0.0,0.0,0.0,0.2367076336146314,0.0,0.4267092531112523,0.0,0.0,0.0,0.0,0.0,0.0,0.0,0.0,0.0,0.0,0.0,0.0,0.0,0.0,0.0,0.0,0.0,0.0,0.0,0.4109345064779824,0.4589001044269174,0.0,0.0,0.0,0.0,0.0,0.0,0.0,0.0,0.0,0.0,0.0,0.4476063542329324,0.0,0.0,0.0,0.0,0.0,0.0,0.0,0.0,0.0,0.0,0.4267092531112523
B07B88KQZ8,1999.0,2999.0,33.0,1000.0,0.3334444814938312,0.4288777698355968,0.6254752851711026,2,4.3,63899,11.065074640365626,47.57982095357219,2.881,0.8821292775665399,1,21,1,1,0.9047619047619048,0.9974,54,4,2,0.0,1.4,1.1,0.0,2,0.0,0.0,0.0,0.0,0.4482609894135254,0.4311567123063672,0.0,0.0,0.0,0.0,0.0,0.0,0.0,0.0,0.0,0.0,0.0,0.0,0.0,0.0,0.0,0.0,0.0,0.0,0.0,0.0,0.4636830789562758,0.0,0.0,0.0,0.4607253699612862,0.0,0.0,0.0,0.0,0.0,0.0,0.0,0.0,0.0,0.0,0.0,0.0,0.0,0.0,0.0,0.0,0.0,0.0,0.4311567123063672
B01M4GGIVU,199.0,699.0,72.0,500.0,0.7153075822603719,-0.8577555396711937,0.0703422053231939,0,4.2,12153,9.4054136126953,39.50273717332026,1.1760000000000002,0.526615969581749,1,28,1,0,0.8928571428571429,0.9816,111,5,2,1.2,0.0,0.0,0.0,0,0.0,0.0,0.0,0.0,0.0,0.0,0.0,0.3688477421192189,0.0,0.0,0.0,0.0,0.0,0.0,0.0,0.0,0.0,0.0,0.0,0.0,0.0,0.0,0.0,0.0,0.5358029395673005,0.0,0.0,0.0,0.0,0.0,0.0,0.0,0.0,0.0,0.0,0.0,0.5779732386686008,0.0,0.0,0.4927610866003141,0.0,0.0,0.0,0.0,0.0,0.0,0.0,0.0,0.0,0.0
B07Z3K96FR,399.0,1499.0,73.0,1100.0,0.733822548365577,0.1432664756446991,0.5598669623059866,0,4.1,5730,8.653645314551737,35.47994578966212,1.107,0.4456762749445676,0,19,1,1,0.9473684210526316,0.99,107,4,1,1.2,0.0,0.0,0.0,0,0.6748570814464028,0.0,0.0,0.0,0.0,0.0,0.0,0.0,0.0,0.0,0.0,0.0,0.0,0.0,0.0,0.0,0.0,0.0,0.0,0.0,0.0,0.0,0.737948453228031,0.0,0.0,0.0,0.0,0.0,0.0,0.0,0.0,0.0,0.0,0.0,0.0,0.0,0.0,0.0,0.0,0.0,0.0,0.0,0.0,0.0,0.0,0.0,0.0,0.0,0.0,0.0
B0756CLQWL,1699.0,3999.0,58.0,2300.0,0.5751437859464866,3.8681948424068766,0.9246119733924612,2,4.2,25488,10.146002265529594,42.6132095152243,1.7640000000000002,0.8381374722838137,1,20,1,1,0.85,0.9976,116,4,1,1.2,0.0,1.1,0.0,0,0.3891333198317966,0.0,0.0,0.0,0.0,0.0,0.0,0.0,0.0,0.0,0.0,0.0,0.349481117464703,0.0,0.0,0.0,0.0,0.0,0.0,0.0,0.0,0.0,0.0,0.0,0.0,0.0,0.0,0.0,0.0,0.0,0.0,0.3869627369321404,0.0,0.0,0.0,0.0,0.0,0.0,0.0,0.0,0.0,0.0,0.0,0.0,0.0,0.0,0.0,0.0,0.0,0.7594063787974752
B004IO5BMQ,699.0,995.0,30.0,296.0,0.2974874371859296,1.002865329512894,0.729490022172949,2,4.5,54405,10.904229720879732,49.06903374395879,3.15,0.9312638580931264,1,17,1,0,0.9411764705882352,0.9958,127,4,1,0.0,1.4,1.1,0.0,2,0.0,0.0,0.5154104998391885,0.0,0.0,0.0,0.0,0.0,0.0,0.0,0.0,0.0,0.4628908095423454,0.0,0.0,0.0,0.0,0.0,0.0,0.0,0.0,0.0,0.0,0.0,0.5168707558161997,0.0,0.0,0.0,0.0,0.0,0.0,0.0,0.0,0.0,0.0,0.0,0.0,0.0,0.0,0.0,0.0,0.0,0.0,0.0,0.0,0.0,0.0,0.0,0.0,0.502920209256638
B09Z6WH2N1,95.0,499.0,81.0,404.0,0.8096192384769539,-0.9320943531093638,0.0085551330798479,0,4.2,1949,7.575584651557793,31.81745553654273,0.7979999999999998,0.2642585551330798,0,21,1,1,0.8571428571428571,0.9394,141,4,2,1.2,0.0,0.0,0.0,0,0.0,0.0,0.0,0.0,0.0,0.0,0.0,0.408628835182443,0.0,0.0,0.0,0.0,0.0,0.0,0.0,0.0,0.0,0.0,0.0,0.0,0.0,0.0,0.0,0.0,0.0,0.0,0.0,0.6520532943534261,0.0,0.0,0.0,0.0,0.0,0.0,0.0,0.0,0.0,0.0,0.0,0.0,0.0,0.0,0.396510166360318,0.0,0.0,0.0,0.0,0.0,0.5006282696304686,0.0
B01HGCLUH6,1149.0,1699.0,32.0,550.0,0.3237198351971748,2.292263610315186,0.844789356984479,2,4.2,122478,11.715694865699932,49.20591843593972,2.856,0.984478935698448,1,28,1,0,1.0,0.9648,163,3,1,0.0,0.0,1.1,0.0,3,0.0,0.0,0.0,0.0,0.0,0.0,0.0,0.0,0.0,0.0,0.0,0.0,0.5247737246757597,0.0,0.0,0.0,0.0,0.0,0.0,0.0,0.0,0.0,0.0,0.0,0.0,0.0,0.0,0.0,0.0,0.0,0.0,0.0,0.0,0.0,0.0,0.0,0.6320888401530779,0.0,0.0,0.0,0.0,0.0,0.0,0.0,0.0,0.0,0.0,0.0,0.0,0.5701545720625827
B01N4EV2TL,1495.0,1995.0,25.0,500.0,0.2506265664160401,3.2836676217765044,0.9013303769401332,2,4.3,7241,8.887652690325586,38.21690656840002,3.225,0.4789356984478936,0,20,1,1,0.95,0.9,98,4,1,0.0,1.4,0.0,0.0,2,0.0,0.0,0.0,0.253752587683373,0.0,0.0,0.0,0.0,0.0,0.0,0.0,0.0,0.0,0.0,0.0,0.0,0.0,0.0,0.0,0.0,0.0,0.0,0.0,0.0,0.0,0.0,0.0,0.0,0.0,0.0,0.0,0.0,0.0,0.0,0.0,0.0,0.0,0.0,0.0,0.0,0.0,0.0,0.3140367718204051,0.0,0.0,0.0,0.0,0.0,0.0,0.914871865448168
B08MZQBFLN,849.0,4999.0,83.0,4150.0,0.8301660332066413,1.4326647564469914,0.7749445676274944,2,4.0,20457,9.926129283016952,39.70451713206781,0.6800000000000002,0.7583148558758315,1,28,1,1,0.9285714285714286,0.9001,233,4,1,1.2,0.0,1.1,0.0,0,0.0,0.0,0.0,0.3504322526033393,0.0,0.0,0.0,0.0,0.0,0.0,0.0,0.0,0.0,0.0,0.0,0.0,0.0,0.0,0.0,0.0,0.0,0.0,0.0,0.0,0.6492421994112484,0.0,0.0,0.0,0.0,0.0,0.6750420748657037,0.0,0.0,0.0,0.0,0.0,0.0,0.0,0.0,0.0,0.0,0.0,0.0,0.0,0.0,0.0,0.0,0.0,0.0,0.0
B0752LL57V,440.0,440.0,0.0,0.0,0.0,1.4719101123595506,0.8064516129032258,0,4.5,8610,9.060795734696166,40.77358080613275,4.5,0.8709677419354839,0,9,1,0,0.8888888888888888,0.7958,91,4,7,0.0,1.4,1.1,0.0,2,0.0,0.0,0.0,0.0,0.0,0.0,0.0,0.0,0.0,0.0,0.0,0.0,0.0,0.0,0.0,0.0,0.0,0.0,0.0,0.0,0.0,0.0,0.0,0.0,0.0,0.0,0.0,0.0,0.0,0.0,0.0,0.0,0.0,0.0,0.0,0.0,0.0,0.0,0.0,0.0,0.0,0.0,0.0,0.0,0.0,0.0,0.0,0.0,0.0,0.0
B08K4PSZ3V,349.0,999.0,65.0,650.0,0.6506506506506506,-0.7505360972122945,0.2024714828897338,0,3.8,16557,9.71462464769875,36.91557366125525,1.3299999999999998,0.596958174904943,1,21,0,0,0.8571428571428571,0.9882,198,4,2,1.2,0.0,0.0,0.0,0,0.0,0.0,0.0,0.0,0.0,0.0,0.0,0.0,0.0,0.0,0.0,0.0,0.0,0.0,0.0,0.0,0.0,0.3471877983667011,0.0,0.0,0.0,0.0,0.7842687042705853,0.3704237852897145,0.0,0.0,0.0,0.0,0.0,0.0,0.0,0.356608260502557,0.0,0.0,0.0,0.0,0.0,0.0,0.0,0.0,0.0,0.0,0.0,0.0,0.0,0.0,0.0,0.0,0.0,0.0
B09Z28BQZT,599.0,3999.0,85.0,3400.0,0.8502125531382846,0.7163323782234957,0.6873614190687362,2,3.9,1087,6.992096427415888,27.26917606692196,0.5850000000000001,0.2017738359201774,0,10,0,0,0.9,0.9502,85,4,1,1.2,0.0,0.0,0.0,0,0.0,0.0,0.0,0.0,0.0,0.0,0.0,0.0,0.0,0.0,0.0,0.0,0.0,0.0,0.0,0.0,0.0,0.0,0.0,0.0,0.0,0.0,0.0,0.0,1.0,0.0,0.0,0.0,0.0,0.0,0.0,0.0,0.0,0.0,0.0,0.0,0.0,0.0,0.0,0.0,0.0,0.0,0.0,0.0,0.0,0.0,0.0,0.0,0.0,0.0
B094DQWV9B,149.0,399.0,63.0,250.0,0.6265664160401002,-0.5730659025787965,0.0997782705099778,0,4.0,1540,7.340186835320115,29.36074734128046,1.48,0.2505543237250554,0,30,1,0,0.9,0.9648,251,4,1,1.2,0.0,0.0,0.0,0,0.0,0.2534862460910405,0.0,0.0,0.0,0.0,0.0,0.1678310588966338,0.0,0.2629861853087207,0.1893447796296721,0.0,0.218336776788061,0.0,0.0,0.0,0.0,0.2353668960173853,0.0,0.0,0.0,0.0,0.2658372377084214,0.2511191262043283,0.0,0.0,0.0,0.0,0.2658372377084214,0.2593692202077607,0.0,0.4835065043385816,0.0,0.0,0.2534862460910405,0.0,0.0,0.0,0.0,0.0,0.2033460831553249,0.2488350805128904,0.162853708191741,0.0,0.0,0.0,0.0,0.0,0.0,0.0
B0BBMPH39N,289.0,999.0,71.0,710.0,0.7107107107107107,-0.1719197707736389,0.3458980044345898,0,4.1,401,5.996452088619021,24.585453563337985,1.189,0.0931263858093126,0,20,1,1,0.85,0.9482,87,4,1,1.2,0.0,0.0,0.0,0,0.0,0.0,0.0,1.0,0.0,0.0,0.0,0.0,0.0,0.0,0.0,0.0,0.0,0.0,0.0,0.0,0.0,0.0,0.0,0.0,0.0,0.0,0.0,0.0,0.0,0.0,0.0,0.0,0.0,0.0,0.0,0.0,0.0,0.0,0.0,0.0,0.0,0.0,0.0,0.0,0.0,0.0,0.0,0.0,0.0,0.0,0.0,0.0,0.0,0.0
B097JQ1J5G,179.0,499.0,64.0,320.0,0.6412825651302605,-0.4871060171919771,0.1629711751662971,0,3.4,9385,9.146974496354362,31.099713287604832,1.224,0.5764966740576497,0,15,1,0,0.9333333333333332,-0.4405,21,3,1,0.0,0.0,0.0,0.0,4,0.0,0.0,0.0,0.0,0.0,0.0,0.0,0.0,0.0,0.0,0.0,0.0,0.0,0.0,0.0,0.0,0.0,0.0,0.0,0.0,0.0,0.0,0.0,0.0,0.8315436050156171,0.0,0.0,0.0,0.0,0.0,0.0,0.0,0.0,0.0,0.0,0.0,0.0,0.0,0.0,0.0,0.0,0.0,0.5554594791320346,0.0,0.0,0.0,0.0,0.0,0.0,0.0
B07YY1BY5B,1499.0,4999.0,70.0,3500.0,0.7001400280056012,0.0714796283059328,0.5275665399239544,2,4.0,92588,11.43592562308136,45.74370249232544,1.2000000000000002,0.9230038022813688,1,31,1,1,0.967741935483871,0.8995,133,3,2,1.2,0.0,1.1,0.0,0,0.0,0.0,0.4325467503741174,0.2341310877091448,0.0,0.0,0.0,0.0,0.0,0.0,0.0,0.0,0.0,0.0,0.4614768204864082,0.0,0.0,0.0,0.0,0.0,0.0,0.0,0.0,0.0,0.0,0.0,0.0,0.0,0.0,0.0,0.0,0.4301340076666314,0.0,0.0,0.0,0.369317088424904,0.0,0.0,0.0,0.0,0.0,0.0,0.0,0.0,0.4729848943768427,0.0,0.0,0.0,0.0,0.0
B08VRMK55F,399.0,699.0,43.0,300.0,0.4291845493562232,-0.7147962830593281,0.2480988593155893,0,3.4,3454,8.14757773620177,27.701764303086016,1.938,0.3365019011406844,0,27,1,1,0.8888888888888888,0.9491,17,4,2,0.0,0.0,0.0,0.0,4,0.0,0.0,0.0,0.0,0.3673272076071765,0.0,0.3651965137676807,0.2499667330240053,0.0,0.0,0.0,0.0,0.0,0.0,0.0,0.0,0.0,0.0,0.0,0.0,0.0,0.0,0.0,0.0,0.0,0.0,0.7599296598642077,0.0,0.0,0.0,0.0,0.0,0.0,0.0,0.0,0.0,0.0,0.0,0.0,0.0,0.3028626311109079,0.0,0.0,0.0,0.0,0.0,0.0,0.0,0.0,0.0
B08CHZ3ZQ7,599.0,799.0,25.0,200.0,0.2503128911138924,0.7163323782234957,0.6873614190687362,2,4.3,15790,9.667195436466644,41.568940376806566,3.225,0.7117516629711752,1,15,1,1,0.8666666666666667,0.9991,91,4,1,0.0,1.4,0.0,0.0,2,0.0,0.0,0.0,1.0,0.0,0.0,0.0,0.0,0.0,0.0,0.0,0.0,0.0,0.0,0.0,0.0,0.0,0.0,0.0,0.0,0.0,0.0,0.0,0.0,0.0,0.0,0.0,0.0,0.0,0.0,0.0,0.0,0.0,0.0,0.0,0.0,0.0,0.0,0.0,0.0,0.0,0.0,0.0,0.0,0.0,0.0,0.0,0.0,0.0,0.0
B08SCCG9D4,949.0,2000.0,53.0,1051.0,0.5255,1.7191977077363896,0.7982261640798226,2,3.9,14969,9.613803477413674,37.49383356191333,1.833,0.6962305986696231,1,15,1,1,0.8666666666666667,0.8619,56,4,1,1.2,0.0,0.0,0.0,0,0.0,0.0,0.8794324788218186,0.4760236498256273,0.0,0.0,0.0,0.0,0.0,0.0,0.0,0.0,0.0,0.0,0.0,0.0,0.0,0.0,0.0,0.0,0.0,0.0,0.0,0.0,0.0,0.0,0.0,0.0,0.0,0.0,0.0,0.0,0.0,0.0,0.0,0.0,0.0,0.0,0.0,0.0,0.0,0.0,0.0,0.0,0.0,0.0,0.0,0.0,0.0,0.0
B0972BQ2RS,2499.0,9999.0,75.0,7500.0,0.7500750075007501,0.7862759113652609,0.6730038022813688,3,4.1,42139,10.64875268735818,43.65988601816853,1.025,0.8384030418250951,1,28,1,1,0.8928571428571429,0.9824,301,3,2,1.2,0.0,1.1,0.0,0,0.0,0.0,0.0,0.0,0.0,0.6658021075398161,0.0,0.0,0.0,0.0,0.0,0.0,0.0,0.0,0.0,0.0,0.0,0.0,0.0,0.0,0.0,0.0,0.0,0.0,0.0,0.0,0.0,0.0,0.0,0.0,0.0,0.0,0.0,0.0,0.0,0.0,0.0,0.0,0.0,0.0,0.0,0.0,0.0,0.0,0.7461283760825206,0.0,0.0,0.0,0.0,0.0
B00ZRBWPA0,159.0,180.0,12.0,21.0,0.1166666666666666,-0.8863473909935669,0.0494296577946768,0,4.3,989,6.897704943128636,29.66013125545313,3.784,0.1844106463878327,0,9,1,1,0.8888888888888888,0.8271,31,3,2,0.0,1.4,0.0,0.0,2,0.6838672713849744,0.0,0.0,0.0,0.0,0.0,0.0,0.0,0.0,0.0,0.0,0.0,0.0,0.0,0.0,0.0,0.0,0.0,0.0,0.0,0.0,0.0,0.0,0.0,0.0,0.0,0.0,0.0,0.0,0.7296064385190622,0.0,0.0,0.0,0.0,0.0,0.0,0.0,0.0,0.0,0.0,0.0,0.0,0.0,0.0,0.0,0.0,0.0,0.0,0.0,0.0
B0B2DD66GS,1329.0,2900.0,54.0,1571.0,0.5417241379310345,-0.0500357398141529,0.4904942965779467,2,4.5,19624,9.884559542650608,44.48051794192774,2.07,0.6673003802281369,1,16,1,0,0.8125,-0.0675,78,4,2,1.2,0.0,0.0,0.0,0,0.0,0.0,0.0,0.0,0.0,0.0,0.0,0.0,0.0,0.0,0.0,0.0,0.0,0.0,0.0,0.0,0.0,0.0,0.0,0.0,0.0,0.0,0.0,0.0,0.0,0.0,0.0,0.0,0.0,0.0,0.0,0.0,0.0,0.0,0.0,0.0,0.0,0.0,0.0,0.0,0.0,0.0,0.0,0.0,0.0,0.0,0.0,0.0,0.0,0.0
B09M869Z5V,570.0,999.0,43.0,429.0,0.4294294294294294,0.6332378223495702,0.6607538802660754,2,4.2,3201,8.07153089355666,33.900429752937974,2.394000000000001,0.376940133037694,0,16,1,0,0.875,0.9292,74,3,1,0.0,0.0,0.0,0.0,4,0.0,0.0,0.0,0.0,0.0,0.0,0.0,0.0,0.0,0.0,0.0,0.0,0.0,0.4692465132643679,0.0,0.0,0.3971848784504027,0.0,0.0,0.0,0.0,0.0,0.0,0.0,0.0,0.0,0.0,0.0,0.0,0.0,0.0,0.0,0.0,0.0,0.0,0.0,0.0,0.0,0.0,0.0,0.4176850118150214,0.0,0.6690225056189498,0.0,0.0,0.0,0.0,0.0,0.0,0.0
B07W6VWZ8C,899.0,1999.0,55.0,1100.0,0.5502751375687844,-0.357398141529664,0.400190114068441,2,4.1,30469,10.324497871979757,42.33044127511699,1.845,0.779467680608365,1,24,1,1,0.875,0.9849,54,4,2,1.2,0.0,1.1,0.0,0,0.0,0.0,0.0,0.2102337065372543,0.0,0.3789851071781274,0.0,0.0,0.0,0.0,0.0,0.0,0.0,0.0,0.0,0.0,0.0,0.0,0.0,0.0,0.0,0.0,0.0,0.0,0.0,0.0,0.4075756595204309,0.0,0.4247080917528727,0.0,0.4049758445842986,0.0,0.0,0.0,0.0,0.0,0.0,0.0,0.0,0.0,0.0,0.3975450283670107,0.0,0.0,0.0,0.0,0.0,0.0,0.0,0.3789851071781274
B07Z1X6VFC,449.0,999.0,55.0,550.0,0.5505505505505506,0.2865329512893982,0.5953436807095344,0,4.4,9940,9.204422898212146,40.49946075213344,1.98,0.5875831485587583,0,27,1,1,0.9629629629629628,0.944,102,5,1,1.2,0.0,0.0,0.0,0,0.0,0.0,0.0,0.233017503305054,0.0,0.0,0.0,0.0,0.0,0.0,0.0,0.0,0.0,0.0,0.0,0.0,0.0,0.0,0.0,0.0,0.0,0.0,0.0,0.0,0.8634182226276595,0.0,0.0,0.0,0.0,0.0,0.0,0.0,0.0,0.0,0.0,0.0,0.0,0.0,0.0,0.0,0.0,0.0,0.0,0.4474503503048941,0.0,0.0,0.0,0.0,0.0,0.0
B07YL54NVJ,549.0,999.0,45.0,450.0,0.4504504504504504,0.5730659025787965,0.6496674057649667,2,4.3,7758,8.95660873889395,38.51341757724399,2.365,0.5077605321507761,0,38,1,0,0.868421052631579,0.9697,334,3,1,0.0,0.0,0.0,0.0,4,0.0,0.0,0.0,0.0,0.0,0.0,0.0,0.0,0.0,0.0,0.0,0.0,0.2143580787839975,0.0,0.0,0.0,0.0,0.0,0.0,0.0,0.0,0.0,0.0,0.0,0.0,0.0,0.0,0.7887886164836155,0.0,0.0,0.2488670278529744,0.0,0.0,0.0,0.0,0.0,0.0,0.0,0.0,0.0,0.1996405569169781,0.0,0.479658193975046,0.0,0.0,0.0,0.0,0.0,0.0,0.0
B0759QMF85,1529.0,2399.0,36.0,870.0,0.3626511046269279,3.3810888252149,0.9135254988913526,2,4.3,68409,11.133274291755043,47.87307945454669,2.752,0.9401330376940134,1,30,1,1,0.9666666666666668,0.9985,124,3,1,0.0,0.0,1.1,0.0,3,0.7241400204273303,0.0,0.0,0.0,0.3673112024732845,0.0,0.0,0.2499558415056322,0.0,0.0,0.0,0.0,0.0,0.0,0.0,0.0,0.0,0.0,0.0,0.0,0.0,0.0,0.0,0.0,0.0,0.0,0.0,0.0,0.0,0.0,0.0,0.0,0.0,0.0,0.0,0.0,0.3916732319116403,0.0,0.0,0.0,0.0,0.0,0.0,0.0,0.0,0.0,0.0,0.0,0.0,0.3532957232323043
B00LM4X0KU,100.0,100.0,0.0,0.0,0.0,-0.4382022471910112,0.2258064516129032,0,4.3,3095,8.037866234709618,34.56282480925135,4.3,0.3225806451612903,0,5,0,1,1.0,0.9468,9,7,7,0.0,1.4,0.0,0.0,2,0.0,0.0,0.0,0.0,1.0,0.0,0.0,0.0,0.0,0.0,0.0,0.0,0.0,0.0,0.0,0.0,0.0,0.0,0.0,0.0,0.0,0.0,0.0,0.0,0.0,0.0,0.0,0.0,0.0,0.0,0.0,0.0,0.0,0.0,0.0,0.0,0.0,0.0,0.0,0.0,0.0,0.0,0.0,0.0,0.0,0.0,0.0,0.0,0.0,0.0
B08PFSZ7FH,299.0,1499.0,80.0,1200.0,0.800533689126084,-0.1432664756446991,0.3880266075388026,0,4.2,903,6.806829360392176,28.58868331364714,0.8399999999999999,0.1707317073170731,0,25,1,1,0.92,0.9534,101,4,1,1.2,0.0,0.0,0.0,0,0.0,0.0,0.0,0.3110011430516946,0.0,0.0,0.0,0.0,0.0,0.0,0.0,0.0,0.2580068621477808,0.0,0.0,0.0,0.0,0.0,0.0,0.0,0.0,0.0,0.0,0.0,0.8642828876378246,0.0,0.0,0.0,0.0,0.0,0.2995427152204152,0.0,0.0,0.0,0.0,0.0,0.0,0.0,0.0,0.0,0.0,0.0,0.0,0.0,0.0,0.0,0.0,0.0,0.0,0.0
B012MQS060,1295.0,1795.0,28.0,500.0,0.2785515320334262,2.710601719197708,0.8702882483370288,2,4.1,25771,10.157043910258531,41.64388003205998,2.9519999999999995,0.8425720620842572,1,22,1,1,0.9090909090909092,0.9802,121,4,1,0.0,0.0,1.1,0.0,3,0.0,0.0,0.6627334689284188,0.1793638581347093,0.0,0.0,0.0,0.0,0.0,0.0,0.0,0.0,0.0,0.0,0.0,0.0,0.0,0.0,0.0,0.0,0.0,0.0,0.0,0.0,0.3323055594488284,0.0,0.0,0.0,0.0,0.0,0.0,0.0,0.0,0.0,0.0,0.0,0.0,0.0,0.0,0.0,0.0,0.0,0.0,0.0,0.0,0.0,0.0,0.0,0.0,0.6466730013821032
B01MF8MB65,699.0,999.0,30.0,300.0,0.3003003003003003,-0.5003573981415297,0.3650190114068441,2,4.1,273189,12.517922802787774,51.32348349142987,2.87,0.9790874524714828,1,9,1,1,0.7777777777777778,0.9998,69,4,2,0.0,0.0,1.1,0.0,3,0.0,0.0,0.0,0.0,0.6950493594026721,0.0,0.0,0.0,0.0,0.0,0.0,0.0,0.0,0.0,0.0,0.0,0.0,0.0,0.0,0.0,0.0,0.0,0.0,0.0,0.0,0.0,0.718962021245862,0.0,0.0,0.0,0.0,0.0,0.0,0.0,0.0,0.0,0.0,0.0,0.0,0.0,0.0,0.0,0.0,0.0,0.0,0.0,0.0,0.0,0.0,0.0
B00LHZWD0C,252.0,315.0,20.0,63.0,0.2,0.4157303370786517,0.6451612903225806,0,4.5,3785,8.239065331769268,37.07579399296171,3.6,0.4516129032258064,0,12,1,0,1.0,0.9154,11,6,7,0.0,1.4,0.0,0.0,2,0.0,0.0,0.0,0.0,0.0,0.0,0.0,0.0,0.0,0.0,0.0,0.0,0.0,0.0,0.0,0.0,0.0,0.0,0.0,0.0,0.0,0.0,0.0,0.0,0.0,0.0,0.0,0.0,0.0,0.0,0.0,0.0,0.0,0.0,0.0,0.0,0.0,0.0,0.0,0.0,0.0,0.0,0.0,0.0,0.0,0.0,0.0,0.0,0.0,0.0
B08QDPB1SL,190.0,220.0,14.0,30.0,0.1363636363636363,-0.8641887062187277,0.0570342205323193,0,4.4,2866,7.96102146588337,35.02849444988683,3.784,0.3060836501901141,0,9,1,0,0.8888888888888888,0.749,8,3,2,0.0,1.4,0.0,0.0,2,0.7071067811865475,0.0,0.7071067811865475,0.0,0.0,0.0,0.0,0.0,0.0,0.0,0.0,0.0,0.0,0.0,0.0,0.0,0.0,0.0,0.0,0.0,0.0,0.0,0.0,0.0,0.0,0.0,0.0,0.0,0.0,0.0,0.0,0.0,0.0,0.0,0.0,0.0,0.0,0.0,0.0,0.0,0.0,0.0,0.0,0.0,0.0,0.0,0.0,0.0,0.0,0.0
B07BRKK9JQ,1299.0,1599.0,19.0,300.0,0.1876172607879924,2.722063037249284,0.8758314855875832,2,4.3,27223,10.211854216180742,43.91097312957719,3.483,0.8536585365853658,1,10,0,0,0.9,0.9827,50,4,1,0.0,1.4,1.1,0.0,2,0.0,0.0,0.0,0.0,0.0,0.0,0.7236452949139152,0.4953148330241055,0.0,0.0,0.0,0.0,0.0,0.0,0.0,0.0,0.0,0.0,0.0,0.0,0.0,0.0,0.0,0.0,0.0,0.0,0.0,0.0,0.0,0.0,0.0,0.0,0.0,0.0,0.0,0.0,0.0,0.0,0.0,0.0,0.0,0.0,0.4806253253161502,0.0,0.0,0.0,0.0,0.0,0.0,0.0
B01EZ0X3L8,729.0,1650.0,56.0,921.0,0.5581818181818182,1.0888252148997135,0.7427937915742794,2,4.3,82356,11.318818735029057,48.67092056062494,1.892,0.951219512195122,1,10,1,1,1.0,-0.393,63,3,1,1.2,0.0,1.1,0.0,0,0.0,0.0,0.0,0.4046448556322327,0.0,0.0,0.0,0.0,0.0,0.0,0.0,0.0,0.0,0.0,0.0,0.0,0.0,0.0,0.0,0.0,0.0,0.0,0.0,0.0,0.0,0.0,0.0,0.0,0.0,0.0,0.0,0.0,0.0,0.0,0.0,0.0,0.0,0.0,0.0,0.0,0.0,0.765170120721698,0.500776624020243,0.0,0.0,0.0,0.0,0.0,0.0,0.0
B00LM4W1N2,480.0,600.0,20.0,120.0,0.2,1.696629213483146,0.8387096774193549,0,4.3,5719,8.651724084373843,37.20241356280752,3.44,0.6451612903225806,0,7,0,1,1.0,0.9842,86,7,7,0.0,1.4,0.0,0.0,2,0.0,0.0,0.0,0.0,0.0,0.0,0.0,0.0,0.0,0.0,0.0,0.0,0.0,0.0,0.0,0.0,0.0,0.0,0.0,0.0,0.0,0.0,0.0,0.0,0.0,0.0,0.0,0.0,0.0,0.0,0.0,0.0,0.0,0.0,0.0,0.0,0.0,0.0,0.0,0.0,0.0,0.0,0.0,0.0,0.0,0.0,0.0,0.0,0.0,0.0
B0949SBKMP,1799.0,6990.0,74.0,5191.0,0.7426323319027182,0.2859185132237312,0.5855513307984791,2,4.0,26880,10.199174996326049,40.79669998530419,1.04,0.7309885931558935,1,30,1,1,0.9666666666666668,0.9951,134,3,2,1.2,0.0,0.0,0.0,0,0.0,0.0,0.383345345563966,0.2074991030391521,0.0,0.0,0.0,0.0,0.0,0.0,0.0,0.0,0.0,0.0,0.0,0.0,0.0,0.0,0.0,0.0,0.0,0.0,0.0,0.0,0.0,0.0,0.0,0.0,0.0,0.0,0.0,0.0,0.0,0.0,0.0,0.3273079424651117,0.0,0.0,0.0,0.0,0.0,0.0,0.0,0.0,0.8383674487190244,0.0,0.0,0.0,0.0,0.0
B08YD264ZS,999.0,2499.0,60.0,1500.0,0.6002400960384153,1.8624641833810889,0.8270509977827051,2,4.3,1690,7.43307534889858,31.96222400026389,1.72,0.2616407982261641,0,20,0,1,0.85,0.9983,322,4,1,1.2,0.0,0.0,0.0,0,0.0,0.0,0.0,0.3504322526033393,0.0,0.0,0.0,0.0,0.0,0.0,0.0,0.0,0.0,0.0,0.0,0.0,0.0,0.0,0.0,0.0,0.0,0.0,0.0,0.0,0.6492421994112484,0.0,0.0,0.0,0.0,0.0,0.6750420748657037,0.0,0.0,0.0,0.0,0.0,0.0,0.0,0.0,0.0,0.0,0.0,0.0,0.0,0.0,0.0,0.0,0.0,0.0,0.0
B094JNXNPV,299.0,399.0,25.0,100.0,0.2506265664160401,-0.1432664756446991,0.3880266075388026,0,4.0,2766,7.925518979786926,31.702075919147703,3.0,0.3403547671840354,0,20,1,1,0.8,0.761,111,5,1,0.0,0.0,0.0,0.0,4,0.0,0.0,0.0,0.2642371230634636,0.0,0.0,0.4923602102093914,0.3370067034521234,0.0,0.0,0.3802065030058892,0.0,0.0,0.0,0.0,0.0,0.3882807240149167,0.0,0.0,0.0,0.0,0.0,0.0,0.0,0.0,0.0,0.0,0.0,0.0,0.0,0.0,0.0,0.0,0.0,0.0,0.0,0.5280792956143283,0.0,0.0,0.0,0.0,0.0,0.0,0.0,0.0,0.0,0.0,0.0,0.0,0.0
B00GZLB57U,238.0,699.0,66.0,461.0,0.6595135908440629,-0.318051575931232,0.2904656319290465,0,4.4,8372,9.032767522204432,39.74417709769951,1.496,0.5365853658536586,0,25,1,1,0.92,0.9383,143,5,1,1.2,0.0,0.0,0.0,0,0.4126652644954818,0.0,0.0,0.0,0.0,0.0,0.0,0.5697687769624586,0.0,0.0,0.0,0.0,0.0,0.0,0.0,0.0,0.0,0.0,0.0,0.0,0.0,0.0,0.0,0.0,0.0,0.0,0.0,0.0,0.0,0.0,0.0,0.0,0.0,0.0,0.0,0.0,0.4464052069577262,0.0,0.0,0.0,0.0,0.0,0.0,0.4289239049870862,0.0,0.0,0.0,0.0,0.3490237745616142,0.0
B07V82W5CN,1349.0,2198.0,39.0,849.0,0.3862602365787079,2.865329512893983,0.8824833702882483,2,4.0,7113,8.8698199525084,35.4792798100336,2.44,0.4722838137472284,0,22,1,1,0.9090909090909092,0.9371,58,4,1,0.0,0.0,0.0,0.0,4,0.0,0.0,0.0,0.2281131663908951,0.0,0.0,0.0,0.0,0.0,0.0,0.0,0.0,0.0,0.0,0.0,0.0,0.0,0.0,0.0,0.0,0.0,0.0,0.0,0.0,0.0,0.0,0.0,0.0,0.0,0.0,0.0,0.0,0.0,0.0,0.0,0.0,0.0,0.0,0.0,0.0,0.0,0.0,0.2823061748340214,0.4380328291353331,0.0,0.0,0.0,0.0,0.0,0.822432275369467
B077Z65HSD,299.0,999.0,70.0,700.0,0.7007007007007007,-0.1432664756446991,0.3880266075388026,0,4.3,20850,9.94515718770752,42.76417590714234,1.29,0.7649667405764967,1,13,1,1,0.9230769230769232,0.9849,106,5,1,1.2,0.0,1.1,0.0,0,0.0,0.0,0.0,0.2657967281854496,0.0,0.0,0.0,0.3389958160141813,0.0,0.0,0.0,0.0,0.0,0.4614344102572227,0.0,0.0,0.0,0.0,0.0,0.0,0.0,0.0,0.0,0.0,0.0,0.0,0.0,0.0,0.0,0.0,0.0,0.0,0.0,0.0,0.0,0.0,0.0,0.0,0.0,0.0,0.4107313142496625,0.0,0.6578844948287683,0.0,0.0,0.0,0.0,0.0,0.0,0.0
B08HD7JQHX,199.0,499.0,60.0,300.0,0.6012024048096193,-0.4297994269340974,0.2139689578713969,0,3.3,2804,7.9391588179567965,26.199224099257428,1.32,0.3436807095343681,0,14,0,1,0.9285714285714286,0.95,95,4,1,0.0,0.0,0.0,0.0,4,0.0,0.0,0.0,0.4584226388151722,0.0,0.0,0.0,0.0,0.0,0.0,0.0,0.0,0.0,0.0,0.0,0.0,0.0,0.0,0.0,0.0,0.0,0.0,0.0,0.0,0.0,0.0,0.8887343158794613,0.0,0.0,0.0,0.0,0.0,0.0,0.0,0.0,0.0,0.0,0.0,0.0,0.0,0.0,0.0,0.0,0.0,0.0,0.0,0.0,0.0,0.0,0.0
B0B31FR4Y2,1999.0,9999.0,80.0,8000.0,0.8000800080008,0.4288777698355968,0.6254752851711026,2,3.7,1986,7.594381242551817,28.09921059744173,0.7399999999999999,0.2699619771863117,0,32,1,1,0.9375,0.9909,52,4,2,0.0,0.0,0.0,0.0,4,0.0,0.0,0.0,0.2365225498138919,0.0,0.426375605356972,0.0,0.0,0.0,0.0,0.3403284538682236,0.0,0.0,0.0,0.0,0.0,0.3475558082939581,0.0,0.0,0.0,0.0,0.0,0.0,0.0,0.0,0.0,0.4585412863601316,0.0,0.0,0.0,0.0,0.0,0.0,0.0,0.0,0.0,0.0,0.0,0.0,0.0,0.3654944076924841,0.0,0.0,0.0,0.0,0.0,0.0,0.0,0.0,0.426375605356972
B09Y14JLP3,99.0,499.0,80.0,400.0,0.8016032064128257,-0.9292351679771264,0.0180608365019011,0,4.1,2451,7.804659297056102,31.999103117930016,0.8199999999999997,0.2937262357414448,0,21,1,1,0.8571428571428571,0.936,185,4,2,1.2,0.0,0.0,0.0,0,0.0,0.0,0.0,0.0,0.0,0.0,0.0,0.0,0.0,0.0,0.0,0.0,0.0,0.0,0.0,0.0,0.0,0.0,0.0,0.0,0.4751761863401836,0.0,0.0,0.4569199658062968,0.0,0.0,0.0,0.0,0.0,0.0,0.4612270225966101,0.0,0.0,0.0,0.4612270225966101,0.0,0.0,0.0,0.0,0.0,0.0,0.0,0.0,0.0,0.0,0.0,0.0,0.0,0.3741269891842924,0.0
B09ZHCJDP1,499.0,1000.0,50.0,501.0,0.501,0.4297994269340974,0.6219512195121951,0,5.0,23,3.1780538303479458,15.890269151739728,2.5,0.0066518847006651,0,29,1,0,0.9310344827586208,0.9935,93,4,1,1.2,0.0,0.0,1.0,0,0.0,0.4786877633654482,0.459091787671231,0.0,0.0,0.0,0.0,0.0,0.0,0.0,0.0,0.0,0.0,0.0,0.0,0.0,0.0,0.0,0.0,0.0,0.0,0.0,0.0,0.0,0.4603924820248632,0.0,0.0,0.0,0.0,0.0,0.0,0.0,0.0,0.0,0.0,0.0,0.0,0.0,0.0,0.0,0.3840022219579803,0.0,0.0,0.0,0.0,0.0,0.0,0.0,0.0,0.4479663064599143
B08C4Z69LN,1792.0,3500.0,49.0,1708.0,0.488,4.134670487106018,0.9312638580931264,2,4.5,26194,10.17332383184232,45.77995724329044,2.295,0.8492239467849224,1,13,1,0,0.9230769230769232,0.9936,82,3,1,1.2,0.0,1.1,0.0,0,0.0,0.0,0.0,0.0,0.0,0.0,0.0,0.0,0.0,0.0,0.0,0.0,0.0,0.0,0.0,0.0,0.0,0.0,0.0,0.0,0.0,0.0,0.0,0.0,0.6811318337209821,0.0,0.0,0.0,0.0,0.0,0.0,0.0,0.7321607918291532,0.0,0.0,0.0,0.0,0.0,0.0,0.0,0.0,0.0,0.0,0.0,0.0,0.0,0.0,0.0,0.0,0.0
B016XVRKZM,3299.0,4100.0,20.0,801.0,0.1953658536585366,8.45272206303725,0.9645232815964524,3,3.9,15783,9.66675204770245,37.70033298603956,3.12,0.7095343680709535,1,23,1,0,0.9130434782608696,0.9693,100,3,1,0.0,0.0,0.0,0.0,4,0.0,0.0,0.0,0.0,0.0,0.0,0.0,0.0,0.0,0.0,0.0,0.0,0.0,0.0,0.0,0.0,0.0,0.0,0.0,0.0,1.0,0.0,0.0,0.0,0.0,0.0,0.0,0.0,0.0,0.0,0.0,0.0,0.0,0.0,0.0,0.0,0.0,0.0,0.0,0.0,0.0,0.0,0.0,0.0,0.0,0.0,0.0,0.0,0.0,0.0
B00LHZW3XY,125.0,180.0,31.0,55.0,0.3055555555555556,-0.297752808988764,0.3548387096774194,0,4.4,8053,8.9939241414114,39.573266222210165,3.036,0.8387096774193549,0,13,1,0,1.0,0.9736,8,6,7,0.0,1.4,1.1,0.0,2,0.0,0.0,0.0,0.0,0.0,0.0,0.0,0.0,0.0,0.0,0.0,0.0,0.0,0.0,0.0,0.0,0.0,0.0,0.0,0.0,0.0,0.0,0.0,0.0,0.0,0.0,0.0,0.0,0.0,0.0,0.0,0.0,0.0,0.0,0.0,0.0,0.0,0.0,0.0,0.0,0.0,0.0,0.0,0.0,0.0,0.0,0.0,0.0,0.0,0.0
B098JYT4SY,399.0,1190.0,66.0,791.0,0.6647058823529411,0.1432664756446991,0.5598669623059866,0,4.1,2809,7.940939762327791,32.55785302554394,1.3939999999999997,0.3547671840354767,0,22,1,1,0.9090909090909092,0.7541,46,4,1,1.2,0.0,0.0,0.0,0,0.0,0.0,0.0,0.2838336678101911,0.0,0.0,0.0,0.0,0.0,0.0,0.0,0.0,0.0,0.0,0.0,0.0,0.0,0.507670189152767,0.0,0.0,0.0,0.0,0.0,0.0,0.525855692183209,0.0,0.0,0.0,0.0,0.0,0.0,0.0,0.0,0.0,0.0,0.0,0.0,0.0,0.0,0.0,0.0,0.0,0.351264235714031,0.0,0.0,0.0,0.0,0.0,0.0,0.5116626386299509
B08CFCK6CW,1199.0,7999.0,85.0,6800.0,0.8501062632829104,-0.1429592566118656,0.4543726235741445,2,3.6,25910,10.162422867948395,36.58472232461423,0.5400000000000001,0.7224334600760456,1,31,1,0,0.935483870967742,0.381,226,4,2,0.0,0.0,0.0,0.0,4,0.3835421280722029,0.0,0.0,0.0,0.0,0.0,0.0,0.0,0.0,0.0,0.2987203512021587,0.0,0.0,0.0,0.0,0.0,0.3050640989193385,0.3713272791422513,0.3497657183211309,0.0,0.0,0.0,0.0,0.0,0.0,0.0,0.4024806405262417,0.0,0.0,0.0,0.0,0.3814027328005486,0.0,0.0,0.0,0.0,0.0,0.0,0.0,0.0,0.3208095490910642,0.0,0.0,0.0,0.0,0.0,0.0,0.0,0.0,0.0
B09P564ZTJ,235.0,1599.0,85.0,1364.0,0.8530331457160726,-0.326647564469914,0.2882483370288248,0,3.8,1173,7.068172000388042,26.85905360147456,0.5700000000000001,0.2106430155210643,0,19,1,0,0.9473684210526316,0.9949,273,4,1,1.2,0.0,0.0,0.0,0,0.0,0.0,0.0,0.0,0.0,0.0,0.0,0.0,0.0,0.0,0.0,0.0,0.0,0.0,0.0,0.0,0.0,0.0,0.0,0.0,0.0,0.0,0.0,0.0,0.0,0.0,0.0,0.0,0.0,0.0,1.0,0.0,0.0,0.0,0.0,0.0,0.0,0.0,0.0,0.0,0.0,0.0,0.0,0.0,0.0,0.0,0.0,0.0,0.0,0.0
B07MSLTW8Z,549.0,1999.0,73.0,1450.0,0.7253626813406704,0.5730659025787965,0.6496674057649667,2,3.6,6422,8.767640577257792,31.56350607812805,0.972,0.458980044345898,0,16,0,1,0.9375,0.1823,115,4,1,0.0,0.0,0.0,0.0,4,0.0,0.0,0.0,0.3504322526033393,0.0,0.0,0.0,0.0,0.0,0.0,0.0,0.0,0.0,0.0,0.0,0.0,0.0,0.0,0.0,0.0,0.0,0.0,0.0,0.0,0.6492421994112484,0.0,0.0,0.0,0.0,0.0,0.6750420748657037,0.0,0.0,0.0,0.0,0.0,0.0,0.0,0.0,0.0,0.0,0.0,0.0,0.0,0.0,0.0,0.0,0.0,0.0,0.0
B09N6TTHT6,89.0,99.0,10.0,10.0,0.101010101010101,-0.7449856733524355,0.0277161862527716,0,4.2,241,5.488937726156687,23.053538449858085,3.78,0.0620842572062084,0,29,1,0,0.9655172413793104,0.7933,91,4,1,0.0,0.0,0.0,0.0,4,0.0,0.0,0.0,0.0,0.0,0.0,0.0,0.0,0.0,0.0,0.0,0.0,0.0,0.0,0.0,0.0,0.0,0.0,0.0,0.0,0.0,0.0,0.0,0.0,0.0,0.8307835959961131,0.0,0.0,0.3867014007502002,0.0,0.1843674860589518,0.0,0.0,0.0,0.0,0.0,0.0,0.0,0.0,0.0,0.0,0.0,0.3553438804396417,0.0,0.0,0.0,0.0,0.0,0.0,0.0
B09W5XR9RT,970.0,1999.0,51.0,1029.0,0.5147573786893447,1.779369627507163,0.8104212860310421,2,4.4,184,5.220355825078324,22.96956563034463,2.156,0.0532150776053215,0,27,1,1,0.8888888888888888,0.9686,57,5,1,1.2,0.0,0.0,1.0,0,0.0,0.0,0.0,0.1770616676411793,0.0,0.0,0.3299238157346206,0.4516471283647588,0.3478163294901784,0.0,0.2547711566405266,0.0,0.0,0.0,0.0,0.0,0.260181581262878,0.0,0.0,0.0,0.0,0.0,0.3576948921515635,0.3378910702622252,0.0,0.0,0.0,0.0,0.0,0.0,0.0,0.0,0.0,0.0,0.0,0.0,0.0,0.0,0.334817793228839,0.0,0.0,0.0,0.2191263349343839,0.0,0.0,0.0,0.0,0.0,0.0,0.0
B098R25TGC,1299.0,2999.0,57.0,1700.0,0.5668556185395132,-0.0714796283059328,0.4771863117870722,2,3.8,14629,9.59082949401417,36.44515207725384,1.634,0.5779467680608364,1,31,1,1,0.9032258064516128,0.9985,125,4,2,1.2,0.0,0.0,0.0,0,0.0,0.0,0.0,0.0,0.0,0.4850515384424836,0.0,0.0,0.0,0.0,0.0,0.0,0.0,0.0,0.0,0.0,0.0,0.0,0.0,0.0,0.0,0.0,0.0,0.0,0.0,0.0,0.5216437188102379,0.0,0.0,0.0,0.0,0.0,0.0,0.0,0.0,0.0,0.0,0.0,0.0,0.0,0.0,0.0,0.0,0.0,0.0,0.5072847728199469,0.0,0.0,0.0,0.4850515384424836
B0B2PQL5N3,230.0,999.0,77.0,769.0,0.7697697697697697,-0.3409742120343839,0.2860310421286031,0,4.2,1528,7.332369205929062,30.795950664902065,0.966,0.2483370288248337,0,24,0,1,0.875,0.9931,80,5,1,1.2,0.0,0.0,0.0,0,0.0,0.0,0.0,0.3456302919738974,0.0,0.0,0.0,0.0,0.0,0.0,0.0,0.0,0.0,0.0,0.0,0.0,0.0,0.0,0.0,0.0,0.6859279416488101,0.0,0.0,0.0,0.6403456567631777,0.0,0.0,0.0,0.0,0.0,0.0,0.0,0.0,0.0,0.0,0.0,0.0,0.0,0.0,0.0,0.0,0.0,0.0,0.0,0.0,0.0,0.0,0.0,0.0,0.0
B07DKZCZ89,119.0,499.0,76.0,380.0,0.7615230460921844,-0.91493924231594,0.0304182509505703,0,4.3,15032,9.618003063627834,41.35741317359968,1.032,0.5836501901140685,1,25,0,0,0.96,0.9962,137,3,2,1.2,0.0,0.0,0.0,0,0.0,0.0,0.0,0.0,0.0,0.0,0.0,0.0,0.0,0.0,0.0,0.0,0.0,0.0,0.0,0.0,0.0,0.0,0.0,0.0,0.0,0.0,0.0,0.0,0.0,0.0,0.0,0.0,0.0,0.0,0.0,0.0,0.0,0.0,0.0,0.0,0.0,1.0,0.0,0.0,0.0,0.0,0.0,0.0,0.0,0.0,0.0,0.0,0.0,0.0
B08GYG6T12,449.0,800.0,44.0,351.0,0.43875,-0.6790564689063617,0.2728136882129277,0,4.4,69585,11.150318676663964,49.06140217732145,2.4640000000000004,0.903041825095057,1,17,1,0,0.8823529411764706,0.9666,59,4,2,0.0,0.0,1.1,0.0,3,0.0,0.0,0.0,0.0,0.0,0.0,0.0,0.0,0.0,0.0,0.0,0.0,0.0,0.0,0.0,0.0,0.0,0.0,0.5300843748208228,0.0,0.0,0.0,0.0,0.0,0.0,0.0,0.0,0.0,0.0,0.0,0.0,0.0,0.0,0.0,0.0,0.0,0.0,0.0,0.0,0.0,0.0,0.5949642137406642,0.0,0.604175587009911,0.0,0.0,0.0,0.0,0.0,0.0
B09BN2NPBD,1699.0,3495.0,51.0,1796.0,0.5138769670958512,0.2144388849177984,0.5703422053231939,2,4.1,14371,9.573037148233407,39.249452307756975,2.009,0.5684410646387833,1,26,1,0,0.8846153846153846,0.5202,112,6,2,1.2,0.0,0.0,0.0,0,0.0,0.0,0.0,0.0,0.0,0.0,0.0,0.0,0.0,0.0,0.0,0.0,0.0,0.0,0.0,0.0,0.0,0.0,0.0,0.0,0.0,0.0,0.0,0.0,0.0,0.6517576303932866,0.0,0.0,0.7584273143974497,0.0,0.0,0.0,0.0,0.0,0.0,0.0,0.0,0.0,0.0,0.0,0.0,0.0,0.0,0.0,0.0,0.0,0.0,0.0,0.0,0.0
B00J4YG0PC,561.0,720.0,22.0,159.0,0.2208333333333333,2.151685393258427,0.935483870967742,2,4.4,3182,8.065579427282092,35.48854948004121,3.4320000000000004,0.3548387096774194,0,14,1,0,0.9285714285714286,0.9928,47,6,7,0.0,1.4,0.0,0.0,2,0.0,0.0,0.0,0.0,0.0,0.0,0.0,0.0,0.0,0.0,0.0,0.0,0.0,0.0,0.0,0.0,0.0,0.0,0.0,0.0,0.0,0.0,0.0,0.0,0.0,0.0,0.0,0.0,0.0,1.0,0.0,0.0,0.0,0.0,0.0,0.0,0.0,0.0,0.0,0.0,0.0,0.0,0.0,0.0,0.0,0.0,0.0,0.0,0.0,0.0
B073BRXPZX,289.0,590.0,51.0,301.0,0.5101694915254237,-0.1719197707736389,0.3458980044345898,0,4.4,25886,10.161496191176417,44.71058324117624,2.156,0.844789356984479,1,28,1,1,0.9285714285714286,0.9948,69,4,1,1.2,0.0,1.1,0.0,0,0.0,0.0,0.0,0.0,0.0,0.0,0.0,0.0,0.0,0.0,0.0,0.0,0.0,0.0,0.0,0.0,0.0,0.0,0.0,0.0,0.0,0.0,0.0,0.0,0.0,0.0,0.0,0.0,0.0,0.0,0.0,0.0,0.0,0.0,0.0,0.0,0.0,0.0,0.0,0.0,0.0,0.0,1.0,0.0,0.0,0.0,0.0,0.0,0.0,0.0
B08LHTJTBB,599.0,1999.0,70.0,1400.0,0.7003501750875438,0.7163323782234957,0.6873614190687362,2,4.4,4736,8.463159302923751,37.237900932864505,1.3200000000000005,0.4146341463414634,0,24,1,1,0.875,0.9968,259,4,1,1.2,0.0,0.0,0.0,0,0.0,0.0,0.0,0.0,0.0,0.0,0.0,0.0,0.0,0.0,0.0,0.0,0.5274331679272019,0.0,0.0,0.0,0.0,0.0,0.0,0.0,0.0,0.0,0.0,0.0,0.5889397121938893,0.0,0.0,0.0,0.0,0.0,0.6123432605747,0.0,0.0,0.0,0.0,0.0,0.0,0.0,0.0,0.0,0.0,0.0,0.0,0.0,0.0,0.0,0.0,0.0,0.0,0.0
B07VTFN6HM,5599.0,7350.0,24.0,1751.0,0.2382312925170068,15.04297994269341,0.9822616407982262,3,4.4,73005,11.198296908533791,49.27250639754869,3.3440000000000003,0.9423503325942352,1,27,1,1,0.8518518518518519,0.9952,53,3,1,0.0,1.4,1.1,0.0,2,0.0,0.0,0.0,0.3334220173526124,0.0,0.0,0.0,0.0,0.0,0.0,0.0,0.0,0.5532144841913419,0.0,0.0,0.0,0.0,0.0,0.0,0.0,0.0,0.0,0.0,0.0,0.0,0.0,0.0,0.0,0.0,0.0,0.6422750438281757,0.0,0.0,0.0,0.0,0.0,0.0,0.0,0.0,0.0,0.0,0.0,0.412633325000462,0.0,0.0,0.0,0.0,0.0,0.0,0.0
B008QS9J6Y,1990.0,2595.0,23.0,605.0,0.233140655105973,4.7020057306590255,0.9456762749445676,2,4.3,20398,9.923241159022965,42.66993698379875,3.311,0.7560975609756098,1,25,1,1,0.92,0.9954,125,5,1,0.0,1.4,1.1,0.0,2,0.0,0.0,0.0,0.1365824374885398,0.0,0.0,0.0,0.0,0.0,0.0,0.0,0.0,0.0,0.0,0.0,0.0,0.0,0.0,0.9204347109815731,0.0,0.0,0.0,0.0,0.0,0.2530448651836334,0.0,0.2647894952488749,0.0,0.0,0.0,0.0,0.0,0.0,0.0,0.0,0.0,0.0,0.0,0.0,0.0,0.0,0.0,0.0,0.0,0.0,0.0,0.0,0.0,0.0,0.0
B09M8888DM,499.0,799.0,38.0,300.0,0.3754693366708385,0.4297994269340974,0.6219512195121951,0,4.3,2125,7.661997558901893,32.94658950327814,2.666,0.2971175166297117,0,19,1,0,0.8421052631578947,0.9673,74,3,1,0.0,0.0,0.0,0.0,4,0.0,0.0,0.0,0.0,0.0,0.0,0.0,0.0,0.0,0.0,0.0,0.0,0.0,0.0,0.0,0.0,0.0,0.3398153013203995,0.0,0.0,0.0,0.0,0.0,0.0,0.0,0.0,0.0,0.0,0.0,0.0,0.0,0.0,0.0,0.0,0.0,0.0,0.0,0.0,0.0,0.0,0.0,0.0,0.940492190817407,0.0,0.0,0.0,0.0,0.0,0.0,0.0
B07Z1YVP72,449.0,999.0,55.0,550.0,0.5505505505505506,0.2865329512893982,0.5953436807095344,0,4.3,11330,9.335297611380566,40.141779728936434,1.935,0.6341463414634146,1,27,1,1,0.9629629629629628,0.9834,102,5,1,1.2,0.0,0.0,0.0,0,0.0,0.0,0.0,0.233017503305054,0.0,0.0,0.0,0.0,0.0,0.0,0.0,0.0,0.0,0.0,0.0,0.0,0.0,0.0,0.0,0.0,0.0,0.0,0.0,0.0,0.8634182226276595,0.0,0.0,0.0,0.0,0.0,0.0,0.0,0.0,0.0,0.0,0.0,0.0,0.0,0.0,0.0,0.0,0.0,0.0,0.4474503503048941,0.0,0.0,0.0,0.0,0.0,0.0
B082FTPRSK,999.0,1999.0,50.0,1000.0,0.5002501250625313,1.8624641833810889,0.8270509977827051,2,4.2,27441,10.21982996548112,42.92328585502071,2.1,0.8558758314855875,1,18,0,1,0.8333333333333334,0.995,64,4,1,1.2,0.0,1.1,0.0,0,0.0,0.0,0.0,0.4094771966463757,0.0,0.0,0.0,0.0,0.0,0.0,0.0,0.0,0.0,0.0,0.0,0.0,0.0,0.0,0.0,0.0,0.0,0.0,0.0,0.0,0.7586341547744624,0.0,0.0,0.0,0.0,0.0,0.0,0.0,0.0,0.0,0.0,0.0,0.0,0.0,0.0,0.0,0.0,0.0,0.5067569877527711,0.0,0.0,0.0,0.0,0.0,0.0,0.0
B09RF2QXGX,69.0,299.0,77.0,230.0,0.7692307692307693,-0.8022922636103151,0.0221729490022172,0,4.3,255,5.545177444479562,23.84426301126212,0.989,0.0665188470066518,0,26,1,1,0.8461538461538461,0.9758,146,4,1,1.2,0.0,0.0,0.0,0,0.0,0.0,0.0,0.373056161363583,0.0,0.0,0.0,0.0,0.0,0.0,0.0,0.0,0.6189755359343835,0.0,0.0,0.0,0.0,0.0,0.0,0.0,0.0,0.0,0.0,0.0,0.6911572804965675,0.0,0.0,0.0,0.0,0.0,0.0,0.0,0.0,0.0,0.0,0.0,0.0,0.0,0.0,0.0,0.0,0.0,0.0,0.0,0.0,0.0,0.0,0.0,0.0,0.0
B01KK0HU3Y,899.0,1499.0,40.0,600.0,0.400266844563042,1.5759312320916905,0.7882483370288248,2,4.2,23174,10.050829390434057,42.21348343982304,2.52,0.7915742793791575,1,25,1,1,0.88,0.9449,100,4,1,0.0,0.0,1.1,0.0,3,0.0,0.0,0.4361361159238346,0.0,0.0,0.0,0.0,0.0,0.0,0.0,0.0,0.0,0.0,0.0,0.0,0.0,0.0,0.0,0.0,0.0,0.0,0.0,0.0,0.0,0.0,0.0,0.0,0.0,0.0,0.0,0.0,0.0,0.0,0.0,0.0,0.0,0.0,0.0,0.0,0.0,0.0,0.0,0.292158216924281,0.0,0.0,0.0,0.0,0.0,0.0,0.8511338700054747
B07JF9B592,478.0,699.0,32.0,221.0,0.3161659513590844,-0.2507836990595611,0.5,0,3.8,20218,9.9143780353673,37.67463653439575,2.584,0.5,1,7,1,1,1.0,0.9967,153,3,6,0.0,0.0,0.0,0.0,4,0.0,0.0,0.0,1.0,0.0,0.0,0.0,0.0,0.0,0.0,0.0,0.0,0.0,0.0,0.0,0.0,0.0,0.0,0.0,0.0,0.0,0.0,0.0,0.0,0.0,0.0,0.0,0.0,0.0,0.0,0.0,0.0,0.0,0.0,0.0,0.0,0.0,0.0,0.0,0.0,0.0,0.0,0.0,0.0,0.0,0.0,0.0,0.0,0.0,0.0
B086394NY5,1399.0,2490.0,44.0,1091.0,0.438152610441767,3.008595988538682,0.8869179600886918,2,4.3,11074,9.312445594913337,40.04351605812735,2.408,0.6274944567627494,1,18,0,1,0.9444444444444444,0.9716,35,3,1,0.0,0.0,0.0,0.0,4,0.0,0.0,0.0,0.3456302919738974,0.0,0.0,0.0,0.0,0.0,0.0,0.0,0.0,0.0,0.0,0.0,0.0,0.0,0.0,0.0,0.0,0.6859279416488101,0.0,0.0,0.0,0.6403456567631777,0.0,0.0,0.0,0.0,0.0,0.0,0.0,0.0,0.0,0.0,0.0,0.0,0.0,0.0,0.0,0.0,0.0,0.0,0.0,0.0,0.0,0.0,0.0,0.0,0.0
B00NH11PEY,199.0,750.0,73.0,551.0,0.7346666666666667,-0.4297994269340974,0.2139689578713969,0,4.5,74976,11.224936678819944,50.51221505468975,1.215,0.9456762749445676,1,17,1,1,0.8823529411764706,0.9387,91,5,1,1.2,0.0,1.1,0.0,0,0.0,0.0,0.0,0.4903956389465643,0.0,0.0,0.0,0.6254481420045821,0.0,0.0,0.0,0.0,0.0,0.0,0.0,0.0,0.0,0.0,0.0,0.0,0.0,0.0,0.0,0.0,0.0,0.0,0.0,0.0,0.0,0.0,0.0,0.0,0.0,0.0,0.0,0.0,0.0,0.0,0.0,0.0,0.0,0.0,0.6068992823897611,0.0,0.0,0.0,0.0,0.0,0.0,0.0
B017PDR9N0,149.0,499.0,70.0,350.0,0.7014028056112225,-0.5730659025787965,0.0997782705099778,0,4.1,25607,10.1506600816497,41.61770633476376,1.23,0.8403547671840355,1,24,0,1,0.9583333333333334,0.9569,104,4,1,1.2,0.0,1.1,0.0,0,0.0,0.0,0.0,0.3372576307811868,0.0,0.0,0.0,0.0,0.0,0.0,0.0,0.0,0.0,0.0,0.0,0.0,0.0,0.0,0.0,0.0,0.0,0.0,0.6813181727963813,0.0,0.0,0.0,0.0,0.0,0.0,0.0,0.649663634427279,0.0,0.0,0.0,0.0,0.0,0.0,0.0,0.0,0.0,0.0,0.0,0.0,0.0,0.0,0.0,0.0,0.0,0.0,0.0
B07NC12T2R,1799.0,4990.0,64.0,3191.0,0.6394789579158316,0.2859185132237312,0.5855513307984791,2,4.2,41226,10.626848660502082,44.632764374108746,1.512,0.8365019011406845,1,16,1,1,0.875,0.9987,94,4,2,1.2,0.0,1.1,0.0,0,0.0,0.0,0.0,0.0,0.7207233822060392,0.693222768193232,0.0,0.0,0.0,0.0,0.0,0.0,0.0,0.0,0.0,0.0,0.0,0.0,0.0,0.0,0.0,0.0,0.0,0.0,0.0,0.0,0.0,0.0,0.0,0.0,0.0,0.0,0.0,0.0,0.0,0.0,0.0,0.0,0.0,0.0,0.0,0.0,0.0,0.0,0.0,0.0,0.0,0.0,0.0,0.0
B07WKBD37W,425.0,999.0,57.0,574.0,0.5745745745745746,0.2611275964391691,1.0,0,4.0,2581,7.856319571406588,31.42527828562635,1.7200000000000002,0.5,0,23,1,1,0.8260869565217391,0.799,87,3,5,1.2,0.0,0.0,0.0,0,0.0,0.5636973163204553,0.0,0.0,0.0,0.0,0.0,0.0,0.0,0.5848230788610017,0.0,0.0,0.0,0.0,0.0,0.0,0.0,0.0,0.0,0.0,0.0,0.0,0.0,0.0,0.0,0.0,0.0,0.0,0.0,0.0,0.0,0.0,0.0,0.0,0.0,0.0,0.0,0.0,0.0,0.0,0.0,0.0,0.362150608469497,0.0,0.0,0.0,0.0,0.0,0.4572463655293809,0.0
B08JMC1988,999.0,2490.0,60.0,1491.0,0.5987951807228916,-0.2859185132237312,0.4230038022813688,2,4.1,18331,9.816403445629014,40.24725412707895,1.64,0.6311787072243346,1,17,1,1,0.9411764705882352,0.9622,105,4,2,1.2,0.0,0.0,0.0,0,0.6673923800117948,0.0,0.0,0.3612495151698787,0.0,0.6512190099280885,0.0,0.0,0.0,0.0,0.0,0.0,0.0,0.0,0.0,0.0,0.0,0.0,0.0,0.0,0.0,0.0,0.0,0.0,0.0,0.0,0.0,0.0,0.0,0.0,0.0,0.0,0.0,0.0,0.0,0.0,0.0,0.0,0.0,0.0,0.0,0.0,0.0,0.0,0.0,0.0,0.0,0.0,0.0,0.0
B09GFN8WZL,378.0,999.0,62.0,621.0,0.6216216216216216,0.0830945558739255,0.516629711751663,0,4.1,1779,7.484368643286131,30.68591143747313,1.5579999999999998,0.2660753880266075,0,37,1,1,0.7837837837837838,0.7554,7,4,1,1.2,0.0,0.0,0.0,0,0.0,0.0,0.0,1.0,0.0,0.0,0.0,0.0,0.0,0.0,0.0,0.0,0.0,0.0,0.0,0.0,0.0,0.0,0.0,0.0,0.0,0.0,0.0,0.0,0.0,0.0,0.0,0.0,0.0,0.0,0.0,0.0,0.0,0.0,0.0,0.0,0.0,0.0,0.0,0.0,0.0,0.0,0.0,0.0,0.0,0.0,0.0,0.0,0.0,0.0
B095X38CJS,99.0,99.0,0.0,0.0,0.0,-0.4438202247191011,0.1935483870967742,0,4.3,388,5.963579343618446,25.64339117755932,4.3,0.032258064516129,0,29,1,1,0.9310344827586208,0.9592,40,5,7,0.0,0.0,0.0,0.0,4,0.6838672713849744,0.0,0.0,0.0,0.0,0.0,0.0,0.0,0.0,0.0,0.0,0.0,0.0,0.0,0.0,0.0,0.0,0.0,0.0,0.0,0.0,0.0,0.0,0.0,0.0,0.0,0.0,0.0,0.0,0.7296064385190622,0.0,0.0,0.0,0.0,0.0,0.0,0.0,0.0,0.0,0.0,0.0,0.0,0.0,0.0,0.0,0.0,0.0,0.0,0.0,0.0
B07ZKD8T1Q,1499.0,2999.0,50.0,1500.0,0.5001667222407469,3.2951289398280803,0.9057649667405764,2,4.5,8656,9.066123521215774,40.79755584547098,2.25,0.5476718403547672,0,36,1,0,0.75,0.9766,104,3,1,1.2,0.0,0.0,0.0,0,0.0,0.0,0.6748570814464028,0.0,0.0,0.0,0.0,0.0,0.0,0.0,0.0,0.0,0.0,0.0,0.0,0.0,0.0,0.0,0.0,0.0,0.0,0.0,0.0,0.0,0.0,0.0,0.0,0.0,0.737948453228031,0.0,0.0,0.0,0.0,0.0,0.0,0.0,0.0,0.0,0.0,0.0,0.0,0.0,0.0,0.0,0.0,0.0,0.0,0.0,0.0,0.0
B07G3YNLJB,1815.0,3100.0,41.0,1285.0,0.414516129032258,4.200573065902579,0.9356984478935698,2,4.5,92925,11.439558756474243,51.47801440413409,2.655,0.9600886917960088,1,11,1,0,1.0,0.9921,136,3,1,0.0,0.0,1.1,0.0,3,0.0,0.0,0.0,0.0,0.0,0.0,0.0,0.0,0.0,0.0,0.0,1.0,0.0,0.0,0.0,0.0,0.0,0.0,0.0,0.0,0.0,0.0,0.0,0.0,0.0,0.0,0.0,0.0,0.0,0.0,0.0,0.0,0.0,0.0,0.0,0.0,0.0,0.0,0.0,0.0,0.0,0.0,0.0,0.0,0.0,0.0,0.0,0.0,0.0,0.0
B00P93X2H6,67.0,75.0,11.0,8.0,0.1066666666666666,-0.6235955056179775,0.064516129032258,0,4.1,1269,7.146772179452637,29.30176593575581,3.649,0.0967741935483871,0,15,1,0,1.0,0.9161,57,6,7,0.0,0.0,0.0,0.0,4,0.0,0.0,0.0,0.0,0.0,0.0,0.0,0.0,0.0,0.0,0.0,0.0,0.0,0.0,0.0,0.0,0.0,0.0,0.0,0.0,0.0,0.0,0.0,0.0,0.0,0.0,0.0,0.0,0.0,0.0,0.0,0.0,0.0,0.0,0.0,0.0,0.0,0.0,0.0,0.0,0.0,0.0,0.0,0.0,0.0,0.0,0.0,0.0,0.0,0.0
B0798PJPCL,1889.0,2699.0,30.0,810.0,0.3001111522786217,4.412607449856734,0.9390243902439024,2,4.3,17394,9.763938087586045,41.98493377661998,3.01,0.729490022172949,1,9,0,0,0.8888888888888888,0.9969,151,4,1,0.0,1.4,0.0,0.0,2,0.0,0.0,0.0,0.0,0.0,0.0,0.0,0.0,0.0,0.0,0.0,0.0,0.0,0.0,0.0,0.0,0.0,0.0,0.0,0.0,0.0,0.0,0.0,0.0,1.0,0.0,0.0,0.0,0.0,0.0,0.0,0.0,0.0,0.0,0.0,0.0,0.0,0.0,0.0,0.0,0.0,0.0,0.0,0.0,0.0,0.0,0.0,0.0,0.0,0.0
B09GFWJDY1,499.0,1499.0,67.0,1000.0,0.66711140760507,-0.6433166547533953,0.2984790874524715,0,3.6,9169,9.12369256525051,32.84529323490184,1.188,0.4809885931558935,0,24,1,1,0.875,0.9805,46,4,2,0.0,0.0,0.0,0.0,4,0.0,0.0,0.0,0.0,0.446374050006417,0.4293417727726938,0.0,0.0,0.4678522967092151,0.0,0.0,0.0,0.0,0.0,0.0,0.0,0.0,0.0,0.0,0.0,0.0,0.0,0.0,0.0,0.0,0.0,0.4617312207871396,0.0,0.0,0.0,0.0,0.0,0.0,0.0,0.0,0.0,0.0,0.0,0.0,0.0,0.0,0.0,0.0,0.0,0.0,0.0,0.0,0.0,0.0,0.4293417727726938
B09MZ6WZ6V,499.0,999.0,50.0,500.0,0.5005005005005005,0.4297994269340974,0.6219512195121951,0,4.4,1030,6.93828448401696,30.52845172967463,2.2,0.1840354767184035,0,23,1,1,0.9565217391304348,0.989,136,5,1,1.2,0.0,0.0,0.0,0,0.0,0.0,0.0,0.4749825378150497,0.0,0.0,0.0,0.0,0.0,0.0,0.0,0.0,0.0,0.0,0.0,0.0,0.0,0.0,0.0,0.0,0.0,0.0,0.0,0.0,0.8799952208795085,0.0,0.0,0.0,0.0,0.0,0.0,0.0,0.0,0.0,0.0,0.0,0.0,0.0,0.0,0.0,0.0,0.0,0.0,0.0,0.0,0.0,0.0,0.0,0.0,0.0
B094QZLJQ6,5799.0,7999.0,28.0,2200.0,0.2750343792974122,15.616045845272206,0.984478935698448,3,4.5,50273,10.825243323841342,48.713594957286034,3.24,0.9223946784922394,1,28,1,1,0.8214285714285714,0.697,125,3,1,0.0,1.4,1.1,0.0,2,0.0,0.0,0.0,0.499137021823094,0.0,0.0,0.0,0.0,0.0,0.0,0.0,0.0,0.0,0.8665230715021801,0.0,0.0,0.0,0.0,0.0,0.0,0.0,0.0,0.0,0.0,0.0,0.0,0.0,0.0,0.0,0.0,0.0,0.0,0.0,0.0,0.0,0.0,0.0,0.0,0.0,0.0,0.0,0.0,0.0,0.0,0.0,0.0,0.0,0.0,0.0,0.0
B07L3NDN24,499.0,799.0,38.0,300.0,0.3754693366708385,-0.6433166547533953,0.2984790874524715,0,3.9,6742,8.816260208734581,34.383414814064864,2.418,0.4277566539923954,0,14,1,1,0.8571428571428571,0.9297,42,4,2,0.0,0.0,0.0,0.0,4,0.0,0.0,0.0,0.6284982348419783,0.0,0.0,0.0,0.0,0.0,0.0,0.0,0.0,0.0,0.0,0.0,0.0,0.0,0.0,0.0,0.0,0.0,0.0,0.0,0.0,0.0,0.0,0.0,0.0,0.0,0.0,0.0,0.0,0.0,0.0,0.0,0.0,0.0,0.0,0.0,0.0,0.0,0.0,0.7778110109792207,0.0,0.0,0.0,0.0,0.0,0.0,0.0
B08WD18LJZ,249.0,600.0,59.0,351.0,0.585,-0.2865329512893982,0.3015521064301552,0,4.0,1208,7.097548850614793,28.39019540245917,1.64,0.212860310421286,0,32,1,1,0.9375,0.9931,184,4,1,1.2,0.0,0.0,0.0,0,0.0,0.0,0.0,1.0,0.0,0.0,0.0,0.0,0.0,0.0,0.0,0.0,0.0,0.0,0.0,0.0,0.0,0.0,0.0,0.0,0.0,0.0,0.0,0.0,0.0,0.0,0.0,0.0,0.0,0.0,0.0,0.0,0.0,0.0,0.0,0.0,0.0,0.0,0.0,0.0,0.0,0.0,0.0,0.0,0.0,0.0,0.0,0.0,0.0,0.0
B09CMM3VGK,179.0,499.0,64.0,320.0,0.6412825651302605,-0.4871060171919771,0.1629711751662971,0,4.0,1933,7.56734567601324,30.26938270405296,1.44,0.2771618625277162,0,30,1,1,0.9333333333333332,0.9663,66,5,1,1.2,0.0,0.0,0.0,0,0.0,0.0,0.0,0.2089978906861946,0.0,0.0,0.3894314477790446,0.2665548631169632,0.0,0.0,0.3007236690747656,0.0,0.0,0.3628292157400115,0.0,0.0,0.3071099600707345,0.0,0.0,0.0,0.0,0.0,0.0,0.0,0.0,0.0,0.0,0.0,0.0,0.0,0.0,0.0,0.0,0.0,0.0,0.0,0.0,0.0,0.0,0.0,0.6459220089199519,0.0,0.0,0.0,0.0,0.0,0.0,0.0,0.0,0.0
B06XDKWLJH,4449.0,5734.0,22.0,1285.0,0.2241018486222532,11.74785100286533,0.9778270509977828,3,4.4,25006,10.126911064657651,44.55840868449368,3.4320000000000004,0.8337028824833703,1,20,1,0,0.9,0.9691,73,3,1,0.0,1.4,1.1,0.0,2,0.0,0.0,0.0,0.0,0.0,0.0,0.0,0.0,0.0,0.0,0.0,0.0,0.58679208740932,0.0,0.0,0.0,0.0,0.0,0.0,0.0,0.0,0.0,0.0,0.0,0.0,0.0,0.0,0.0,0.0,0.0,0.6812582179762569,0.0,0.0,0.0,0.0,0.0,0.0,0.0,0.0,0.0,0.0,0.0,0.4376782912067126,0.0,0.0,0.0,0.0,0.0,0.0,0.0
B01J1CFO5I,299.0,550.0,46.0,251.0,0.4563636363636363,-0.1432664756446991,0.3880266075388026,0,4.6,33434,10.41735853448808,47.91984925864516,2.484,0.8869179600886918,1,6,1,1,1.0,0.9676,63,4,1,1.2,0.0,1.1,0.0,0,0.0,0.0,0.0,0.368057093382992,0.0,0.0,0.0,0.0,0.0,0.0,0.0,0.0,0.0,0.0,0.0,0.0,0.0,0.0,0.0,0.0,0.0,0.0,0.0,0.0,0.0,0.0,0.0,0.0,0.0,0.0,0.0,0.0,0.0,0.0,0.0,0.0,0.7355640583963894,0.0,0.0,0.0,0.5687525753839683,0.0,0.0,0.0,0.0,0.0,0.0,0.0,0.0,0.0
B07J2NGB69,629.0,1390.0,55.0,761.0,0.5474820143884892,0.8022922636103151,0.7028824833702882,2,4.4,6301,8.74862232231722,38.493938218195765,1.98,0.4567627494456763,0,26,1,0,1.0,0.2834,173,4,1,1.2,0.0,0.0,0.0,0,0.0,0.0,0.4361361159238346,0.0,0.0,0.0,0.0,0.0,0.0,0.0,0.0,0.0,0.0,0.0,0.0,0.0,0.0,0.0,0.0,0.0,0.0,0.0,0.0,0.0,0.0,0.0,0.0,0.0,0.0,0.0,0.0,0.0,0.0,0.0,0.0,0.0,0.0,0.0,0.0,0.0,0.0,0.0,0.292158216924281,0.0,0.0,0.0,0.0,0.0,0.0,0.8511338700054747
B00MUTWLW4,2595.0,3295.0,21.0,700.0,0.212443095599393,6.435530085959885,0.9578713968957872,3,4.4,22618,10.026545540027982,44.11680037612312,3.4760000000000004,0.7827050997782705,1,24,1,1,0.875,0.9956,255,4,1,0.0,1.4,1.1,0.0,2,0.0,0.0,0.0,0.2703220573328834,0.0,0.4873054638018309,0.0,0.0,0.0,0.0,0.0,0.0,0.4485189031616952,0.0,0.0,0.0,0.0,0.0,0.0,0.0,0.0,0.0,0.0,0.0,0.500822871606032,0.0,0.0,0.0,0.0,0.0,0.0,0.0,0.0,0.0,0.0,0.0,0.0,0.0,0.0,0.0,0.0,0.0,0.0,0.0,0.0,0.0,0.0,0.0,0.0,0.4873054638018309
B08QSC1XY8,389.0,1099.0,65.0,710.0,0.6460418562329391,0.1146131805157593,0.532150776053215,0,4.3,974,6.882437470997847,29.59448112529074,1.505,0.1773835920177383,0,39,1,0,0.9743589743589745,0.9582,117,5,1,1.2,0.0,0.0,0.0,0,0.3102517024884302,0.0,0.0,0.0,0.0,0.0,0.312917115824121,0.4283659136987744,0.0,0.3356182052968768,0.2416383774951692,0.0,0.0,0.2915416111708314,0.0,0.0,0.2467699090411423,0.3003709686686422,0.0,0.0,0.0,0.0,0.0,0.0,0.0,0.0,0.0,0.0,0.0,0.0,0.0,0.0,0.0,0.0,0.3234945549730986,0.0,0.0,0.0,0.0,0.0,0.2595065873997318,0.0,0.2078309520520695,0.0,0.0,0.0,0.0,0.0,0.0,0.0
B017NC2IPM,1799.0,2911.0,38.0,1112.0,0.3819993129508759,4.154727793696275,0.933481152993348,2,4.3,20342,9.920492151351953,42.65811625081339,2.666,0.753880266075388,1,40,1,0,0.9,0.9761,169,3,1,0.0,0.0,1.1,0.0,3,0.0,0.0,0.3895608266948469,0.0,0.0,0.0,0.0,0.0,0.0,0.0,0.0,0.0,0.3498650619089547,0.0,0.0,0.0,0.0,0.0,0.0,0.0,0.0,0.0,0.0,0.0,0.0,0.0,0.0,0.0,0.8519605629137248,0.0,0.0,0.0,0.0,0.0,0.0,0.0,0.0,0.0,0.0,0.0,0.0,0.0,0.0,0.0,0.0,0.0,0.0,0.0,0.0,0.0
B00N1U7JXM,90.0,175.0,49.0,85.0,0.4857142857142857,-0.4943820224719101,0.1290322580645161,0,4.4,7429,8.913281137711804,39.21843700593194,2.244,0.8064516129032258,0,25,1,0,0.92,0.5574,17,6,7,1.2,0.0,1.1,0.0,0,0.0,0.0,0.0,0.0,0.0,0.0,0.0,0.0,0.0,0.0,0.0,0.0,0.0,0.0,0.0,0.0,0.0,0.0,0.0,0.0,0.0,0.0,0.0,0.0,0.0,0.0,0.0,0.0,0.0,0.0,0.0,0.0,0.0,0.0,0.0,0.0,0.0,0.0,0.0,0.0,0.0,0.0,0.0,0.0,0.0,0.0,0.0,0.0,0.0,0.0
B08HQL67D6,599.0,599.0,0.0,0.0,0.0,0.7163323782234957,0.6873614190687362,2,4.0,26423,10.182027967070626,40.7281118682825,4.0,0.8514412416851441,1,11,0,0,0.9090909090909092,0.8329,263,4,1,0.0,0.0,1.1,0.0,3,0.0,0.0,0.0,0.0,0.0,0.0,0.0,0.0,0.0,0.0,0.0,0.0,0.0,0.0,0.0,0.0,0.0,0.0,0.0,0.0,0.0,0.0,0.0,0.0,0.6931992959574578,0.0,0.0,0.0,0.0,0.0,0.7207459580768281,0.0,0.0,0.0,0.0,0.0,0.0,0.0,0.0,0.0,0.0,0.0,0.0,0.0,0.0,0.0,0.0,0.0,0.0,0.0
B09RKFBCV7,1999.0,7999.0,75.0,6000.0,0.750093761720215,0.4288777698355968,0.6254752851711026,2,4.2,31305,10.351565051448167,43.47657321608231,1.05,0.7832699619771863,1,31,1,1,0.935483870967742,0.9574,217,3,2,1.2,0.0,1.1,0.0,0,0.0,0.0,0.0,0.0,0.0,0.3837914141157723,0.0,0.0,0.0,0.0,0.0,0.0,0.0,0.0,0.0,0.0,0.0,0.0,0.0,0.0,0.0,0.0,0.0,0.0,0.0,0.0,0.0,0.0,0.0,0.0,0.0,0.0,0.0,0.0,0.0,0.3358271302951475,0.0,0.0,0.0,0.0,0.0,0.0,0.0,0.0,0.8601885194588114,0.0,0.0,0.0,0.0,0.0
B08KHM9VBJ,2099.0,3250.0,35.0,1151.0,0.3541538461538461,5.01432664756447,0.951219512195122,3,3.8,11213,9.32491827668362,35.43468945139775,2.47,0.6319290465631929,1,12,1,1,0.9166666666666666,-0.7455,142,3,1,0.0,0.0,0.0,0.0,4,0.0,0.0,0.6779055001022364,0.3669401098625056,0.0,0.0,0.0,0.0,0.0,0.0,0.0,0.0,0.0,0.637023617070222,0.0,0.0,0.0,0.0,0.0,0.0,0.0,0.0,0.0,0.0,0.0,0.0,0.0,0.0,0.0,0.0,0.0,0.0,0.0,0.0,0.0,0.0,0.0,0.0,0.0,0.0,0.0,0.0,0.0,0.0,0.0,0.0,0.0,0.0,0.0,0.0
B01IOZUHRS,179.0,499.0,64.0,320.0,0.6412825651302605,-0.4871060171919771,0.1629711751662971,0,4.1,10174,9.227689010310796,37.83352494227426,1.4759999999999998,0.5964523281596452,1,13,1,0,1.0,0.1779,98,4,1,1.2,0.0,0.0,0.0,0,0.0,0.6504780277895351,0.0,0.0,0.0,0.0,0.0,0.4306758961340362,0.0,0.0,0.0,0.0,0.0,0.0,0.0,0.0,0.0,0.0,0.0,0.0,0.0,0.0,0.0,0.0,0.6256169817485628,0.0,0.0,0.0,0.0,0.0,0.0,0.0,0.0,0.0,0.0,0.0,0.0,0.0,0.0,0.0,0.0,0.0,0.0,0.0,0.0,0.0,0.0,0.0,0.0,0.0
B00CEQEGPI,1345.0,2295.0,41.0,950.0,0.4139433551198257,2.853868194842407,0.8802660753880266,2,4.2,17413,9.76502975938856,41.01312498943196,2.4780000000000006,0.7317073170731707,1,25,1,1,0.92,0.9992,182,4,1,0.0,0.0,0.0,0.0,4,0.0,0.0,0.3905570438027575,0.2114026874526703,0.0,0.0,0.0,0.0,0.0,0.0,0.0,0.0,0.0,0.0,0.0,0.0,0.0,0.0,0.0,0.0,0.0,0.0,0.0,0.0,0.3916635661917167,0.0,0.0,0.0,0.0,0.0,0.0,0.0,0.0,0.0,0.0,0.0,0.0,0.0,0.0,0.0,0.0,0.0,0.2616257754369482,0.0,0.0,0.0,0.0,0.0,0.0,0.7621848226111839
B08B6XWQ1C,349.0,995.0,65.0,646.0,0.6492462311557788,-0.7505360972122945,0.2024714828897338,0,4.2,6676,8.806424063857868,36.98698106820305,1.47,0.4258555133079847,0,33,1,0,0.9393939393939394,0.989,41,5,2,1.2,0.0,0.0,0.0,0,0.0,0.0,0.0,0.0,0.0,0.0,0.0,0.0,0.0,0.0,0.0,0.5186540889341906,0.0,0.0,0.0,0.0,0.0,0.0,0.0,0.0,0.0,0.0,0.0,0.0,0.0,0.0,0.0,0.0,0.538704810969197,0.0,0.5136761932259554,0.0,0.0,0.0,0.0,0.4206326558689627,0.0,0.0,0.0,0.0,0.0,0.0,0.0,0.0,0.0,0.0,0.0,0.0,0.0,0.0
B01DGVKBC6,287.0,499.0,42.0,212.0,0.4248496993987976,-0.1776504297994269,0.3414634146341463,0,4.4,8076,8.996775795442296,39.585813499946106,2.5520000000000005,0.516629711751663,0,34,1,0,0.9705882352941176,0.9106,255,5,1,0.0,0.0,0.0,0.0,4,0.4407009675199531,0.0,0.0,0.0,0.0,0.0,0.0,0.7605972469508793,0.0,0.0,0.0,0.0,0.0,0.0,0.0,0.0,0.0,0.0,0.0,0.0,0.0,0.0,0.0,0.0,0.0,0.0,0.0,0.0,0.0,0.0,0.0,0.0,0.0,0.0,0.0,0.0,0.4767331383045661,0.0,0.0,0.0,0.0,0.0,0.0,0.0,0.0,0.0,0.0,0.0,0.0,0.0
B008FWZGSG,599.0,599.0,0.0,0.0,0.0,0.7163323782234957,0.6873614190687362,2,4.3,355,5.87493073085203,25.262202142663728,4.3,0.0831485587583148,0,13,1,1,0.9230769230769232,0.9661,17,5,1,0.0,0.0,0.0,0.0,4,0.0,0.0,0.0,0.0,0.0,0.0,0.0,0.399994255640375,0.0,0.0,0.0,0.0,0.0,0.0,0.0,0.0,0.0,0.0,0.0,0.0,0.0,0.0,0.0,0.0,0.0,0.0,0.0,0.0,0.0,0.0,0.0,0.0,0.0,0.0,0.6041375356077926,0.0,0.0,0.0,0.0,0.0,0.4846377404982896,0.0,0.0,0.0,0.0,0.0,0.0,0.0,0.4900496852454431,0.0
B08JD36C6H,349.0,450.0,22.0,101.0,0.2244444444444444,0.0,0.4866962305986696,0,4.1,18656,9.833976689772,40.3193044280652,3.198,0.7361419068736141,1,12,1,0,1.0,0.8783,27,3,1,0.0,0.0,0.0,0.0,4,0.0,0.0,0.0,0.0,0.0,0.0,0.0,0.0,0.0,0.0,0.0,0.0,0.0,0.0,0.0,0.0,0.0,0.0,0.0,0.0,0.0,0.0,0.0,0.0,0.0,0.0,0.0,0.0,0.0,0.0,0.0,0.0,0.0,0.0,0.0,0.0,0.0,0.0,0.0,0.0,0.0,0.0,1.0,0.0,0.0,0.0,0.0,0.0,0.0,0.0
B00E3DVQFS,879.0,1109.0,21.0,230.0,0.2073940486925158,-0.3716940671908506,0.3916349809885932,2,4.4,31599,10.360912399575003,45.58801455813002,3.4760000000000004,0.7889733840304183,1,7,1,0,1.0,0.7888,89,3,2,0.0,1.4,1.1,0.0,2,0.0,0.0,0.0,0.0,0.0,0.0,0.0,0.0,0.0,0.0,0.0,0.0,0.0,0.0,0.0,0.0,0.0,0.0,0.0,0.0,0.0,0.0,0.0,0.0,0.0,0.0,0.0,0.0,0.0,0.0,0.0,0.0,0.0,0.0,0.0,0.0,0.0,0.0,0.0,0.0,0.0,0.0,0.0,0.0,0.0,0.0,0.0,0.0,0.0,0.0
B0B4HJNPV4,199.0,999.0,80.0,800.0,0.8008008008008008,-0.4297994269340974,0.2139689578713969,0,3.9,1075,6.98100574072173,27.225922388814745,0.7799999999999998,0.1951219512195122,0,33,1,1,0.9090909090909092,0.7615,138,5,1,1.2,0.0,0.0,0.0,0,0.0,0.0,0.0,0.1329190892534913,0.0,0.0,0.0,0.3390486815466807,0.0,0.0,0.3825102356693451,0.0,0.0,0.4615063697760705,0.0,0.0,0.1953166898443465,0.0,0.0,0.0,0.0,0.0,0.0,0.0,0.0,0.0,0.0,0.0,0.0,0.0,0.0,0.0,0.0,0.0,0.0,0.0,0.0,0.0,0.2513456285299937,0.0,0.6161930501250988,0.0,0.1644967725592569,0.0,0.0,0.0,0.0,0.0,0.0,0.0
B00BN5SNF0,250.0,250.0,0.0,0.0,0.0,-0.821300929235168,0.1216730038022813,0,3.9,13971,9.544810605926722,37.22476136311422,3.9,0.55893536121673,1,14,1,0,0.9285714285714286,0.8366,109,3,2,0.0,0.0,0.0,0.0,4,0.0,0.0,0.0,0.0,0.0,0.0,0.0,0.0,0.0,0.0,0.0,0.0,0.0,0.0,0.0,0.0,0.0,0.0,0.0,0.0,0.0,0.0,0.0,0.0,0.0,0.0,0.0,0.0,0.0,1.0,0.0,0.0,0.0,0.0,0.0,0.0,0.0,0.0,0.0,0.0,0.0,0.0,0.0,0.0,0.0,0.0,0.0,0.0,0.0,0.0
B09SGGRKV8,199.0,499.0,60.0,300.0,0.6012024048096193,-0.8577555396711937,0.0703422053231939,0,3.6,2492,7.821242083523558,28.15647150068481,1.4400000000000002,0.2965779467680608,0,27,1,1,0.8518518518518519,0.9887,155,4,2,0.0,0.0,0.0,0.0,4,0.0,0.0,0.0,0.0,0.0,0.0,0.0,0.5496009585966205,0.0,0.0,0.0,0.0,0.0,0.0,0.0,0.0,0.0,0.0,0.0,0.0,0.0,0.0,0.0,0.0,0.0,0.0,0.8354273076154956,0.0,0.0,0.0,0.0,0.0,0.0,0.0,0.0,0.0,0.0,0.0,0.0,0.0,0.0,0.0,0.0,0.0,0.0,0.0,0.0,0.0,0.0,0.0
B07XLCFSSN,899.0,1900.0,53.0,1001.0,0.5268421052631579,1.5759312320916905,0.7882483370288248,2,4.4,13552,9.514363204016016,41.86319809767048,2.068,0.6762749445676275,1,17,1,0,0.9411764705882352,0.9921,144,5,1,1.2,0.0,0.0,0.0,0,0.0,0.0,0.0,0.0,0.0,0.0,0.4000479421607104,0.2738215546561954,0.0,0.429070081472152,0.3089218543044742,0.0,0.0,0.0,0.0,0.0,0.3154822453194966,0.384008358201309,0.0,0.0,0.0,0.0,0.0,0.4097086081279183,0.0,0.0,0.0,0.0,0.0,0.0,0.0,0.0,0.0,0.0,0.0,0.0,0.0,0.0,0.0,0.0,0.0,0.0,0.2657008532970848,0.0,0.0,0.0,0.0,0.0,0.0,0.0
B09RZS1NQT,199.0,999.0,80.0,800.0,0.8008008008008008,-0.4297994269340974,0.2139689578713969,0,4.0,575,6.356107660695892,25.42443064278357,0.7999999999999998,0.1263858093126385,0,40,1,1,0.9,0.9917,257,5,1,1.2,0.0,0.0,0.0,0,0.0,0.0,0.0,0.0,0.0,0.0,0.0,0.411654381044029,0.3170176601181675,0.0,0.2322115125019153,0.0,0.2677671561471637,0.2801679070559786,0.0,0.0,0.237142851282178,0.0,0.0,0.0,0.0,0.0,0.0,0.0,0.0,0.0,0.0,0.0,0.0,0.0,0.0,0.2964850071297695,0.0,0.0,0.0,0.0,0.0,0.0,0.3051701268049067,0.0,0.4987652854564207,0.0,0.1997229919394278,0.0,0.0,0.0,0.0,0.0,0.0,0.0
B084BR3QX8,149.0,999.0,85.0,850.0,0.8508508508508509,-0.5730659025787965,0.0997782705099778,0,3.5,2523,7.833600223661103,27.417600782813864,0.5250000000000001,0.319290465631929,0,13,1,0,0.9230769230769232,-0.0736,31,4,1,0.0,0.0,0.0,0.0,4,0.0,0.6504780277895351,0.0,0.0,0.0,0.0,0.0,0.4306758961340362,0.0,0.0,0.0,0.0,0.0,0.0,0.0,0.0,0.0,0.0,0.0,0.0,0.0,0.0,0.0,0.0,0.6256169817485628,0.0,0.0,0.0,0.0,0.0,0.0,0.0,0.0,0.0,0.0,0.0,0.0,0.0,0.0,0.0,0.0,0.0,0.0,0.0,0.0,0.0,0.0,0.0,0.0,0.0
B09VC2D2WG,469.0,1499.0,69.0,1030.0,0.6871247498332221,0.3438395415472779,0.6053215077605322,0,4.1,352,5.8664680569332965,24.052519033426517,1.271,0.0798226164079822,0,38,1,1,0.8421052631578947,0.9898,269,4,1,1.2,0.0,0.0,0.0,0,0.0,0.0,0.7032498039706521,0.3806586025498531,0.0,0.0,0.0,0.0,0.0,0.0,0.0,0.0,0.0,0.0,0.0,0.0,0.0,0.0,0.0,0.0,0.0,0.0,0.0,0.0,0.0,0.0,0.0,0.0,0.0,0.0,0.0,0.0,0.0,0.0,0.0,0.6004487834278894,0.0,0.0,0.0,0.0,0.0,0.0,0.0,0.0,0.0,0.0,0.0,0.0,0.0,0.0
B09163Q5CD,1187.0,1929.0,38.0,742.0,0.3846552617936755,2.4011461318051577,0.8492239467849224,2,4.1,1662,7.416378479192928,30.407151764691,2.542,0.2572062084257206,0,35,1,0,0.9142857142857144,0.9675,363,3,1,0.0,0.0,0.0,0.0,4,0.0,0.333467556075127,0.0,0.0,0.0,0.0,0.0,0.0,0.0,0.0,0.0,0.0,0.2872275418473233,0.0,0.0,0.0,0.0,0.0,0.0,0.0,0.0,0.0,0.0,0.0,0.0,0.0,0.0,0.3523105149336588,0.0,0.0,0.333467556075127,0.3180325063678346,0.0,0.0,0.0,0.0,0.0,0.0,0.0,0.0,0.5350138118570883,0.0,0.4284763288416636,0.0,0.0,0.0,0.0,0.0,0.0,0.0
B08K9PX15C,849.0,1499.0,43.0,650.0,0.4336224149432955,1.4326647564469914,0.7749445676274944,2,4.0,7352,8.902863672196222,35.61145468878489,2.28,0.4900221729490022,0,12,1,1,0.9166666666666666,0.9848,142,4,1,0.0,0.0,0.0,0.0,4,0.8308166450276505,0.0,0.0,0.0,0.0,0.0,0.0,0.0,0.0,0.0,0.0,0.0,0.0,0.0,0.0,0.0,0.0,0.0,0.0,0.0,0.0,0.0,0.0,0.0,0.0,0.0,0.0,0.0,0.0,0.0,0.0,0.0,0.0,0.0,0.0,0.0,0.0,0.0,0.0,0.0,0.0,0.0,0.5565462266020668,0.0,0.0,0.0,0.0,0.0,0.0,0.0
B083RD1J99,328.0,399.0,18.0,71.0,0.1779448621553884,-0.0601719197707736,0.4345898004434589,0,4.1,3441,8.143807976771484,33.38961270476308,3.362,0.3858093126385809,0,22,1,1,0.9090909090909092,0.9947,77,4,1,0.0,0.0,0.0,0.0,4,0.0,0.0,0.0,0.0,0.0,0.0,0.0,0.0,0.0,0.0,0.0,0.0,0.0,0.0,0.0,0.0,0.0,0.0,0.0,0.0,0.0,0.0,0.0,0.0,0.0,0.0,0.0,0.0,0.0,0.0,0.0,0.0,0.0,0.0,0.0,0.0,0.0,0.0,0.0,0.0,0.0,0.0,0.5417262153340879,0.8405549997589721,0.0,0.0,0.0,0.0,0.0,0.0
B09Z7YGV3R,269.0,699.0,62.0,430.0,0.6151645207439199,-0.2292263610315186,0.3303769401330377,0,4.0,93,4.543294782270004,18.17317912908001,1.52,0.0310421286031042,0,23,0,1,0.9130434782608696,0.9875,59,4,1,1.2,0.0,0.0,0.0,0,0.0,0.0,0.0,0.3066949012286006,0.0,0.0,0.0,0.0,0.0,0.0,0.0,0.0,0.0,0.0,0.0,0.0,0.0,0.0,0.0,0.0,0.0,0.0,0.0,0.0,0.5682104622009749,0.0,0.0,0.0,0.0,0.0,0.5907902624203654,0.0,0.0,0.0,0.0,0.4837788482716139,0.0,0.0,0.0,0.0,0.0,0.0,0.0,0.0,0.0,0.0,0.0,0.0,0.0,0.0
B00N3XLDW0,299.0,400.0,25.0,101.0,0.2525,-0.7862759113652609,0.1577946768060836,0,3.8,40895,10.618787537737209,40.35139264340138,2.85,0.8346007604562737,1,9,1,0,0.8888888888888888,-0.81,126,5,2,0.0,0.0,0.0,0.0,4,0.0,0.0,0.0,0.0,0.0,0.0,0.0,0.0,0.0,1.0,0.0,0.0,0.0,0.0,0.0,0.0,0.0,0.0,0.0,0.0,0.0,0.0,0.0,0.0,0.0,0.0,0.0,0.0,0.0,0.0,0.0,0.0,0.0,0.0,0.0,0.0,0.0,0.0,0.0,0.0,0.0,0.0,0.0,0.0,0.0,0.0,0.0,0.0,0.0,0.0
B07Z53L5QL,549.0,1499.0,63.0,950.0,0.6337558372248165,0.5730659025787965,0.6496674057649667,2,4.3,11006,9.306286713023391,40.01703286600058,1.591,0.6252771618625277,1,24,1,1,0.9166666666666666,0.9951,125,5,1,1.2,0.0,0.0,0.0,0,0.5574760247930585,0.0,0.0,0.3017534357700706,0.0,0.0,0.0,0.0,0.0,0.0,0.0,0.0,0.0,0.0,0.0,0.0,0.0,0.0,0.0,0.0,0.0,0.0,0.6095936184384864,0.0,0.0,0.0,0.0,0.0,0.0,0.0,0.0,0.0,0.0,0.0,0.0,0.4759842078692951,0.0,0.0,0.0,0.0,0.0,0.0,0.0,0.0,0.0,0.0,0.0,0.0,0.0,0.0
B00P93X0VO,114.0,120.0,5.0,6.0,0.05,-0.3595505617977528,0.2580645161290322,0,4.2,8938,9.098179005087852,38.212351821368976,3.99,0.935483870967742,0,12,1,0,1.0,0.969,44,6,7,0.0,0.0,1.1,0.0,3,0.0,0.0,0.0,0.0,0.0,0.0,0.0,0.0,0.0,0.0,0.0,0.0,0.0,0.0,0.0,0.0,0.0,0.0,0.0,0.0,0.0,0.0,0.0,0.0,0.0,0.0,0.0,0.0,0.0,0.0,0.0,0.0,0.0,0.0,0.0,0.0,0.0,0.0,0.0,0.0,0.0,0.0,0.0,0.0,0.0,0.0,0.0,0.0,0.0,0.0
B07SBGFDX9,120.0,120.0,0.0,0.0,0.0,-0.3258426966292135,0.3064516129032258,0,4.1,4308,8.368461137615839,34.310690664224936,4.1,0.4838709677419355,0,8,1,0,0.875,0.3716,27,7,7,0.0,0.0,0.0,0.0,4,0.6838672713849744,0.0,0.0,0.0,0.0,0.0,0.0,0.0,0.0,0.0,0.0,0.0,0.0,0.0,0.0,0.0,0.0,0.0,0.0,0.0,0.0,0.0,0.0,0.0,0.0,0.0,0.0,0.0,0.0,0.7296064385190622,0.0,0.0,0.0,0.0,0.0,0.0,0.0,0.0,0.0,0.0,0.0,0.0,0.0,0.0,0.0,0.0,0.0,0.0,0.0,0.0
B09C6HWG18,970.0,1999.0,51.0,1029.0,0.5147573786893447,1.779369627507163,0.8104212860310421,2,4.2,462,6.137727054086234,25.778453627162182,2.058,0.1097560975609756,0,34,1,1,0.9411764705882352,0.9846,44,5,1,1.2,0.0,0.0,0.0,0,0.0,0.0,0.0,0.1599394026762028,0.0,0.0,0.2980194342469674,0.4079718263891569,0.0,0.0,0.4602684155758438,0.0,0.0,0.277661596719482,0.0,0.0,0.2350214320745311,0.0,0.0,0.0,0.0,0.0,0.0,0.0,0.0,0.0,0.0,0.0,0.0,0.0,0.0,0.0,0.0,0.0,0.0,0.0,0.0,0.0,0.3024401530144101,0.0,0.4943034589625841,0.0,0.1979363212090297,0.0,0.0,0.0,0.0,0.0,0.0,0.0
B00NH11KIK,209.0,695.0,70.0,486.0,0.6992805755395683,-0.4011461318051575,0.2560975609756097,0,4.5,107686,11.586984150195084,52.14142867587788,1.35,0.9800443458980044,1,18,1,1,0.8888888888888888,0.9051,50,5,1,1.2,0.0,1.1,0.0,0,0.0,0.0,0.0,0.4903956389465643,0.0,0.0,0.0,0.6254481420045821,0.0,0.0,0.0,0.0,0.0,0.0,0.0,0.0,0.0,0.0,0.0,0.0,0.0,0.0,0.0,0.0,0.0,0.0,0.0,0.0,0.0,0.0,0.0,0.0,0.0,0.0,0.0,0.0,0.0,0.0,0.0,0.0,0.0,0.0,0.6068992823897611,0.0,0.0,0.0,0.0,0.0,0.0,0.0
B07X2L5Z8C,1490.0,2295.0,35.0,805.0,0.3507625272331154,3.2693409742120343,0.8980044345898004,2,4.6,10652,9.273596821611198,42.65854537941151,2.99,0.6097560975609756,1,25,1,1,0.8,0.9941,204,4,1,0.0,0.0,0.0,0.0,4,0.0,0.0,0.0,0.0,0.0,0.5324310267113521,0.0,0.0,0.0,0.0,0.0,0.0,0.0,0.0,0.0,0.0,0.0,0.0,0.0,0.0,0.0,0.0,0.0,0.0,0.5472001763521485,0.0,0.0,0.0,0.0,0.0,0.0,0.0,0.0,0.0,0.0,0.0,0.0,0.0,0.0,0.0,0.0,0.0,0.3655220521259537,0.0,0.0,0.0,0.0,0.0,0.0,0.5324310267113521
B00VA7YYUO,99.0,99.0,0.0,0.0,0.0,-0.9174311926605504,0.0111607142857142,0,4.3,5036,8.52456594574565,36.65563356670629,4.3,0.6808035714285714,0,9,1,0,0.8888888888888888,0.9446,14,6,4,0.0,1.4,0.0,0.0,2,0.0,0.0,0.0,0.0,0.0,0.0,0.0,0.0,0.0,0.0,0.0,0.0,0.0,0.0,0.0,0.0,0.0,0.0,0.0,0.0,0.0,0.0,0.0,0.0,0.0,0.0,0.0,0.0,0.0,1.0,0.0,0.0,0.0,0.0,0.0,0.0,0.0,0.0,0.0,0.0,0.0,0.0,0.0,0.0,0.0,0.0,0.0,0.0,0.0,0.0
B07L9FW9GF,149.0,249.0,40.0,100.0,0.4016064257028112,-0.5730659025787965,0.0997782705099778,0,4.0,5057,8.52872642722991,34.11490570891964,2.4,0.425720620842572,0,15,1,1,0.9333333333333332,0.9772,59,4,1,0.0,0.0,0.0,0.0,4,0.0,0.0,0.0,0.0,0.0,0.0,0.0,0.0,0.0,0.0,0.0,0.0,0.0,0.0,0.0,0.0,0.0,0.0,0.0,0.0,0.0,0.0,0.0,0.0,0.0,0.0,0.0,0.0,0.0,0.0,0.0,0.0,0.0,0.0,0.0,0.0,0.0,0.0,0.0,0.0,0.0,0.0,1.0,0.0,0.0,0.0,0.0,0.0,0.0,0.0
B08D64C9FN,575.0,2799.0,79.0,2224.0,0.7945694891032512,0.6475644699140402,0.6629711751662971,2,4.2,8537,9.052282067317908,38.019584682735214,0.8819999999999999,0.5388026607538803,0,15,1,1,1.0,0.999,191,4,1,1.2,0.0,0.0,0.0,0,0.0,0.0,0.0,0.0,0.0,0.0,0.0,0.0,0.0,0.0,0.0,0.0,0.0,0.0,0.0,0.0,0.0,0.0,0.0,0.0,0.0,0.0,0.0,0.0,0.0,0.0,0.0,0.0,0.0,0.0,0.0,0.0,0.0,0.0,0.0,0.0,0.0,0.0,0.0,0.0,0.0,0.0,0.0,0.0,0.0,0.0,0.0,0.0,0.0,0.0
B07XJYYH7L,333.0,999.0,67.0,666.0,0.6666666666666666,-0.0458452722063037,0.4534368070953437,0,3.3,9792,9.189423123720797,30.32509630827862,1.0889999999999995,0.5842572062084257,0,25,1,1,0.88,-0.1531,118,5,1,0.0,0.0,0.0,0.0,4,0.0,0.0,0.0,0.1986584152065706,0.0,0.0,0.3701656222145579,0.5067358957409624,0.0,0.0,0.571692731609414,0.0,0.0,0.0,0.0,0.0,0.2919167162955264,0.0,0.0,0.0,0.0,0.0,0.0,0.0,0.0,0.0,0.0,0.0,0.0,0.0,0.0,0.0,0.0,0.0,0.0,0.0,0.0,0.0,0.0,0.0,0.3069835829868452,0.0,0.2458538372986883,0.0,0.0,0.0,0.0,0.0,0.0,0.0
B00LOD70SC,178.0,210.0,15.0,32.0,0.1523809523809524,0.0,0.5161290322580645,0,4.3,2450,7.804251383528112,33.55828094917088,3.655,0.1935483870967742,0,12,1,1,1.0,0.9919,35,7,7,0.0,1.4,0.0,0.0,2,0.0,0.0,0.0,0.4707448892323643,0.8822693745458974,0.0,0.0,0.0,0.0,0.0,0.0,0.0,0.0,0.0,0.0,0.0,0.0,0.0,0.0,0.0,0.0,0.0,0.0,0.0,0.0,0.0,0.0,0.0,0.0,0.0,0.0,0.0,0.0,0.0,0.0,0.0,0.0,0.0,0.0,0.0,0.0,0.0,0.0,0.0,0.0,0.0,0.0,0.0,0.0,0.0
B09X76VL5L,1599.0,3490.0,54.0,1891.0,0.5418338108882521,0.1429592566118656,0.55893536121673,2,3.7,676,6.517671272912275,24.11538370977542,1.702,0.1615969581749049,0,29,1,1,0.9310344827586208,0.7833,156,4,2,0.0,0.0,0.0,0.0,4,0.0,0.0,0.0,0.0,0.7207233822060392,0.0,0.0,0.0,0.0,0.0,0.0,0.0,0.0,0.0,0.0,0.0,0.0,0.0,0.0,0.0,0.0,0.0,0.0,0.0,0.0,0.0,0.0,0.0,0.0,0.0,0.0,0.0,0.0,0.0,0.0,0.0,0.0,0.0,0.0,0.0,0.0,0.0,0.0,0.0,0.0,0.0,0.0,0.0,0.0,0.693222768193232
B091JF2TFD,499.0,1299.0,62.0,800.0,0.6158583525789069,-0.6433166547533953,0.2984790874524715,0,3.9,1173,7.068172000388042,27.565870801513363,1.482,0.1958174904942966,0,17,1,1,0.8235294117647058,0.9831,73,4,2,1.2,0.0,0.0,0.0,0,0.0,0.0,0.0,0.0,0.0,0.0,0.0,0.0,0.0,0.0,0.0,0.0,0.0,0.0,0.0,0.0,0.0,0.0,0.655946471542912,0.0,0.0,0.0,0.0,0.0,0.0,0.0,0.7548074101851439,0.0,0.0,0.0,0.0,0.0,0.0,0.0,0.0,0.0,0.0,0.0,0.0,0.0,0.0,0.0,0.0,0.0,0.0,0.0,0.0,0.0,0.0,0.0
B07S7DCJKS,199.0,499.0,60.0,300.0,0.6012024048096193,-0.4297994269340974,0.2139689578713969,0,4.3,9998,9.21024036697585,39.60403357799615,1.72,0.5898004434589801,0,11,1,0,0.9090909090909092,0.6908,50,5,1,1.2,0.0,0.0,0.0,0,0.0,0.0,0.0,0.0,0.0,0.0,0.0,0.0,0.0,0.0,0.0,0.0,0.0,0.0,0.0,0.0,0.0,0.0,0.0,0.0,0.0,0.7185662006504001,0.0,0.0,0.6954585647490792,0.0,0.0,0.0,0.0,0.0,0.0,0.0,0.0,0.0,0.0,0.0,0.0,0.0,0.0,0.0,0.0,0.0,0.0,0.0,0.0,0.0,0.0,0.0,0.0,0.0
B09NC2TY11,2499.0,5999.0,58.0,3500.0,0.5834305717619603,0.7862759113652609,0.6730038022813688,3,4.1,5852,8.67470962929122,35.566309480094,1.722,0.4011406844106464,0,28,1,1,0.9285714285714286,0.8518,175,3,2,1.2,0.0,0.0,0.0,0,0.0,0.0,0.0,0.0,0.0,0.4019084103751594,0.0,0.0,0.0,0.0,0.0,0.0,0.0,0.0,0.4394385030462663,0.0,0.0,0.0,0.3756171693126017,0.0,0.0,0.0,0.0,0.0,0.0,0.0,0.0,0.0,0.0,0.0,0.0,0.0,0.0,0.0,0.0,0.3516799572203549,0.0,0.0,0.0,0.0,0.0,0.4215909474470088,0.0,0.0,0.4503969966018648,0.0,0.0,0.0,0.0,0.0
B0BDS8MY8J,199.0,999.0,80.0,800.0,0.8008008008008008,-0.4297994269340974,0.2139689578713969,0,4.2,362,5.8944028342648505,24.756491903912373,0.8399999999999999,0.0886917960088691,0,16,1,0,0.8125,0.9856,89,3,1,1.2,0.0,0.0,0.0,0,0.0,0.0,0.0,0.0,0.0,0.0,0.0,0.0,0.0,0.0,0.0,0.0,0.0,0.0,0.0,0.0,0.0,0.0,0.0,0.0,0.0,0.0,0.0,0.0,1.0,0.0,0.0,0.0,0.0,0.0,0.0,0.0,0.0,0.0,0.0,0.0,0.0,0.0,0.0,0.0,0.0,0.0,0.0,0.0,0.0,0.0,0.0,0.0,0.0,0.0
B09X7DY7Q4,939.0,1800.0,48.0,861.0,0.4783333333333333,-0.3288062902072909,0.4087452471482889,2,4.5,205052,12.231023761291087,55.03960692580989,2.34,0.9771863117870724,1,20,1,0,0.8,0.9442,42,4,2,1.2,0.0,1.1,0.0,0,0.0,0.0,0.0,0.0,0.0,0.0,0.0,0.0,0.0,0.0,0.0,0.0,0.0,0.0,0.0,0.0,0.0,0.0,0.0,0.0,0.0,0.0,0.0,0.0,0.0,0.0,0.0,0.0,0.0,0.0,0.0,0.0,0.0,0.0,0.0,0.0,0.0,0.0,0.0,0.0,0.0,0.0,0.0,0.0,0.0,0.0,0.0,0.0,0.0,0.0
B09YV575RK,2499.0,9999.0,75.0,7500.0,0.7500750075007501,0.7862759113652609,0.6730038022813688,3,4.0,9090,9.115040192121858,36.46016076848744,1.0,0.4790874524714829,0,32,1,1,0.9375,0.884,392,3,2,1.2,0.0,0.0,0.0,0,0.0,0.0,0.0,0.2651700288169125,0.0,0.4780179803080077,0.0,0.0,0.0,0.0,0.0,0.0,0.0,0.0,0.0,0.0,0.0,0.0,0.4467479555260343,0.0,0.0,0.0,0.0,0.0,0.0,0.0,0.5140795506117051,0.0,0.0,0.0,0.0,0.4871572089127561,0.0,0.0,0.0,0.0,0.0,0.0,0.0,0.0,0.0,0.0,0.0,0.0,0.0,0.0,0.0,0.0,0.0,0.0
B08LW31NQ6,1439.0,2890.0,50.0,1451.0,0.5020761245674741,3.123209169054441,0.893569844789357,2,4.5,4099,8.318742252692399,37.4343401371158,2.25,0.3946784922394678,0,29,1,1,0.8275862068965517,0.9929,173,4,1,1.2,0.0,0.0,0.0,0,0.0,0.0,0.5736044059318655,0.0,0.0,0.5597038631378098,0.0,0.0,0.0,0.0,0.0,0.0,0.0,0.0,0.0,0.0,0.0,0.0,0.0,0.0,0.0,0.0,0.0,0.0,0.0,0.0,0.0,0.0,0.0,0.0,0.5980882636234919,0.0,0.0,0.0,0.0,0.0,0.0,0.0,0.0,0.0,0.0,0.0,0.0,0.0,0.0,0.0,0.0,0.0,0.0,0.0
B09ND94ZRG,1099.0,5999.0,82.0,4900.0,0.8168028004667445,-0.2144388849177984,0.4429657794676806,2,3.5,12966,9.470162947548884,33.14557031642109,0.6300000000000001,0.5418250950570342,1,28,1,1,0.8928571428571429,0.972,52,4,2,0.0,0.0,0.0,0.0,4,0.0,0.0,0.0,0.0,0.0,0.3988301843507038,0.0,0.0,0.0,0.0,0.3183419930472204,0.0,0.0,0.0,0.0,0.0,0.3251024339865427,0.0,0.0,0.0,0.0,0.0,0.0,0.0,0.0,0.0,0.4289178449088532,0.0,0.0,0.0,0.0,0.0,0.0,0.0,0.0,0.0,0.0,0.0,0.0,0.0,0.3418821343615622,0.0,0.0,0.0,0.0,0.4171113034951749,0.0,0.0,0.0,0.3988301843507038
B00P93X6EK,157.0,160.0,2.0,3.0,0.01875,-0.1179775280898876,0.4354838709677419,0,4.5,4428,8.395929103923198,37.78168096765439,4.41,0.5483870967741935,0,11,1,0,1.0,0.9791,44,6,7,0.0,1.4,0.0,0.0,2,0.0,0.0,0.0,0.0,0.0,0.0,0.0,0.0,0.0,0.0,0.0,0.0,0.0,0.0,0.0,0.0,0.0,0.0,0.0,0.0,0.0,0.0,0.0,0.0,0.0,0.0,0.0,0.0,0.0,0.0,0.0,0.0,0.0,0.0,0.0,0.0,0.0,0.0,0.0,0.0,0.0,0.0,0.0,0.0,0.0,0.0,0.0,0.0,0.0,0.0
B07KRCW6LZ,999.0,1599.0,38.0,600.0,0.3752345215759849,1.8624641833810889,0.8270509977827051,2,4.3,12093,9.400464740833158,40.421998385582576,2.666,0.6419068736141907,1,30,1,0,0.9666666666666668,0.969,108,4,1,0.0,0.0,0.0,0.0,4,0.7286575382277353,0.5065064788066501,0.0,0.0,0.0,0.0,0.0,0.0,0.0,0.0,0.0,0.0,0.0,0.0,0.0,0.0,0.0,0.0,0.0,0.0,0.0,0.0,0.0,0.0,0.2435739878746807,0.0,0.0,0.0,0.2655928778854131,0.0,0.0,0.0,0.0,0.0,0.0,0.0,0.0,0.0,0.0,0.0,0.0,0.0,0.1627040116945421,0.0,0.0,0.0,0.0,0.0,0.0,0.2369998294021666
B0994GP1CX,115.0,999.0,88.0,884.0,0.8848848848848849,-0.670487106017192,0.0521064301552106,0,3.3,5692,8.646992628951082,28.53507567553857,0.3959999999999999,0.4434589800443459,0,26,1,1,0.9615384615384616,0.9493,38,5,1,0.0,0.0,0.0,0.0,4,0.0,0.0,0.0,0.0,0.0,0.0,0.0,0.0,0.0,0.0,0.0,0.0,0.0,0.0,0.0,0.0,0.0,0.0,0.0,0.0,0.0,0.7185662006504001,0.0,0.0,0.6954585647490792,0.0,0.0,0.0,0.0,0.0,0.0,0.0,0.0,0.0,0.0,0.0,0.0,0.0,0.0,0.0,0.0,0.0,0.0,0.0,0.0,0.0,0.0,0.0,0.0,0.0
B07H8W9PB6,175.0,499.0,65.0,324.0,0.6492985971943888,-0.498567335243553,0.1441241685144124,0,4.1,21,3.091042453358316,12.673274058769096,1.4349999999999998,0.0044345898004434,0,31,1,0,0.9032258064516128,0.9505,112,4,1,1.2,0.0,0.0,0.0,0,0.0,0.0,0.0,0.0,0.0,0.0,0.0,0.0,0.0,0.0,0.0,0.0,0.0,0.0,0.0,0.0,0.0,0.0,0.0,0.0,0.0,0.0,0.0,0.0,0.0,0.0,0.0,0.0,0.0,0.0,0.0,0.0,0.0,0.0,0.0,1.0,0.0,0.0,0.0,0.0,0.0,0.0,0.0,0.0,0.0,0.0,0.0,0.0,0.0,0.0
B09NNHFSSF,1999.0,4700.0,57.0,2701.0,0.5746808510638298,0.4288777698355968,0.6254752851711026,2,3.8,1880,7.53955882930103,28.650323551343917,1.634,0.2585551330798479,0,43,1,0,0.9534883720930232,0.9839,190,4,2,1.2,0.0,0.0,0.0,0,0.0,0.0,0.0,0.0,0.0,0.0,0.0,0.0,0.0,0.0,0.0,0.0,0.0,0.0,0.0,0.0,0.0,0.0,0.7299842114210409,0.0,0.0,0.0,0.0,0.0,0.0,0.0,0.0,0.0,0.0,0.0,0.0,0.0,0.0,0.0,0.0,0.6834640086178652,0.0,0.0,0.0,0.0,0.0,0.0,0.0,0.0,0.0,0.0,0.0,0.0,0.0,0.0
B08D9NDZ1Y,3999.0,4332.96,8.0,333.96000000000004,0.0770743325578819,10.458452722063038,0.9733924611973392,3,3.5,21762,9.987966559114067,34.95788295689923,3.22,0.7738359201773836,1,28,1,0,0.75,0.9605,92,3,1,0.0,0.0,0.0,0.0,4,0.0,0.0,0.0,0.0,0.0,0.0,0.0,0.0,0.0,0.0,0.0,0.0,0.0,0.0,0.0,0.0,0.0,0.0,0.0,0.0,0.8925881323054595,0.0,0.0,0.0,0.0,0.0,0.0,0.0,0.0,0.0,0.0,0.0,0.0,0.0,0.0,0.3547274007789974,0.0,0.0,0.0,0.0,0.0,0.0,0.2783071993391982,0.0,0.0,0.0,0.0,0.0,0.0,0.0
B0085IATT6,899.0,1800.0,50.0,901.0,0.5005555555555555,1.5759312320916905,0.7882483370288248,2,4.1,22375,10.015744234881796,41.06455136301536,2.05,0.7760532150776053,1,18,1,1,1.0,-0.357,124,3,1,1.2,0.0,1.1,0.0,0,0.0,0.0,0.0,1.0,0.0,0.0,0.0,0.0,0.0,0.0,0.0,0.0,0.0,0.0,0.0,0.0,0.0,0.0,0.0,0.0,0.0,0.0,0.0,0.0,0.0,0.0,0.0,0.0,0.0,0.0,0.0,0.0,0.0,0.0,0.0,0.0,0.0,0.0,0.0,0.0,0.0,0.0,0.0,0.0,0.0,0.0,0.0,0.0,0.0,0.0
B08WJ86PV2,299.0,990.0,70.0,691.0,0.697979797979798,-0.1432664756446991,0.3880266075388026,0,4.5,2453,7.805474625270857,35.124635813718854,1.35,0.3148558758314856,0,19,1,0,1.0,0.9728,172,5,1,1.2,0.0,0.0,0.0,0,0.0,0.0,0.0,0.0,0.0,0.0,0.0,0.0,0.0,0.0,0.0,0.0,0.0,0.0,0.0,0.0,0.0,0.0,0.0,0.0,0.0,0.0,0.0,0.0,0.0,0.0,0.0,0.0,0.0,0.0,0.0,0.0,0.0,0.0,0.0,0.0,0.7910965080119536,0.0,0.0,0.0,0.6116913560050466,0.0,0.0,0.0,0.0,0.0,0.0,0.0,0.0,0.0
B078HRR1XV,3303.0,4699.0,30.0,1396.0,0.297084486060864,8.464183381088825,0.966740576496674,3,4.4,13544,9.513772754519197,41.86060011988446,3.08,0.6696230598669624,1,25,1,1,0.92,0.9879,101,4,1,0.0,1.4,0.0,0.0,2,0.0,0.0,0.8794324788218186,0.4760236498256273,0.0,0.0,0.0,0.0,0.0,0.0,0.0,0.0,0.0,0.0,0.0,0.0,0.0,0.0,0.0,0.0,0.0,0.0,0.0,0.0,0.0,0.0,0.0,0.0,0.0,0.0,0.0,0.0,0.0,0.0,0.0,0.0,0.0,0.0,0.0,0.0,0.0,0.0,0.0,0.0,0.0,0.0,0.0,0.0,0.0,0.0
B09P22HXH6,1890.0,5490.0,66.0,3600.0,0.6557377049180327,4.415472779369628,0.9423503325942352,2,4.1,10976,9.303557453687317,38.144585560118,1.3939999999999997,0.623059866962306,1,33,1,0,0.9696969696969696,0.9947,259,5,1,1.2,0.0,0.0,0.0,0,0.0,0.0,0.0,0.0,0.0,0.0,0.0,0.0,0.0,0.0,0.0,0.0,0.0,0.0,0.0,0.0,0.0,0.6871726738125904,0.0,0.0,0.0,0.0,0.0,0.0,0.0,0.0,0.0,0.0,0.0,0.0,0.0,0.0,0.0,0.0,0.0,0.0,0.0,0.0,0.0,0.0,0.0,0.7264941268621895,0.0,0.0,0.0,0.0,0.0,0.0,0.0,0.0
B00LM4X3XE,90.0,100.0,10.0,10.0,0.1,-0.4943820224719101,0.1290322580645161,0,4.3,3061,8.026823576217629,34.5153413777358,3.87,0.2903225806451613,0,5,0,1,1.0,0.9886,9,7,7,0.0,1.4,0.0,0.0,2,0.0,0.0,0.0,1.0,0.0,0.0,0.0,0.0,0.0,0.0,0.0,0.0,0.0,0.0,0.0,0.0,0.0,0.0,0.0,0.0,0.0,0.0,0.0,0.0,0.0,0.0,0.0,0.0,0.0,0.0,0.0,0.0,0.0,0.0,0.0,0.0,0.0,0.0,0.0,0.0,0.0,0.0,0.0,0.0,0.0,0.0,0.0,0.0,0.0,0.0
B09YLFHFDW,1599.0,2790.0,43.0,1191.0,0.4268817204301075,0.1429592566118656,0.55893536121673,2,3.6,2272,7.728855823852543,27.823880965869154,2.0520000000000005,0.2851711026615969,0,29,1,1,0.8620689655172413,0.9988,87,4,2,0.0,0.0,0.0,0.0,4,0.0,0.0,0.4503288249733015,0.2437562587780089,0.0,0.4394157025526873,0.0,0.0,0.0,0.0,0.0,0.0,0.0,0.0,0.0,0.0,0.3581853130408212,0.0,0.0,0.0,0.0,0.0,0.0,0.0,0.0,0.0,0.4725651255930968,0.0,0.0,0.0,0.0,0.0,0.0,0.0,0.0,0.0,0.0,0.0,0.0,0.0,0.0,0.0,0.0,0.0,0.0,0.0,0.0,0.0,0.0,0.4394157025526873
B07YWS9SP9,599.0,999.0,40.0,400.0,0.4004004004004004,0.7163323782234957,0.6873614190687362,2,4.0,7601,8.936166649549195,35.74466659819678,2.4,0.4944567627494456,0,17,1,1,0.8823529411764706,0.9814,38,4,1,0.0,0.0,0.0,0.0,4,0.0,0.0,0.0,0.0,0.4673063861869826,0.0,0.0,0.0,0.0,0.0,0.0,0.0,0.0,0.0,0.0,0.0,0.0,0.0,0.0,0.0,0.0,0.0,0.0,0.0,0.4619434309072155,0.4328590207835648,0.0,0.0,0.0,0.0,0.0,0.0,0.0,0.0,0.0,0.0,0.0,0.0,0.0,0.0,0.0,0.0,0.6171434810453938,0.0,0.0,0.0,0.0,0.0,0.0,0.0
B002PD61Y4,507.0,1208.0,58.0,701.0,0.5802980132450332,0.4527220630372492,0.6374722838137472,2,4.1,8131,9.003562174748238,36.91460491646777,1.722,0.5199556541019955,0,9,1,1,1.0,0.8718,51,4,1,1.2,0.0,0.0,0.0,0,0.0,0.6252438302085017,0.0,0.3245806624570699,0.0,0.0,0.0,0.0,0.0,0.0,0.0,0.0,0.0,0.0,0.0,0.0,0.0,0.0,0.0,0.0,0.0,0.0,0.0,0.0,0.0,0.0,0.0,0.0,0.0,0.0,0.0,0.0,0.0,0.0,0.0,0.0,0.0,0.0,0.0,0.0,0.0,0.0,0.4016915230852076,0.0,0.0,0.0,0.0,0.0,0.0,0.5851166265169859
B08WLY8V9S,425.0,899.0,53.0,474.0,0.5272525027808677,0.2177650429799427,0.5831485587583148,0,4.5,4219,8.347590407030058,37.56415683163526,2.115,0.401330376940133,0,27,0,1,0.9629629629629628,0.9967,239,5,1,1.2,0.0,0.0,0.0,0,0.0,0.0,0.0,0.0,0.5681058541203969,0.0,0.0,0.0,0.0,0.0,0.0,0.0,0.0,0.0,0.0,0.0,0.0,0.0,0.0,0.0,0.6015619663347648,0.0,0.0,0.0,0.56158609239687,0.0,0.0,0.0,0.0,0.0,0.0,0.0,0.0,0.0,0.0,0.0,0.0,0.0,0.0,0.0,0.0,0.0,0.0,0.0,0.0,0.0,0.0,0.0,0.0,0.0
B0873L7J6X,1499.0,3999.0,63.0,2500.0,0.6251562890722681,0.0714796283059328,0.5275665399239544,2,4.2,42775,10.663732476628567,44.78767640183998,1.554,0.8422053231939164,1,27,1,1,0.8518518518518519,0.9987,53,4,2,1.2,0.0,1.1,0.0,0,0.0,0.0,0.0,0.2572010994170067,0.0,0.4636525124082014,0.0,0.0,0.5052405951657053,0.0,0.0,0.0,0.0,0.0,0.0,0.0,0.0,0.0,0.0,0.0,0.0,0.0,0.0,0.0,0.0,0.0,0.4986303550029942,0.0,0.0,0.0,0.0,0.0,0.0,0.0,0.0,0.0,0.0,0.0,0.0,0.0,0.0,0.0,0.0,0.0,0.0,0.0,0.0,0.0,0.0,0.4636525124082014
B07YNHCW6N,549.0,2499.0,78.0,1950.0,0.78031212484994,0.5730659025787965,0.6496674057649667,2,4.3,5556,8.622813673279921,37.078098795103664,0.9459999999999998,0.4390243902439024,0,29,1,1,0.9655172413793104,0.8941,147,5,1,1.2,0.0,0.0,0.0,0,0.383345345563966,0.0,0.0,0.2074991030391521,0.0,0.0,0.0,0.0,0.0,0.0,0.0,0.0,0.0,0.0,0.0,0.0,0.0,0.0,0.0,0.0,0.0,0.0,0.8383674487190244,0.0,0.0,0.0,0.0,0.0,0.0,0.0,0.0,0.0,0.0,0.0,0.0,0.3273079424651117,0.0,0.0,0.0,0.0,0.0,0.0,0.0,0.0,0.0,0.0,0.0,0.0,0.0,0.0
B07232M876,199.0,395.0,50.0,196.0,0.4962025316455696,-0.4297994269340974,0.2139689578713969,0,4.2,92595,11.436001223156996,48.03120513725938,2.1,0.9556541019955654,1,17,1,1,0.8823529411764706,0.9992,52,5,1,1.2,0.0,1.1,0.0,0,0.0,0.0,0.0,0.2825068859918161,0.0,0.0,0.0,0.3603078675957291,0.0,0.0,0.4064945680332518,0.0,0.0,0.0,0.0,0.0,0.4151270531573129,0.0,0.0,0.0,0.0,0.0,0.0,0.0,0.0,0.0,0.0,0.5749470223812232,0.0,0.0,0.0,0.0,0.0,0.0,0.0,0.0,0.0,0.0,0.0,0.0,0.0,0.0,0.3496222493880733,0.0,0.0,0.0,0.0,0.0,0.0,0.0
B01MQ2A86A,1295.0,1645.0,21.0,350.0,0.2127659574468085,2.710601719197708,0.8702882483370288,2,4.6,12375,9.4235143922529,43.34816620436335,3.634,0.647450110864745,1,24,1,1,0.9583333333333334,0.9943,194,4,1,0.0,1.4,0.0,0.0,2,0.0,0.0,0.519908895051693,0.2814189102168235,0.0,0.0,0.0,0.0,0.0,0.0,0.0,0.0,0.0,0.0,0.0,0.0,0.0,0.0,0.0,0.0,0.0,0.0,0.0,0.0,0.5213818958379349,0.0,0.0,0.0,0.0,0.0,0.0,0.0,0.0,0.0,0.0,0.0,0.0,0.0,0.0,0.0,0.0,0.0,0.3482758024283922,0.0,0.0,0.0,0.0,0.0,0.0,0.5073095918212107
B00KIE28X0,310.0,310.0,0.0,0.0,0.0,-0.7414512093411176,0.1205357142857142,0,4.5,5882,8.679822114864455,39.05919951689005,4.5,0.7075892857142857,0,10,1,0,1.0,0.8591,9,4,4,0.0,1.4,0.0,0.0,2,0.0,0.0,0.0,0.0,0.0,0.0,0.0,0.0,0.0,0.0,0.0,0.0,0.0,0.0,0.0,0.0,0.0,0.0,0.0,0.0,0.0,0.0,0.0,0.0,0.0,0.0,0.0,0.0,0.0,0.0,0.0,0.0,0.0,0.0,0.0,0.0,0.0,0.0,0.0,0.0,0.0,0.0,0.0,0.0,0.0,0.0,0.0,0.0,0.0,0.0
B08BQ947H3,149.0,149.0,0.0,0.0,0.0,-0.5730659025787965,0.0997782705099778,0,4.3,10833,9.290444616217844,39.94891184973672,4.3,0.6175166297117517,1,21,1,0,0.9047619047619048,0.998,184,4,1,0.0,1.4,0.0,0.0,2,0.0,0.0,0.0,0.0,0.0,0.0,0.0,0.0,0.0,0.0,0.0,0.0,0.0,0.0,0.0,0.0,0.0,0.0,0.0,0.0,0.0,0.0,0.0,0.0,0.4904754480738697,0.0,0.0,0.0,0.0,0.521801606212152,0.0,0.4863616245131188,0.0,0.0,0.0,0.0,0.0,0.0,0.0,0.0,0.0,0.500608918010971,0.0,0.0,0.0,0.0,0.0,0.0,0.0,0.0
B0BHYJ8CVF,1149.0,1499.0,23.0,350.0,0.2334889926617745,2.292263610315186,0.844789356984479,2,4.1,10443,9.25378292981902,37.94051001225797,3.157,0.5986696230598669,1,22,1,0,0.9090909090909092,0.9837,4,4,1,0.0,0.0,0.0,0.0,4,0.0,0.0,0.0,0.0,0.0,0.0,0.0,0.0,0.0,0.0,0.0,0.0,0.0,0.0,0.0,0.0,0.0,0.4247861928151946,0.0,0.0,0.0,0.0,0.0,0.0,0.0,0.0,0.0,0.0,0.0,0.0,0.0,0.0,0.0,0.0,0.0,0.0,0.0,0.0,0.0,0.0,0.0,0.0,0.2939156179529024,0.0,0.0,0.0,0.0,0.0,0.0,0.8562536422795151
B0BCVJ3PVP,499.0,1299.0,62.0,800.0,0.6158583525789069,0.4297994269340974,0.6219512195121951,0,4.5,434,6.075346031088684,27.33905713989908,1.71,0.1019955654101995,0,25,1,1,0.92,0.9787,231,4,1,1.2,0.0,0.0,0.0,0,0.0,0.0,0.0,0.0,0.0,0.0,0.0,0.0,0.0,0.0,0.0,0.0,0.0,0.0,0.0,0.0,0.0,0.0,0.0,0.0,0.0,0.0,0.0,0.0,0.9448616894669036,0.0,0.0,0.0,0.0,0.0,0.3274696745925468,0.0,0.0,0.0,0.0,0.0,0.0,0.0,0.0,0.0,0.0,0.0,0.0,0.0,0.0,0.0,0.0,0.0,0.0,0.0
B0B2931FCV,999.0,4199.0,76.0,3200.0,0.7620862110026196,-0.2859185132237312,0.4230038022813688,2,3.5,1913,7.5569505720129,26.44932700204515,0.84,0.2604562737642585,0,33,1,1,0.8484848484848485,0.959,157,4,2,0.0,0.0,0.0,0.0,4,0.0,0.0,0.0,0.3101457428810126,0.0,0.0,0.0,0.0,0.0,0.0,0.0,0.0,0.0,0.0,0.0,0.0,0.0,0.0,0.0,0.0,0.0,0.0,0.0,0.0,0.0,0.0,0.6012730203174281,0.0,0.0,0.0,0.0,0.0,0.0,0.0,0.0,0.0,0.0,0.0,0.0,0.0,0.4792631175413757,0.0,0.0,0.0,0.0,0.0,0.0,0.0,0.0,0.5590950164110426
B09TMZ1MF8,1709.0,4000.0,57.0,2291.0,0.57275,3.896848137535817,0.9290465631929048,2,4.4,3029,8.016317898503415,35.27179875341503,1.8920000000000003,0.368070953436807,0,18,1,0,1.0,0.9912,71,3,1,1.2,0.0,0.0,0.0,0,0.0,0.0,0.0,0.0,0.0,0.0,0.0,0.0,0.0,0.0,0.0,0.0,0.0,0.0,0.0,0.0,0.0,0.0,0.0,0.0,0.0,1.0,0.0,0.0,0.0,0.0,0.0,0.0,0.0,0.0,0.0,0.0,0.0,0.0,0.0,0.0,0.0,0.0,0.0,0.0,0.0,0.0,0.0,0.0,0.0,0.0,0.0,0.0,0.0,0.0
B07VV37FT4,250.0,250.0,0.0,0.0,0.0,0.4044943820224719,0.6129032258064516,0,4.2,2628,7.874358824729881,33.0723070638655,4.2,0.2580645161290322,0,28,1,1,0.8571428571428571,0.5927,15,7,7,0.0,0.0,0.0,0.0,4,0.0,0.0,0.0,0.0,0.5649495416545841,0.0,0.0,0.0,0.0,0.0,0.0,0.0,0.0,0.0,0.0,0.0,0.0,0.0,0.0,0.0,0.5982197766362602,0.0,0.0,0.0,0.0,0.0,0.0,0.0,0.0,0.0,0.0,0.0,0.0,0.0,0.0,0.0,0.0,0.0,0.0,0.0,0.0,0.0,0.0,0.0,0.0,0.5683001972774057,0.0,0.0,0.0,0.0
B07P681N66,1199.0,2199.0,45.0,1000.0,0.4547521600727603,2.4355300859598854,0.8569844789356984,2,4.4,24780,10.117832509493988,44.51846304177355,2.4200000000000004,0.8137472283813747,1,32,1,0,0.90625,0.9965,134,4,1,0.0,0.0,1.1,0.0,3,0.7851867890404455,0.4093509380514477,0.0,0.0,0.0,0.0,0.0,0.0,0.0,0.0,0.0,0.0,0.0,0.0,0.0,0.0,0.0,0.0,0.0,0.0,0.0,0.0,0.0,0.0,0.0,0.0,0.0,0.0,0.0,0.0,0.0,0.0,0.0,0.0,0.0,0.0,0.0,0.0,0.0,0.0,0.0,0.0,0.2629898830467638,0.0,0.0,0.0,0.0,0.0,0.0,0.3830794137614345
B07JB2Y4SR,90.0,100.0,10.0,10.0,0.1,-0.9249374478732276,0.0089285714285714,0,4.4,10718,9.27977314669152,40.83100184544269,3.96,0.828125,1,27,1,1,0.8518518518518519,0.5074,12,5,4,0.0,1.4,1.1,0.0,2,0.7973137210750373,0.0,0.0,0.0,0.0,0.0,0.0,0.0,0.0,0.0,0.0,0.0,0.0,0.0,0.0,0.0,0.0,0.0,0.0,0.0,0.4282446712894617,0.0,0.0,0.0,0.0,0.0,0.0,0.0,0.0,0.425320269558904,0.0,0.0,0.0,0.0,0.0,0.0,0.0,0.0,0.0,0.0,0.0,0.0,0.0,0.0,0.0,0.0,0.0,0.0,0.0,0.0
B08KRMK9LZ,2025.0,5999.0,66.0,3974.0,0.6624437406234372,0.4474624731951394,0.6406844106463878,3,4.2,6233,8.737773460327283,36.69864853337459,1.428,0.4144486692015209,0,31,1,0,0.9032258064516128,0.9755,192,4,2,1.2,0.0,0.0,0.0,0,0.2677777287628229,0.0,0.0,0.0,0.0,0.0,0.0,0.0,0.0,0.0,0.0,0.0,0.0,0.0,0.0,0.0,0.0,0.0,0.0,0.0,0.0,0.0,0.8784355955452814,0.0,0.0,0.0,0.0,0.0,0.2928118651817604,0.0,0.0,0.2662840664899222,0.0,0.0,0.0,0.0,0.0,0.0,0.0,0.0,0.0,0.0,0.0,0.0,0.0,0.0,0.0,0.0,0.0,0.0
B08LT9BMPP,1495.0,1995.0,25.0,500.0,0.2506265664160401,3.2836676217765044,0.9013303769401332,2,4.5,10541,9.263122557415151,41.684051508368185,3.375,0.6008869179600886,1,26,1,1,0.9615384615384616,0.9963,120,4,1,0.0,1.4,0.0,0.0,2,0.0,0.0,0.0,0.4046448556322327,0.0,0.0,0.0,0.0,0.0,0.0,0.0,0.0,0.0,0.0,0.0,0.0,0.0,0.0,0.0,0.0,0.0,0.0,0.0,0.0,0.0,0.0,0.0,0.0,0.0,0.0,0.0,0.0,0.0,0.0,0.0,0.0,0.0,0.0,0.765170120721698,0.0,0.0,0.0,0.500776624020243,0.0,0.0,0.0,0.0,0.0,0.0,0.0
B082T6V3DT,799.0,2100.0,62.0,1301.0,0.6195238095238095,1.2893982808022924,0.7594235033259423,2,4.3,8188,9.010547069270189,38.74535239786181,1.634,0.5254988913525499,0,21,1,1,0.9047619047619048,0.9893,22,5,1,1.2,0.0,0.0,0.0,0,0.0,0.0,0.0,0.0,0.0,0.0,0.0,0.2917930287868093,0.0,0.4572308370382322,0.3291970335904323,0.0,0.0,0.0,0.0,0.0,0.3361879966163441,0.0,0.0,0.0,0.0,0.0,0.4621877098626533,0.4365986302129424,0.0,0.0,0.0,0.0,0.0,0.0,0.0,0.0,0.0,0.0,0.0,0.0,0.0,0.0,0.0,0.0,0.0,0.0,0.283139349026561,0.0,0.0,0.0,0.0,0.0,0.0,0.0
B0814ZY6FP,899.0,1199.0,25.0,300.0,0.250208507089241,-0.357398141529664,0.400190114068441,2,3.8,10751,9.282847062762931,35.27481883849914,2.85,0.5038022813688213,1,19,1,1,0.9473684210526316,0.8965,73,4,2,0.0,0.0,0.0,0.0,4,0.0,0.0,0.0,0.0,0.0,0.5260851390320147,0.0,0.0,0.0,0.0,0.0,0.0,0.0,0.0,0.0,0.0,0.0,0.0,0.0,0.0,0.0,0.0,0.0,0.0,0.0,0.0,0.0,0.0,0.0,0.0,0.562163972851317,0.0,0.0,0.0,0.0,0.0,0.0,0.0,0.0,0.0,0.0,0.0,0.3611655030693756,0.0,0.0,0.0,0.0,0.0,0.0,0.5260851390320147
B09F3PDDRF,349.0,999.0,65.0,650.0,0.6506506506506506,0.0,0.4866962305986696,0,3.9,817,6.706862336602747,26.15676311275071,1.365,0.164079822616408,0,25,1,1,0.84,0.9906,138,5,1,1.2,0.0,0.0,0.0,0,0.0,0.3672395281694046,0.0,0.0,0.3573042966199281,0.0,0.0,0.4862922531839083,0.0,0.0,0.0,0.0,0.0,0.0,0.0,0.0,0.0,0.0,0.0,0.0,0.0,0.0,0.0,0.0,0.0,0.0,0.0,0.0,0.0,0.0,0.0,0.0,0.0,0.0,0.0,0.0,0.0,0.0,0.0,0.0,0.0,0.0,0.7078054909791031,0.0,0.0,0.0,0.0,0.0,0.0,0.0
B07X963JNS,900.0,2499.0,64.0,1599.0,0.6398559423769508,-0.3566833452466047,0.4049429657794677,2,4.0,36384,10.501911880781186,42.007647523124746,1.44,0.8241444866920152,1,13,1,1,0.9230769230769232,0.5387,75,5,2,1.2,0.0,1.1,0.0,0,0.0,0.0,0.0,0.0,0.5570964487917095,0.0,0.0,0.0,0.0,0.0,0.4277012386632511,0.0,0.0,0.0,0.0,0.0,0.4367840773298702,0.0,0.0,0.0,0.0,0.0,0.0,0.0,0.0,0.0,0.0,0.0,0.0,0.0,0.0,0.0,0.0,0.0,0.0,0.0,0.0,0.0,0.0,0.0,0.0,0.0,0.0,0.0,0.0,0.0,0.5620808366958269,0.0,0.0,0.0
B09LD3116F,2490.0,3990.0,38.0,1500.0,0.3759398496240601,0.779842744817727,0.6634980988593155,3,4.1,3606,8.19063168090354,33.58158989170451,2.542,0.3498098859315589,0,40,1,0,0.95,0.9864,208,4,2,0.0,0.0,0.0,0.0,4,0.0,0.0,0.0,0.0,0.0,0.0,0.0,0.0,0.0,0.0,0.0,0.0,0.0,0.0,0.0,0.0,0.0,0.0,0.7299842114210409,0.0,0.0,0.0,0.0,0.0,0.0,0.0,0.0,0.0,0.0,0.0,0.0,0.0,0.0,0.0,0.0,0.6834640086178652,0.0,0.0,0.0,0.0,0.0,0.0,0.0,0.0,0.0,0.0,0.0,0.0,0.0,0.0
B08Y5QJTVK,116.0,200.0,42.0,84.0,0.42,-0.917083631165118,0.0256653992395437,0,4.4,357,5.8805329864007,25.874345140163083,2.5520000000000005,0.1121673003802281,0,14,1,0,1.0,0.9292,49,2,2,0.0,0.0,0.0,0.0,4,0.0,0.0,1.0,0.0,0.0,0.0,0.0,0.0,0.0,0.0,0.0,0.0,0.0,0.0,0.0,0.0,0.0,0.0,0.0,0.0,0.0,0.0,0.0,0.0,0.0,0.0,0.0,0.0,0.0,0.0,0.0,0.0,0.0,0.0,0.0,0.0,0.0,0.0,0.0,0.0,0.0,0.0,0.0,0.0,0.0,0.0,0.0,0.0,0.0,0.0
B00LY1FN1K,200.0,230.0,13.0,30.0,0.1304347826086956,-0.8331943286071727,0.0602678571428571,0,4.4,10170,9.227295812625597,40.60010157555263,3.828,0.8169642857142857,1,10,1,0,1.0,0.91,22,4,4,0.0,1.4,1.1,0.0,2,0.6988293959618654,0.0,0.0,0.0,0.0,0.0,0.0,0.0,0.0,0.0,0.0,0.0,0.0,0.0,0.0,0.0,0.0,0.0,0.0,0.0,0.0,0.0,0.0,0.0,0.0,0.0,0.0,0.0,0.0,0.0,0.0,0.0,0.0,0.0,0.0,0.0,0.0,0.0,0.0,0.0,0.0,0.7152883861349729,0.0,0.0,0.0,0.0,0.0,0.0,0.0,0.0
B07DJ5KYDZ,1249.0,2796.0,55.0,1547.0,0.5532904148783977,2.5787965616045847,0.8669623059866962,2,4.4,4598,8.433594167539924,37.10781433717567,1.98,0.4079822616407982,0,16,1,1,0.8125,0.9504,46,4,1,1.2,0.0,0.0,0.0,0,0.0,0.552927493879973,0.0,0.287039333430033,0.0,0.0,0.0,0.0,0.0,0.5736496342905318,0.0,0.0,0.0,0.0,0.0,0.0,0.0,0.0,0.0,0.0,0.0,0.0,0.0,0.0,0.5317947956251488,0.0,0.0,0.0,0.0,0.0,0.0,0.0,0.0,0.0,0.0,0.0,0.0,0.0,0.0,0.0,0.0,0.0,0.0,0.0,0.0,0.0,0.0,0.0,0.0,0.0
B009LJ2BXA,649.0,999.0,35.0,350.0,0.3503503503503503,0.8595988538681948,0.7106430155210643,2,3.5,7222,8.885025658050846,31.09758980317796,2.275,0.4767184035476718,0,23,1,1,0.782608695652174,0.9585,40,4,1,0.0,0.0,0.0,0.0,4,0.0,0.0,0.0,0.0,0.0,0.0,0.0,0.0,0.0,0.0,0.0,0.0,0.0,0.0,0.0,0.0,0.0,0.0,0.0,0.0,0.515572313807075,0.0,0.0,0.0,0.4813107497853383,0.0,0.5036499373383068,0.0,0.0,0.0,0.0,0.0,0.0,0.0,0.0,0.0,0.0,0.0,0.0,0.0,0.0,0.0,0.0,0.4988605937492099,0.0,0.0,0.0,0.0,0.0,0.0
B09BVCVTBC,2649.0,3499.0,24.0,850.0,0.2429265504429837,6.590257879656161,0.9623059866962306,3,4.5,1271,7.148345743900068,32.167555847550304,3.42,0.2150776053215077,0,24,1,1,0.9583333333333334,0.9983,170,4,1,0.0,1.4,0.0,0.0,2,0.0,0.0,0.0,0.0,0.0,0.0,0.0,0.0,0.0,0.0,0.0,0.0,0.0,0.0,0.0,0.0,0.0,0.595683287211884,0.0,0.0,0.0,0.0,0.0,0.0,0.0,0.0,0.0,0.0,0.0,0.0,0.0,0.6118463317616659,0.0,0.0,0.0,0.0,0.0,0.0,0.0,0.0,0.0,0.0,0.0,0.0,0.0,0.0,0.0,0.0,0.520389745908043,0.0
B0BFWGBX61,199.0,349.0,43.0,150.0,0.4297994269340974,-0.4297994269340974,0.2139689578713969,0,4.1,314,5.752572638825633,23.58554781918509,2.337,0.0742793791574279,0,17,1,1,1.0,0.9565,75,5,1,0.0,0.0,0.0,0.0,4,0.0,0.0,0.0,0.0,0.4047657690597782,0.0,0.4024179115836265,0.2754437320091534,0.0,0.0,0.6215039466535077,0.0,0.0,0.0,0.0,0.0,0.3173512294988472,0.0,0.0,0.0,0.0,0.0,0.0,0.0,0.0,0.0,0.0,0.0,0.0,0.0,0.0,0.0,0.0,0.0,0.0,0.0,0.0,0.0,0.0,0.0,0.3337308624635611,0.0,0.0,0.0,0.0,0.0,0.0,0.0,0.0,0.0
B07SY4C3TD,596.0,723.0,18.0,127.0,0.1756569847856154,0.7077363896848138,0.6696230598669624,2,4.4,3219,8.077136638538454,35.5394012095692,3.608000000000001,0.3791574279379157,0,6,1,0,1.0,0.9713,75,4,1,0.0,1.4,0.0,0.0,2,0.0,0.0,0.0,0.0,0.0,0.0,0.0,0.0,0.0,0.0,0.0,0.0,0.0,0.0,0.0,0.0,0.0,0.0,0.0,0.0,0.0,0.0,0.0,0.0,0.0,0.0,0.0,0.0,0.0,0.0,0.0,0.0,0.0,0.0,0.0,0.0,0.0,0.0,0.0,0.0,0.0,0.0,0.0,0.0,0.0,0.0,0.0,0.0,0.0,0.0
B094JB13XL,2499.0,5999.0,58.0,3500.0,0.5834305717619603,0.7862759113652609,0.6730038022813688,3,4.1,38879,10.568235258574376,43.329764560154935,1.722,0.8317490494296578,1,26,1,1,0.9615384615384616,0.9023,84,3,2,1.2,0.0,1.1,0.0,0,0.0,0.0,0.0,0.0,0.4151481506790482,0.0,0.0,0.0,0.0,0.0,0.0,0.0,0.0,0.0,0.4365945660930155,0.0,0.0,0.0,0.373186268195202,0.0,0.0,0.0,0.0,0.0,0.0,0.0,0.0,0.0,0.0,0.0,0.0,0.0,0.0,0.0,0.0,0.3494039718000438,0.0,0.0,0.0,0.0,0.0,0.4188625154450585,0.0,0.0,0.4474821389974678,0.0,0.0,0.0,0.0,0.0
B08CRRQK6Z,4999.0,12499.0,60.0,7500.0,0.6000480038403072,2.573266619013581,0.7290874524714829,3,4.2,4541,8.421122722665503,35.368715435195114,1.6800000000000002,0.370722433460076,0,19,1,1,0.9473684210526316,0.9984,103,4,2,1.2,0.0,0.0,0.0,0,0.0,0.0,0.0,0.3184270031608193,0.0,0.5740235184405512,0.0,0.0,0.0,0.0,0.0,0.0,0.0,0.0,0.0,0.0,0.0,0.0,0.0,0.0,0.0,0.0,0.0,0.0,0.0,0.0,0.0,0.0,0.0,0.0,0.0,0.0,0.0,0.6432770800768463,0.0,0.0,0.0,0.0,0.0,0.0,0.0,0.0,0.3940759345392163,0.0,0.0,0.0,0.0,0.0,0.0,0.0
B08MTLLSL8,399.0,1290.0,69.0,891.0,0.6906976744186046,-0.7147962830593281,0.2480988593155893,0,4.2,76042,11.239054248743637,47.20402784472327,1.3020000000000005,0.9106463878326996,1,11,1,1,0.8181818181818182,0.9759,151,4,2,1.2,0.0,1.1,0.0,0,0.0,0.0,0.0,0.0,0.0,0.0,0.0,0.0,0.0,0.0,0.0,0.0,0.0,0.0,0.0,0.0,0.0,0.0,0.0,0.0,0.0,0.0,0.0,0.0,0.0,0.0,1.0,0.0,0.0,0.0,0.0,0.0,0.0,0.0,0.0,0.0,0.0,0.0,0.0,0.0,0.0,0.0,0.0,0.0,0.0,0.0,0.0,0.0,0.0,0.0
B08Y57TPDM,116.0,200.0,42.0,84.0,0.42,-0.917083631165118,0.0256653992395437,0,4.3,485,6.186208623900494,26.60069708277212,2.494,0.1349809885931558,0,14,1,0,1.0,0.8235,49,2,2,0.0,0.0,0.0,0.0,4,0.0,0.0,1.0,0.0,0.0,0.0,0.0,0.0,0.0,0.0,0.0,0.0,0.0,0.0,0.0,0.0,0.0,0.0,0.0,0.0,0.0,0.0,0.0,0.0,0.0,0.0,0.0,0.0,0.0,0.0,0.0,0.0,0.0,0.0,0.0,0.0,0.0,0.0,0.0,0.0,0.0,0.0,0.0,0.0,0.0,0.0,0.0,0.0,0.0,0.0
B09CYTJV3N,4499.0,5999.0,25.0,1500.0,0.2500416736122687,2.215868477483917,0.7214828897338403,3,4.3,44696,10.707661664255449,46.04294515629843,3.225,0.8460076045627376,1,31,1,1,0.935483870967742,0.9869,25,4,2,0.0,1.4,1.1,0.0,2,0.0,0.0,0.0,0.0,0.0,0.4471288831030469,0.0,0.0,0.0,0.0,0.0,0.0,0.0,0.0,0.0,0.0,0.0,0.0,0.0,0.0,0.4922430853893785,0.0,0.0,0.0,0.0,0.0,0.0,0.0,0.0,0.0,0.0,0.4556775428748646,0.0,0.0,0.0,0.0,0.0,0.0,0.0,0.0,0.0,0.0,0.0,0.0,0.0,0.0,0.0,0.0,0.3875645050774317,0.4471288831030469
B07GLNJC25,330.0,499.0,34.0,169.0,0.3386773547094188,-0.0544412607449856,0.4501108647450111,0,3.7,8566,9.055672891964043,33.505989700266966,2.442,0.541019955654102,0,17,1,1,0.9411764705882352,0.8336,29,3,1,0.0,0.0,0.0,0.0,4,0.0,0.0,0.0,0.3387011642252041,0.0,0.0,0.0,0.0,0.0,0.0,0.0,0.0,0.5619736553381068,0.0,0.0,0.0,0.0,0.0,0.0,0.0,0.0,0.0,0.0,0.0,0.6275081336580904,0.0,0.0,0.0,0.0,0.0,0.0,0.0,0.0,0.0,0.0,0.0,0.0,0.0,0.0,0.0,0.0,0.0,0.4191666425794855,0.0,0.0,0.0,0.0,0.0,0.0,0.0
B08FY4FG5X,649.0,2499.0,74.0,1850.0,0.740296118447379,-0.536097212294496,0.3536121673003802,2,3.9,13049,9.47654341275084,36.958519309728274,1.014,0.5437262357414449,1,24,1,1,0.875,0.9992,107,4,2,1.2,0.0,0.0,0.0,0,0.0,0.0,0.0,0.4584226388151722,0.0,0.0,0.0,0.0,0.0,0.0,0.0,0.0,0.0,0.0,0.0,0.0,0.0,0.0,0.0,0.0,0.0,0.0,0.0,0.0,0.0,0.0,0.8887343158794613,0.0,0.0,0.0,0.0,0.0,0.0,0.0,0.0,0.0,0.0,0.0,0.0,0.0,0.0,0.0,0.0,0.0,0.0,0.0,0.0,0.0,0.0,0.0
B07TMCXRFV,1234.0,1599.0,23.0,365.0,0.2282676672920575,2.535816618911175,0.8647450110864745,2,4.5,16680,9.722025626154055,43.749115317693246,3.465,0.7184035476718403,1,28,1,1,0.8928571428571429,0.9679,100,4,1,0.0,1.4,0.0,0.0,2,0.3236229787862089,0.0,0.0,0.0,0.0,0.0,0.0,0.0,0.0,0.0,0.0,0.0,0.2906461988717591,0.0,0.0,0.0,0.0,0.0,0.2951233133354095,0.0,0.0,0.0,0.7077560069829324,0.0,0.0,0.0,0.0,0.0,0.0,0.3452678887482782,0.0,0.3218178121045359,0.0,0.0,0.0,0.0,0.0,0.0,0.0,0.0,0.0,0.0,0.0,0.0,0.0,0.0,0.0,0.0,0.0,0.0
B01FSYQ2A4,1399.0,2990.0,53.0,1591.0,0.5321070234113713,0.0,0.5,2,4.1,97174,11.484268755720423,47.08550189845373,1.927,0.929657794676806,1,19,1,1,0.8421052631578947,0.9996,114,4,2,1.2,0.0,1.1,0.0,0,0.0,0.0,0.0,0.0,0.0,0.5642404891029396,0.0,0.0,0.0,0.0,0.0,0.0,0.0,0.0,0.0,0.0,0.0,0.5598377802169499,0.0,0.0,0.0,0.0,0.0,0.0,0.0,0.0,0.6068066663267911,0.0,0.0,0.0,0.0,0.0,0.0,0.0,0.0,0.0,0.0,0.0,0.0,0.0,0.0,0.0,0.0,0.0,0.0,0.0,0.0,0.0,0.0,0.0
B00LZPQVMK,272.0,320.0,15.0,48.0,0.15,0.5280898876404494,0.6774193548387096,0,4.0,3686,8.212568398234145,32.85027359293658,3.4,0.4193548387096774,0,10,0,1,1.0,0.4215,70,7,7,0.0,0.0,0.0,0.0,4,0.0,0.0,0.0,1.0,0.0,0.0,0.0,0.0,0.0,0.0,0.0,0.0,0.0,0.0,0.0,0.0,0.0,0.0,0.0,0.0,0.0,0.0,0.0,0.0,0.0,0.0,0.0,0.0,0.0,0.0,0.0,0.0,0.0,0.0,0.0,0.0,0.0,0.0,0.0,0.0,0.0,0.0,0.0,0.0,0.0,0.0,0.0,0.0,0.0,0.0
B08X77LM8C,99.0,999.0,90.0,900.0,0.9009009009009008,-0.9292351679771264,0.0180608365019011,0,3.8,594,6.38856140554563,24.276533341073392,0.3799999999999999,0.1539923954372623,0,18,1,1,0.8333333333333334,0.9842,58,3,2,1.2,0.0,0.0,0.0,0,0.6673923800117948,0.0,0.0,0.3612495151698787,0.0,0.6512190099280885,0.0,0.0,0.0,0.0,0.0,0.0,0.0,0.0,0.0,0.0,0.0,0.0,0.0,0.0,0.0,0.0,0.0,0.0,0.0,0.0,0.0,0.0,0.0,0.0,0.0,0.0,0.0,0.0,0.0,0.0,0.0,0.0,0.0,0.0,0.0,0.0,0.0,0.0,0.0,0.0,0.0,0.0,0.0,0.0
B01EJ5MM5M,3498.0,3875.0,10.0,377.0,0.0972903225806451,9.022922636103152,0.9711751662971176,3,3.4,12185,9.40804303080844,31.98734630474869,3.06,0.6452328159645233,1,12,1,0,0.9166666666666666,0.7207,249,4,1,0.0,0.0,0.0,0.0,4,0.0,0.0,0.0,0.0,0.0,0.0,0.0,0.0,0.0,0.0,0.0,0.0,0.0,0.0,0.0,0.0,0.0,0.0,0.0,0.0,0.0,0.0,0.0,0.0,0.0,0.0,0.0,0.0,0.0,0.0,0.0,0.0,0.0,0.0,0.0,0.0,0.0,0.0,0.0,0.0,0.0,0.0,0.0,0.0,0.0,0.0,0.0,0.0,0.0,0.0
B08J82K4GX,10099.0,19110.0,47.0,9011.0,0.4715332286760858,27.936962750716333,0.9933481152993348,1,4.3,2623,7.8724551500639794,33.85155714527511,2.279,0.3259423503325942,0,20,1,1,1.0,0.9929,69,2,1,1.2,0.0,0.0,0.0,0,0.0,0.0,0.0,0.0,0.6973450955315309,0.0,0.0,0.0,0.0,0.0,0.0,0.0,0.0,0.0,0.0,0.0,0.0,0.0,0.0,0.0,0.0,0.0,0.0,0.0,0.0,0.0,0.0,0.0,0.0,0.0,0.0,0.0,0.0,0.0,0.7167355284469441,0.0,0.0,0.0,0.0,0.0,0.0,0.0,0.0,0.0,0.0,0.0,0.0,0.0,0.0,0.0
B07Z1Z77ZZ,449.0,999.0,55.0,550.0,0.5505505505505506,0.2865329512893982,0.5953436807095344,0,4.3,9701,9.18008732880516,39.47437551386219,1.935,0.5809312638580931,0,27,1,1,0.9629629629629628,0.9076,102,5,1,1.2,0.0,0.0,0.0,0,0.0,0.0,0.0,0.233017503305054,0.0,0.0,0.0,0.0,0.0,0.0,0.0,0.0,0.0,0.0,0.0,0.0,0.0,0.0,0.0,0.0,0.0,0.0,0.0,0.0,0.8634182226276595,0.0,0.0,0.0,0.0,0.0,0.0,0.0,0.0,0.0,0.0,0.0,0.0,0.0,0.0,0.0,0.0,0.0,0.0,0.4474503503048941,0.0,0.0,0.0,0.0,0.0,0.0
B00DJ5N9VK,150.0,150.0,0.0,0.0,0.0,0.0,1.0,0,4.3,15867,9.67205978163422,41.58985706102715,4.3,1.0,1,9,1,0,0.8888888888888888,0.9867,21,4,8,0.0,1.4,0.0,0.0,2,0.0,0.0,0.0,0.0,0.0,0.0,0.0,0.0,0.0,0.0,0.0,0.0,0.0,0.0,0.0,0.0,0.0,0.0,0.0,0.0,0.0,0.0,0.0,0.0,0.0,0.0,0.0,0.0,0.0,1.0,0.0,0.0,0.0,0.0,0.0,0.0,0.0,0.0,0.0,0.0,0.0,0.0,0.0,0.0,0.0,0.0,0.0,0.0,0.0,0.0
B0B4DT8MKT,348.0,1499.0,77.0,1151.0,0.7678452301534356,-0.0028653295128939,0.4689578713968957,0,4.2,656,6.48768401848461,27.24827287763536,0.966,0.1430155210643015,0,29,1,1,0.8620689655172413,0.9088,114,5,1,1.2,0.0,0.0,0.0,0,0.0,0.0,0.0,0.0,0.0,0.0,0.0,0.7663369796612322,0.0,0.0,0.3458284956073403,0.0,0.0,0.0,0.0,0.0,0.1765863255859772,0.0,0.0,0.0,0.0,0.0,0.0,0.2293280802442134,0.0,0.0,0.0,0.2445703822882984,0.0,0.0,0.0,0.0,0.0,0.0,0.0,0.0,0.2401653666098109,0.0,0.0,0.0,0.1857005779689076,0.0,0.1487219584774884,0.0,0.0,0.0,0.0,0.0,0.1877742944451542,0.0
B08FGNPQ9X,1199.0,2999.0,60.0,1800.0,0.6002000666888962,2.4355300859598854,0.8569844789356984,2,4.1,10725,9.280425979542873,38.049746516125765,1.64,0.6119733924611973,1,33,1,1,0.8484848484848485,0.9945,96,3,1,1.2,0.0,0.0,0.0,0,0.0,0.573552621117669,0.0,0.297746384245457,0.0,0.0,0.0,0.0,0.0,0.0,0.0,0.0,0.0,0.0,0.0,0.0,0.0,0.0,0.0,0.0,0.0,0.0,0.0,0.0,0.0,0.0,0.0,0.0,0.6014986881125898,0.0,0.0,0.0,0.0,0.0,0.0,0.4696635068606479,0.0,0.0,0.0,0.0,0.0,0.0,0.0,0.0,0.0,0.0,0.0,0.0,0.0,0.0
B07NTKGW45,397.0,899.0,56.0,502.0,0.5583982202447163,0.1375358166189111,0.5365853658536586,0,4.0,3025,8.014996894348302,32.05998757739321,1.7599999999999998,0.3658536585365853,0,23,0,0,0.9565217391304348,0.8371,135,3,1,1.2,0.0,0.0,0.0,0,0.0,0.0,0.0,0.0,0.0,0.0,0.0,0.2767639978094171,0.0,0.4336808007599932,0.0,0.0,0.0,0.0,0.0,0.0,0.0,0.3881348513321658,0.0,0.0,0.0,0.0,0.0,0.0,0.0,0.0,0.0,0.0,0.0,0.0,0.4180148020222328,0.0,0.0,0.0,0.0,0.0,0.0,0.4128410176908296,0.0,0.0,0.0,0.0,0.2685560326768483,0.0,0.0,0.4091180348814542,0.0,0.0,0.0,0.0
B08CDKQ8T6,154.0,349.0,56.0,195.0,0.5587392550143266,-0.5587392550143266,0.1230598669623059,0,4.3,7064,8.862908295118627,38.110505669010095,1.892,0.4689578713968957,0,16,1,0,0.9375,0.9516,93,5,1,1.2,0.0,0.0,0.0,0,0.0,0.0,0.0,0.0,0.0,0.0,0.0,0.2709106983351302,0.4172601077115511,0.0,0.3056378647243025,0.0,0.0,0.0,0.0,0.0,0.312128515591663,0.3799261625603718,0.0,0.0,0.0,0.0,0.0,0.0,0.0,0.0,0.0,0.4322950269677852,0.0,0.0,0.0,0.0,0.0,0.0,0.0,0.0,0.0,0.0,0.4016663296722939,0.0,0.0,0.0,0.2628763239816212,0.0,0.0,0.0,0.0,0.0,0.0,0.0
B08J4PL1Z3,699.0,1490.0,53.0,791.0,0.5308724832214765,1.002865329512894,0.729490022172949,2,4.0,5736,8.654691704601872,34.61876681840749,1.88,0.4478935698447893,0,19,1,1,0.8421052631578947,0.9365,86,4,1,1.2,0.0,0.0,0.0,0,0.7061058076759835,0.0,0.0,0.0,0.0,0.0,0.0,0.0,0.0,0.0,0.0,0.0,0.0,0.0,0.0,0.0,0.0,0.0,0.0,0.0,0.0,0.0,0.0,0.0,0.7081063397303029,0.0,0.0,0.0,0.0,0.0,0.0,0.0,0.0,0.0,0.0,0.0,0.0,0.0,0.0,0.0,0.0,0.0,0.0,0.0,0.0,0.0,0.0,0.0,0.0,0.0
B07XJWTYM2,1679.0,1999.0,16.0,320.0,0.16008004002001,0.2001429592566118,0.5684410646387833,2,4.1,72563,11.192224210061212,45.88811926125096,3.4439999999999995,0.908745247148289,1,23,1,1,0.8695652173913043,0.9999,80,4,2,0.0,0.0,1.1,0.0,3,0.0,0.0,0.0,0.0,0.0,0.3937041516225776,0.0,0.0,0.0,0.0,0.3142504484773088,0.0,0.0,0.0,0.0,0.0,0.6418479994009558,0.0,0.0,0.0,0.0,0.0,0.0,0.0,0.0,0.0,0.4234051054098117,0.0,0.0,0.0,0.0,0.0,0.0,0.0,0.0,0.0,0.0,0.0,0.0,0.0,0.0,0.0,0.0,0.0,0.0,0.0,0.0,0.0,0.0,0.3937041516225776
B09939XJX8,354.0,1500.0,76.0,1146.0,0.764,0.0143266475644699,0.5121951219512195,0,4.0,1026,6.934397209928558,27.73758883971423,0.96,0.1818181818181818,0,30,1,0,0.9,0.9785,262,4,1,1.2,0.0,0.0,0.0,0,0.0,0.0,0.0,0.0,0.0,0.0,0.0,0.0,0.0,0.0,0.0,0.0,0.0,0.0,0.0,0.0,0.0,0.0,0.0,0.0,0.0,0.0,0.0,0.0,0.0,0.0,0.0,0.0,0.0,0.0,0.0,0.0,0.0,0.0,0.0,0.0,0.0,0.0,0.0,0.0,0.0,0.0,0.0,0.0,0.0,0.0,0.0,0.0,0.0,0.0
B09MDCZJXS,1199.0,5499.0,78.0,4300.0,0.7819603564284415,2.4355300859598854,0.8569844789356984,2,3.8,2043,7.622663951323595,28.96612301502966,0.8359999999999999,0.2904656319290465,0,29,1,1,0.9655172413793104,0.9971,88,4,1,1.2,0.0,0.0,0.0,0,0.0,0.0,0.4377634638928923,0.2369548167265548,0.0,0.4271548463498813,0.0,0.0,0.0,0.0,0.0,0.0,0.0,0.0,0.0,0.0,0.0,0.0,0.0,0.0,0.0,0.0,0.0,0.0,0.0,0.4113636268597666,0.4593793131205369,0.0,0.0,0.0,0.0,0.4353216223943773,0.0,0.0,0.0,0.0,0.0,0.0,0.0,0.0,0.0,0.0,0.0,0.0,0.0,0.0,0.0,0.0,0.0,0.0
B08CTQP51L,379.0,1499.0,75.0,1120.0,0.7471647765176784,0.0859598853868194,0.5232815964523282,0,4.2,4149,8.330863613224745,34.98962717554393,1.05,0.3968957871396896,0,23,1,1,0.9565217391304348,0.9726,23,4,1,1.2,0.0,0.0,0.0,0,0.58785136078812,0.0,0.0,0.0,0.0,0.0,0.0,0.0,0.0,0.0,0.0,0.0,0.5279500366614235,0.0,0.0,0.0,0.0,0.0,0.0,0.0,0.0,0.0,0.0,0.0,0.0,0.0,0.0,0.0,0.0,0.0,0.0,0.0,0.0,0.0,0.6129433386608891,0.0,0.0,0.0,0.0,0.0,0.0,0.0,0.0,0.0,0.0,0.0,0.0,0.0,0.0,0.0
B0BG62HMDJ,499.0,775.0,36.0,276.0,0.3561290322580645,0.4297994269340974,0.6219512195121951,0,4.3,74,4.31748811353631,18.565198888206133,2.752,0.0199556541019955,0,20,1,0,0.9,0.9834,233,3,1,0.0,0.0,0.0,1.0,1,0.0,0.0,0.0,0.0,0.0,0.0,0.0,0.0,0.0,0.0,0.0,0.0,0.0,0.0,0.0,0.0,0.0,0.0,0.0,0.0,0.0,0.0,0.0,0.0,0.0,0.0,0.0,0.0,0.0,0.0,0.8413320365168773,0.0,0.0,0.0,0.0,0.0,0.0,0.0,0.0,0.0,0.0,0.0,0.5405186438323508,0.0,0.0,0.0,0.0,0.0,0.0,0.0
B08GTYFC37,10389.0,32000.0,68.0,21611.0,0.67534375,28.76790830945559,0.9955654101995566,1,4.4,41398,10.631012004932307,46.77645282170216,1.408,0.9002217294900222,1,28,1,0,0.9642857142857144,0.4459,98,3,1,1.2,0.0,1.1,0.0,0,0.0,0.0,0.0,0.0,0.0,0.0,0.0,0.0,0.0,0.0,0.0,0.0,0.448181352303553,0.0,0.0,0.0,0.0,0.0,0.0,0.0,0.0,0.0,0.0,0.0,0.0,0.0,0.0,0.0,0.0,0.0,0.5203329014685995,0.0,0.0,0.0,0.0,0.0,0.0,0.0,0.0,0.0,0.0,0.0,0.0,0.5186935207879102,0.0,0.5092584595166477,0.0,0.0,0.0,0.0
B08SBH499M,649.0,1300.0,50.0,651.0,0.5007692307692307,0.8595988538681948,0.7106430155210643,2,4.1,5195,8.55564437779049,35.078141948941,2.05,0.4301552106430155,0,22,1,1,0.9090909090909092,0.9601,70,4,1,1.2,0.0,0.0,0.0,0,0.6253541765919123,0.0,0.0,0.0,0.0,0.0,0.0,0.0,0.0,0.0,0.0,0.0,0.0,0.0,0.0,0.0,0.0,0.0,0.0,0.0,0.0,0.0,0.0,0.0,0.0,0.0,0.0,0.0,0.0,0.0,0.0,0.0,0.0,0.0,0.0,0.0,0.0,0.0,0.0,0.0,0.0,0.0,0.4189113318263961,0.0,0.0,0.0,0.0,0.6583657417321214,0.0,0.0
B08FYB5HHK,1199.0,1999.0,40.0,800.0,0.400200100050025,2.4355300859598854,0.8569844789356984,2,4.5,22420,10.017753298664472,45.07988984399013,2.7,0.779379157427938,1,27,1,1,0.8888888888888888,0.9919,49,4,1,0.0,0.0,1.1,0.0,3,0.0,0.6975996097131986,0.0,0.0,0.0,0.0,0.0,0.0,0.0,0.0,0.0,0.0,0.0,0.0,0.0,0.0,0.0,0.0,0.0,0.0,0.0,0.0,0.0,0.0,0.3354687965255573,0.0,0.0,0.0,0.0,0.0,0.3487998048565993,0.0,0.0,0.0,0.0,0.0,0.0,0.0,0.0,0.0,0.2798064006102226,0.0,0.4481769130546966,0.0,0.0,0.0,0.0,0.0,0.0,0.0
B0994GFWBH,139.0,999.0,86.0,860.0,0.8608608608608609,-0.6017191977077364,0.0787139689578714,0,4.0,1313,7.180831199044556,28.723324796178225,0.56,0.2195121951219512,0,17,1,0,0.7058823529411765,0.1181,82,5,1,1.2,0.0,0.0,0.0,0,0.0,0.0,0.0,0.0,0.0,0.0,0.0,0.346179782850665,0.0,0.0,0.0,0.0,0.0,0.0,0.0,0.0,0.0,0.0,0.0,0.0,0.0,0.0,0.0,0.0,0.5028745579529775,0.0,0.0,0.0,0.0,0.0,0.0,0.0,0.0,0.0,0.0,0.0,0.0,0.0,0.0,0.0,0.4194354928881136,0.0,0.6718263199776927,0.0,0.0,0.0,0.0,0.0,0.0,0.0
B0B5GJRTHB,889.0,1999.0,56.0,1110.0,0.5552776388194097,-0.3645461043602573,0.3935361216730038,2,4.2,2284,7.734121303328305,32.48330947397888,1.848,0.2870722433460076,0,33,1,1,0.9090909090909092,0.9936,199,4,2,1.2,0.0,0.0,0.0,0,0.0,0.0,0.0,0.2614819979496176,0.0,0.0,0.0,0.0,0.0,0.0,0.3762421982453219,0.0,0.0,0.0,0.0,0.0,0.3842322316548979,0.0,0.0,0.0,0.0,0.0,0.0,0.0,0.0,0.0,0.506929642836079,0.0,0.0,0.0,0.0,0.0,0.0,0.0,0.0,0.0,0.0,0.0,0.0,0.0,0.4040638325522973,0.0,0.0,0.0,0.0,0.0,0.0,0.0,0.0,0.4713696231223806
B09GBBJV72,1409.0,2199.0,36.0,790.0,0.3592542064574807,3.037249283667622,0.8913525498891353,2,3.9,427,6.059123195581797,23.630580462769007,2.496,0.0997782705099778,0,23,1,1,0.8695652173913043,0.9878,119,4,1,0.0,0.0,0.0,0.0,4,0.0,0.0,0.0,0.4308892599389234,0.0,0.0,0.0,0.0,0.0,0.0,0.0,0.0,0.0,0.0,0.0,0.0,0.0,0.0,0.0,0.0,0.0,0.0,0.0,0.0,0.0,0.374021028970989,0.0,0.0,0.0,0.0,0.0,0.0,0.0,0.0,0.0,0.0,0.0,0.0,0.0,0.0,0.0,0.0,0.2666279651345786,0.0,0.0,0.0,0.0,0.0,0.0,0.77675751928447
B07P434WJY,549.0,1999.0,73.0,1450.0,0.7253626813406704,0.5730659025787965,0.6496674057649667,2,4.3,1367,7.221105098182496,31.05075192218473,1.161,0.2239467849223946,0,22,1,0,0.9545454545454546,0.9929,158,4,1,1.2,0.0,0.0,0.0,0,0.0,0.0,0.0,0.0,0.0,0.0,0.0,0.0,0.0,0.0,0.0,0.0,0.0,0.0,0.0,0.0,0.0,0.0,0.0,0.0,0.0,0.0,0.0,0.0,0.0,0.0,0.0,0.0,0.0,0.0,0.0,0.0,0.0,0.0,0.0,0.0,0.0,0.0,0.0,0.0,0.0,0.0,0.0,0.0,0.0,0.0,0.0,0.0,0.0,0.0
B07T9FV9YP,749.0,1799.0,58.0,1050.0,0.5836575875486382,1.146131805157593,0.746119733924612,2,4.0,13199,9.487972108574462,37.95188843429785,1.6800000000000002,0.6607538802660754,1,13,0,1,0.7692307692307693,0.9551,109,4,1,1.2,0.0,0.0,0.0,0,0.0,0.0,0.0,0.0,0.0,0.0,0.0,0.0,0.0,0.0,0.0,0.0,0.0,0.0,0.0,0.0,0.0,0.0,0.0,0.0,0.0,0.0,0.0,0.0,0.0,0.0,1.0,0.0,0.0,0.0,0.0,0.0,0.0,0.0,0.0,0.0,0.0,0.0,0.0,0.0,0.0,0.0,0.0,0.0,0.0,0.0,0.0,0.0,0.0,0.0
B01GGKZ0V6,329.0,845.0,61.0,516.0,0.6106508875739645,-0.0573065902578796,0.442350332594235,0,4.2,29746,10.300483565552913,43.26203097532223,1.638,0.8669623059866962,1,16,1,1,0.9375,0.9586,107,5,1,1.2,0.0,1.1,0.0,0,0.0,0.0,0.0,0.0,0.0,0.0,0.0,0.2649119551208941,0.0,0.0,0.0,0.0,0.0,0.0,0.0,0.0,0.0,0.0,0.0,0.0,0.0,0.0,0.0,0.0,0.3848216704941029,0.0,0.0,0.0,0.0,0.0,0.0,0.0,0.0,0.0,0.0,0.0,0.0,0.0,0.0,0.0,0.6419408756519915,0.0,0.5141109699168678,0.0,0.0,0.0,0.0,0.0,0.3245547114593243,0.0
B08WKFSN84,379.0,1099.0,66.0,720.0,0.6551410373066424,0.0859598853868194,0.5232815964523282,0,4.3,2806,7.939871576361883,34.141447778356095,1.4619999999999995,0.3492239467849224,0,31,1,0,0.935483870967742,0.9875,198,5,1,1.2,0.0,0.0,0.0,0,0.0,0.0,0.0,0.0,0.0,0.0,0.2841313237753931,0.1944798925410945,0.0,0.0,0.2194096410860125,0.0,0.2530050943291921,0.0,0.0,0.0,0.2240691140819608,0.2727393186107709,0.0,0.0,0.0,0.0,0.3080478533761556,0.0,0.2825092476140757,0.0,0.0,0.0,0.0,0.0,0.0,0.2801397239130856,0.0,0.0,0.2937357258217224,0.0,0.0,0.0,0.0,0.0,0.4712682463030476,0.2883460310430786,0.0,0.0,0.0,0.0,0.0,0.0,0.0,0.0
B09TBCVJS3,5998.0,7999.0,25.0,2001.0,0.2501562695336917,3.28734810578985,0.7338403041825095,3,4.2,30355,10.320749470523804,43.34714777619998,3.1500000000000004,0.7775665399239544,1,29,1,1,0.9655172413793104,0.9992,111,3,2,0.0,0.0,1.1,0.0,3,0.0,0.0,0.4244124386297123,0.2297281064017241,0.0,0.0,0.0,0.0,0.0,0.0,0.0,0.0,0.0,0.0,0.4527984607081725,0.0,0.0,0.0,0.0,0.0,0.0,0.0,0.0,0.0,0.0,0.0,0.0,0.0,0.4640901180828859,0.0,0.0,0.0,0.0,0.0,0.0,0.3623718499571874,0.0,0.0,0.0,0.0,0.0,0.0,0.0,0.0,0.4640901180828859,0.0,0.0,0.0,0.0,0.0
B08TR61BVK,299.0,1499.0,80.0,1200.0,0.800533689126084,-0.1432664756446991,0.3880266075388026,0,4.2,2868,7.961718815981363,33.43921902712173,0.8399999999999999,0.3569844789356984,0,21,1,1,0.9523809523809524,0.9978,135,5,1,1.2,0.0,0.0,0.0,0,0.0,0.0,0.0,0.0,0.5680003453590564,0.0,0.0,0.0,0.0,0.0,0.0,0.0,0.0,0.0,0.0,0.0,0.0,0.0,0.0,0.0,0.0,0.580137854718465,0.0,0.0,0.0,0.0,0.0,0.0,0.0,0.0,0.0,0.0,0.0,0.0,0.5837942079146127,0.0,0.0,0.0,0.0,0.0,0.0,0.0,0.0,0.0,0.0,0.0,0.0,0.0,0.0,0.0
B0B2CPVXHX,379.0,1499.0,75.0,1120.0,0.7471647765176784,0.0859598853868194,0.5232815964523282,0,4.1,670,6.508769136971682,26.68595346158389,1.025,0.1463414634146341,0,16,1,1,0.9375,-0.2942,99,4,1,1.2,0.0,0.0,0.0,0,0.0,0.0,0.0,0.0,0.0,0.0,0.0,0.0,0.0,0.0,0.0,0.0,0.0,0.0,0.0,0.0,0.0,0.0,0.0,0.0,0.0,0.0,0.0,0.0,0.0,0.0,0.0,0.0,0.0,0.0,0.0,0.0,0.0,0.0,0.0,0.0,0.0,0.0,0.0,0.0,0.0,0.0,0.0,0.0,0.0,0.0,0.0,0.0,0.0,0.0
B08XNL93PL,1399.0,2999.0,53.0,1600.0,0.5335111703901301,6.859550561797753,1.0,2,4.3,3530,8.169336395928386,35.12814650249206,2.021,0.3870967741935484,0,20,1,0,0.9,0.9804,183,5,7,1.2,0.0,0.0,0.0,0,0.0,0.0,0.0,0.0,0.0,0.0,0.0,0.0,0.0,0.0,0.0,0.0,0.0,0.0,0.0,0.0,0.0,1.0,0.0,0.0,0.0,0.0,0.0,0.0,0.0,0.0,0.0,0.0,0.0,0.0,0.0,0.0,0.0,0.0,0.0,0.0,0.0,0.0,0.0,0.0,0.0,0.0,0.0,0.0,0.0,0.0,0.0,0.0,0.0,0.0
B088GXTJM3,699.0,1299.0,46.0,600.0,0.4618937644341801,-0.5003573981415297,0.3650190114068441,2,4.3,6183,8.729720590267258,37.5377985381492,2.322,0.4125475285171102,0,28,1,0,0.8928571428571429,0.9776,233,6,2,1.2,0.0,0.0,0.0,0,0.0,0.0,0.0,0.0,0.0,0.0,0.0,0.0,0.0,0.0,0.0,0.0,0.0,0.0,0.0,0.0,0.0,0.0,0.0,0.0,0.0,0.0,0.0,0.0,0.0,0.0,0.0,0.0,0.0,0.0,1.0,0.0,0.0,0.0,0.0,0.0,0.0,0.0,0.0,0.0,0.0,0.0,0.0,0.0,0.0,0.0,0.0,0.0,0.0,0.0
B099S26HWG,300.0,300.0,0.0,0.0,0.0,0.6853932584269663,0.7096774193548387,0,4.2,419,6.040254711277414,25.369069787365135,4.2,0.064516129032258,0,19,1,0,0.9473684210526316,0.0,37,6,7,0.0,0.0,0.0,0.0,4,0.0,0.0,0.0,0.0,0.0,0.0,0.0,0.0,0.0,0.0,0.0,0.0,0.0,0.0,0.0,0.0,0.0,0.0,0.0,0.0,0.0,0.0,0.0,0.0,0.0,0.0,0.0,0.0,0.0,1.0,0.0,0.0,0.0,0.0,0.0,0.0,0.0,0.0,0.0,0.0,0.0,0.0,0.0,0.0,0.0,0.0,0.0,0.0,0.0,0.0
B08461VC1Z,999.0,1995.0,50.0,996.0,0.4992481203007519,1.8624641833810889,0.8270509977827051,2,4.5,7317,8.898092345579153,40.04141555510619,2.25,0.4811529933481153,0,26,0,1,0.9230769230769232,0.9961,146,5,1,1.2,0.0,0.0,0.0,0,0.0,0.0,0.0,0.0,0.6866005342118796,0.0,0.0,0.0,0.0,0.0,0.0,0.0,0.0,0.0,0.0,0.0,0.0,0.0,0.0,0.0,0.7270348729049807,0.0,0.0,0.0,0.0,0.0,0.0,0.0,0.0,0.0,0.0,0.0,0.0,0.0,0.0,0.0,0.0,0.0,0.0,0.0,0.0,0.0,0.0,0.0,0.0,0.0,0.0,0.0,0.0,0.0
B00K32PEW4,535.0,535.0,0.0,0.0,0.0,2.00561797752809,0.9032258064516128,2,4.4,4426,8.395477432732141,36.94010070402143,4.4,0.5161290322580645,0,13,1,1,0.8461538461538461,-0.2755,99,4,7,0.0,1.4,0.0,0.0,2,0.0,0.0,0.0,1.0,0.0,0.0,0.0,0.0,0.0,0.0,0.0,0.0,0.0,0.0,0.0,0.0,0.0,0.0,0.0,0.0,0.0,0.0,0.0,0.0,0.0,0.0,0.0,0.0,0.0,0.0,0.0,0.0,0.0,0.0,0.0,0.0,0.0,0.0,0.0,0.0,0.0,0.0,0.0,0.0,0.0,0.0,0.0,0.0,0.0,0.0
B09F9YQQ7B,13999.0,24999.0,44.0,11000.0,0.4400176007040282,9.006433166547534,0.8498098859315589,1,4.2,45237,10.719692720587927,45.0227094264693,2.3520000000000003,0.8479087452471483,1,16,1,1,1.0,0.9716,251,4,2,0.0,0.0,1.1,0.0,3,0.0,0.0,0.0,0.2253551997084443,0.0,0.0,0.0,0.0,0.0,0.0,0.0,0.4383113567127867,0.0,0.0,0.0,0.0,0.0,0.0,0.3796695093562833,0.0,0.0,0.4313857337535005,0.0,0.0,0.0,0.3912261990046465,0.0,0.0,0.0,0.0,0.0,0.0,0.0,0.0,0.0,0.3554740510201999,0.0,0.0,0.0,0.3839737766876036,0.0,0.0,0.0,0.0,0.0,0.0,0.0,0.0,0.0,0.0
B07LFWP97N,269.0,1099.0,76.0,830.0,0.7552320291173794,-0.2292263610315186,0.3303769401330377,0,4.1,1092,6.996681488176539,28.68639410152381,0.984,0.2039911308203991,0,29,1,0,0.896551724137931,0.9868,148,5,1,1.2,0.0,0.0,0.0,0,0.0,0.0,0.0,0.0,0.0,0.0,0.0,0.0,0.0,0.0,0.0,0.0,0.0,0.0,0.0,0.0,0.0,0.2915144503531093,0.0,0.0,0.0,0.0,0.0,0.0,0.9058707976984226,0.0,0.0,0.0,0.0,0.0,0.0,0.0,0.0,0.0,0.0,0.0,0.0,0.0,0.0,0.0,0.0,0.0,0.0,0.0,0.0,0.3072741823071832,0.0,0.0,0.0,0.0
B0746N6WML,341.0,450.0,24.0,109.0,0.2422222222222222,0.9157303370786516,0.7419354838709677,0,4.3,2493,7.821643126239982,33.63306544283192,3.268,0.2258064516129032,0,20,1,1,1.0,0.936,72,7,7,0.0,1.4,0.0,0.0,2,0.0,0.0,0.0,0.4707448892323643,0.8822693745458974,0.0,0.0,0.0,0.0,0.0,0.0,0.0,0.0,0.0,0.0,0.0,0.0,0.0,0.0,0.0,0.0,0.0,0.0,0.0,0.0,0.0,0.0,0.0,0.0,0.0,0.0,0.0,0.0,0.0,0.0,0.0,0.0,0.0,0.0,0.0,0.0,0.0,0.0,0.0,0.0,0.0,0.0,0.0,0.0,0.0
B07W9KYT62,2499.0,3999.0,38.0,1500.0,0.3750937734433608,6.160458452722063,0.9545454545454546,3,4.4,12679,9.447781227991216,41.57023740316136,2.728,0.6496674057649667,1,22,1,0,0.9545454545454546,0.998,71,3,1,0.0,0.0,0.0,0.0,4,0.0,0.0,0.0,0.0,0.0,0.0,0.0,0.0,0.0,0.0,0.0,0.0,0.0,0.0,0.0,0.0,0.0,0.0,0.0,0.0,0.0,0.0,0.0,0.0,0.0,0.0,0.0,0.0,0.0,0.0,0.0,0.0,0.0,0.0,0.0,0.6585153171064418,0.0,0.0,0.0,0.0,0.0,0.0,0.0,0.0,0.0,0.0,0.0,0.0,0.0,0.752567323989158
B0B5ZF3NRK,349.0,599.0,42.0,250.0,0.4173622704507512,0.0,0.4866962305986696,0,4.1,210,5.351858133476067,21.942618347251877,2.378,0.0587583148558758,0,41,1,1,0.8780487804878049,0.9477,172,5,1,0.0,0.0,0.0,0.0,4,0.0,0.0,0.0,0.0,0.0,0.0,0.0,0.411654381044029,0.3170176601181675,0.0,0.2322115125019153,0.0,0.2677671561471637,0.2801679070559786,0.0,0.0,0.237142851282178,0.0,0.0,0.0,0.0,0.0,0.0,0.0,0.0,0.0,0.0,0.0,0.0,0.0,0.0,0.2964850071297695,0.0,0.0,0.0,0.0,0.0,0.0,0.3051701268049067,0.0,0.4987652854564207,0.0,0.1997229919394278,0.0,0.0,0.0,0.0,0.0,0.0,0.0
B08D9MNH4B,5899.0,7005.0,16.0,1106.0,0.1578872234118487,15.902578796561604,0.9866962305986696,3,3.6,4199,8.34283980427146,30.034223295377256,3.024,0.3991130820399113,0,17,1,1,0.9411764705882352,0.2236,143,3,1,0.0,0.0,0.0,0.0,4,0.0,0.0,0.0,0.0,0.0,0.5384640337326736,0.0,0.0,0.0,0.0,0.0,0.0,0.0,0.0,0.0,0.0,0.0,0.0,0.0,0.0,0.5927937276078317,0.0,0.0,0.0,0.0,0.0,0.0,0.0,0.0,0.0,0.0,0.0,0.0,0.0,0.0,0.4711695586838869,0.0,0.0,0.0,0.0,0.0,0.0,0.3696638038201487,0.0,0.0,0.0,0.0,0.0,0.0,0.0
B078G6ZF5Z,699.0,1199.0,42.0,500.0,0.4170141784820684,-0.5003573981415297,0.3650190114068441,2,4.0,14403,9.575261224768768,38.301044899075066,2.3200000000000003,0.5703422053231939,1,34,1,0,0.9705882352941176,0.8727,210,5,2,0.0,0.0,0.0,0.0,4,0.0,0.1941473744901415,0.0,0.0,0.0,0.0,0.0,0.0,0.1979840329597469,0.2014234625831663,0.0,0.0,0.1672260827627617,0.0,0.0,0.0,0.1481005760591331,0.0,0.0,0.0,0.0,0.0,0.2036071090194976,0.1923343762774357,0.0,0.0,0.0,0.0,0.4072142180389952,0.0,0.0,0.7406438796093703,0.0,0.0,0.0,0.0,0.0,0.0,0.0,0.0,0.1557445769396154,0.0,0.1247311061605078,0.0,0.0,0.0,0.0,0.0,0.0,0.0
B09MKG4ZCM,1565.0,2999.0,48.0,1434.0,0.478159386462154,3.4842406876790832,0.9157427937915744,2,4.0,11113,9.315960853839869,37.26384341535947,2.08,0.6297117516629712,1,28,1,1,1.0,0.8302,235,3,1,1.2,0.0,0.0,0.0,0,0.0,0.0,0.0,0.0,0.0,0.0,0.0,0.0,0.0,0.0,0.0,0.0,0.0,0.0,0.0,0.0,0.0,0.0,0.0,0.0,0.0,0.0,0.0,0.0,0.0,0.0,0.0,0.0,0.0,0.0,0.0,0.0,0.6174875932598493,0.0,0.0,0.0,0.619663027192263,0.0,0.0,0.0,0.0,0.0,0.0,0.0,0.0,0.0,0.0,0.0,0.484486124570229,0.0
B07RZZ1QSW,326.0,799.0,59.0,473.0,0.5919899874843555,-0.7669764117226591,0.1787072243346007,0,4.4,10773,9.28489110324048,40.85352085425812,1.8040000000000005,0.5057034220532319,1,23,1,0,0.9130434782608696,0.9927,287,5,2,1.2,0.0,0.0,0.0,0,0.0,1.0,0.0,0.0,0.0,0.0,0.0,0.0,0.0,0.0,0.0,0.0,0.0,0.0,0.0,0.0,0.0,0.0,0.0,0.0,0.0,0.0,0.0,0.0,0.0,0.0,0.0,0.0,0.0,0.0,0.0,0.0,0.0,0.0,0.0,0.0,0.0,0.0,0.0,0.0,0.0,0.0,0.0,0.0,0.0,0.0,0.0,0.0,0.0,0.0
B08BCKN299,120.0,999.0,88.0,879.0,0.8798798798798799,-0.9142244460328808,0.0351711026615969,0,3.9,6491,8.778325928634482,34.23547112167448,0.4679999999999999,0.4192015209125475,0,28,1,1,0.8571428571428571,0.8978,121,3,2,1.2,0.0,0.0,0.0,0,0.0,0.6062568305191599,0.0,0.3147240071180102,0.0,0.0,0.0,0.401397422536307,0.0,0.0,0.0,0.0,0.0,0.0,0.0,0.0,0.0,0.0,0.0,0.0,0.0,0.0,0.0,0.0,0.0,0.0,0.6101488047793381,0.0,0.0,0.0,0.0,0.0,0.0,0.0,0.0,0.0,0.0,0.0,0.0,0.0,0.0,0.0,0.0,0.0,0.0,0.0,0.0,0.0,0.0,0.0
B07222HQKP,657.0,999.0,34.0,342.0,0.3423423423423423,0.8825214899713467,0.720620842572062,2,4.3,13944,9.54287630006159,41.034368090264834,2.838,0.6873614190687362,1,27,1,1,0.9629629629629628,0.9885,115,3,1,0.0,1.4,0.0,0.0,2,0.0,0.0,0.0,0.2998753713152078,0.0,0.0,0.0,0.0,0.0,0.0,0.0,0.0,0.0,0.0,0.0,0.0,0.0,0.0,0.0,0.0,0.0,0.0,0.0,0.0,0.0,0.0,0.0,0.0,0.0,0.0,0.0,0.0,0.0,0.0,0.0,0.0,0.5993025242641102,0.0,0.0,0.0,0.0,0.0,0.7422339564377474,0.0,0.0,0.0,0.0,0.0,0.0,0.0
B00NFD0ETQ,1995.0,2895.0,31.0,900.0,0.310880829015544,4.716332378223496,0.9490022172949002,2,4.6,10760,9.283683766200392,42.7049453245218,3.1739999999999995,0.614190687361419,1,19,1,1,0.9473684210526316,0.9952,126,4,1,0.0,1.4,0.0,0.0,2,0.0,0.0,0.0,0.4350074638211093,0.0,0.0,0.0,0.0,0.0,0.0,0.0,0.0,0.7217652620183009,0.0,0.0,0.0,0.0,0.0,0.0,0.0,0.0,0.0,0.0,0.0,0.0,0.0,0.0,0.0,0.0,0.0,0.0,0.0,0.0,0.0,0.0,0.0,0.0,0.0,0.0,0.0,0.0,0.0,0.5383524987994202,0.0,0.0,0.0,0.0,0.0,0.0,0.0
B075DB1F13,1500.0,1500.0,0.0,0.0,0.0,0.0721944245889921,0.5456273764258555,2,4.4,25996,10.165736425730918,44.72924027321604,4.4,0.7243346007604563,1,15,1,1,0.8666666666666667,0.9048,101,2,2,0.0,1.4,0.0,0.0,2,0.0,0.0,0.0,0.0,0.0,0.0,0.0,0.0,0.0,0.6690093130078085,0.0,0.0,0.0,0.0,0.0,0.0,0.0,0.0,0.0,0.0,0.0,0.0,0.0,0.0,0.0,0.0,0.0,0.0,0.0,0.0,0.0,0.0,0.0,0.0,0.0,0.5280404294019441,0.0,0.0,0.0,0.0,0.0,0.0,0.0,0.0,0.0,0.0,0.0,0.0,0.5230677241293241,0.0
B0148NPH9I,2640.0,3195.0,17.0,555.0,0.1737089201877934,6.564469914040115,0.9600886917960088,3,4.5,16146,9.68948955288162,43.6027029879673,3.735,0.7139689578713969,1,21,1,1,0.9047619047619048,0.999,202,4,1,0.0,1.4,0.0,0.0,2,0.0,0.0,0.0,0.0,0.0,0.4501917145237744,0.0,0.0,0.0,0.0,0.0,0.0,0.0,0.0,0.0,0.0,0.0,0.4466789161687965,0.0,0.0,0.0,0.0,0.0,0.0,0.4626796208727274,0.0,0.0,0.0,0.0,0.0,0.0,0.0,0.0,0.0,0.0,0.0,0.0,0.0,0.0,0.4255118736623307,0.0,0.0,0.0,0.0,0.0,0.0,0.0,0.0,0.0,0.4501917145237744
B01JOFKL0A,5299.0,6355.0,17.0,1056.0,0.1661683713611329,14.183381088825216,0.9800443458980044,3,3.9,8280,9.0217190130337,35.18470415083143,3.237,0.532150776053215,0,10,1,1,1.0,0.9895,189,3,1,0.0,0.0,0.0,0.0,4,0.0,0.0,0.0,0.0,0.617776611317677,0.0,0.0,0.0,0.0,0.0,0.0,0.0,0.0,0.0,0.0,0.0,0.0,0.0,0.0,0.0,0.0,0.0,0.0,0.0,0.0,0.0,0.0,0.0,0.0,0.0,0.0,0.0,0.0,0.0,0.0,0.0,0.0,0.0,0.0,0.0,0.0,0.0,0.0,0.0,0.0,0.0,0.0,0.0,0.5150470915951957,0.594204133230473
B09Q8HMKZX,263.0,699.0,62.0,436.0,0.6237482117310443,-0.2464183381088825,0.3215077605321508,0,4.1,450,6.111467339502679,25.057016091960985,1.5579999999999998,0.1053215077605321,0,20,1,0,0.95,0.9838,221,5,1,1.2,0.0,0.0,0.0,0,0.0,0.0,0.0,0.0,0.0,0.0,0.0,0.2635242948375663,0.4058834749763542,0.0,0.2973046220474303,0.0,0.0,0.3587040660458653,0.0,0.0,0.3036183047604773,0.3695674430517002,0.0,0.0,0.0,0.0,0.0,0.0,0.0,0.0,0.0,0.0,0.0,0.0,0.0,0.0,0.0,0.0,0.0,0.0,0.0,0.0,0.3907148626369282,0.0,0.319289132320209,0.0,0.2557089783920329,0.0,0.0,0.0,0.0,0.0,0.0,0.0
B079S811J3,1990.0,2999.0,34.0,1009.0,0.3364454818272757,4.7020057306590255,0.9456762749445676,2,4.3,14237,9.563669725663818,41.123779820354414,2.838,0.6917960088691796,1,21,1,1,0.8571428571428571,0.9976,127,4,1,0.0,1.4,0.0,0.0,2,0.0,0.0,0.0,0.3105178412631247,0.0,0.0,0.0,0.0,0.0,0.0,0.0,0.0,0.0,0.0,0.0,0.0,0.0,0.0,0.0,0.0,0.0,0.0,0.0,0.0,0.0,0.0,0.6019943996147529,0.0,0.0,0.0,0.0,0.0,0.0,0.627299218523332,0.0,0.0,0.0,0.0,0.0,0.0,0.0,0.0,0.3842877873804722,0.0,0.0,0.0,0.0,0.0,0.0,0.0
B0083T231O,1289.0,1499.0,14.0,210.0,0.1400933955970647,-0.078627591136526,0.4667300380228137,2,4.5,20668,9.936390272211836,44.71375622495327,3.87,0.6711026615969582,1,14,1,0,0.9285714285714286,0.9666,46,3,2,0.0,1.4,0.0,0.0,2,0.0,0.0,0.0,0.0,0.0,0.0,0.0,0.580577955259607,0.0,0.0,0.0,0.0,0.0,0.0,0.0,0.0,0.0,0.814204665834441,0.0,0.0,0.0,0.0,0.0,0.0,0.0,0.0,0.0,0.0,0.0,0.0,0.0,0.0,0.0,0.0,0.0,0.0,0.0,0.0,0.0,0.0,0.0,0.0,0.0,0.0,0.0,0.0,0.0,0.0,0.0,0.0
B086PXQ2R4,165.0,165.0,0.0,0.0,0.0,-0.0730337078651685,0.4838709677419355,0,4.5,1674,7.423568444259167,33.40605799916625,4.5,0.1290322580645161,0,16,1,0,0.9375,0.0943,60,6,7,0.0,1.4,0.0,0.0,2,0.0,0.0,0.0,0.0,0.0,0.0,0.0,0.0,0.0,0.0,0.0,0.0,0.0,0.0,0.0,0.0,0.0,0.0,0.0,0.0,0.0,0.0,0.0,0.0,0.0,0.0,0.0,0.0,0.0,1.0,0.0,0.0,0.0,0.0,0.0,0.0,0.0,0.0,0.0,0.0,0.0,0.0,0.0,0.0,0.0,0.0,0.0,0.0,0.0,0.0
B07L1N3TJX,1699.0,3499.0,51.0,1800.0,0.5144326950557302,3.8681948424068766,0.9246119733924612,2,3.6,7689,8.94767606249969,32.211633824998884,1.764,0.4966740576496674,0,25,1,0,0.96,0.9886,123,4,1,0.0,0.0,0.0,0.0,4,0.0,0.4582166660940364,0.0,0.0,0.0,0.0,0.0,0.0,0.0,0.4753893156698957,0.0,0.0,0.3946784154498521,0.0,0.0,0.0,0.0,0.0,0.0,0.0,0.0,0.0,0.0,0.0,0.4407037830359933,0.0,0.0,0.0,0.0,0.0,0.0,0.0,0.0,0.0,0.0,0.0,0.0,0.0,0.0,0.0,0.0,0.0,0.0,0.0,0.0,0.0,0.0,0.462657118670331,0.0,0.0
B07YFWVRCM,2299.0,7500.0,69.0,5201.0,0.6934666666666667,0.6433166547533953,0.658745247148289,3,4.1,5554,8.62245370207373,35.35206017850229,1.271,0.3992395437262357,0,31,1,0,0.9032258064516128,0.9813,303,4,2,1.2,0.0,0.0,0.0,0,0.0,0.0,0.0,0.0,0.0,0.0,0.0,0.0,0.0,0.0,0.0,0.0,0.0,0.0,0.0,0.0,0.0,0.0,1.0,0.0,0.0,0.0,0.0,0.0,0.0,0.0,0.0,0.0,0.0,0.0,0.0,0.0,0.0,0.0,0.0,0.0,0.0,0.0,0.0,0.0,0.0,0.0,0.0,0.0,0.0,0.0,0.0,0.0,0.0,0.0
B01GGKYKQM,219.0,700.0,69.0,481.0,0.6871428571428572,-0.3724928366762177,0.270509977827051,0,4.3,20053,9.90618391408387,42.59659083056064,1.3330000000000002,0.7505543237250555,1,19,1,1,0.8947368421052632,0.9815,105,5,1,1.2,0.0,0.0,0.0,0,0.0,0.0,0.0,0.2306146516270188,0.0,0.0,0.0,0.2941247717638648,0.0,0.0,0.3318276751596757,0.0,0.0,0.0,0.0,0.0,0.3388745035673147,0.0,0.0,0.0,0.0,0.0,0.0,0.0,0.4272573729343936,0.0,0.0,0.0,0.0,0.0,0.0,0.0,0.0,0.0,0.0,0.0,0.0,0.0,0.0,0.0,0.3563650297527582,0.0,0.5708038794213386,0.0,0.0,0.0,0.0,0.0,0.0,0.0
B08TDJ5BVF,39.0,39.0,0.0,0.0,0.0,-0.8882521489971347,0.0044345898004434,0,3.8,3344,8.11522197256233,30.83784349573685,3.8,0.3835920177383592,0,13,1,0,1.0,0.6116,77,4,1,0.0,0.0,0.0,0.0,4,0.0,0.0,0.0,0.0,0.0,0.0,0.0,0.0,0.0,0.0,0.0,0.0,0.0,0.0,0.0,0.0,0.0,0.0,0.0,0.0,0.0,0.0,0.0,0.0,0.0,0.6041888971264437,0.0,0.0,0.0,0.0,0.6704079654724806,0.0,0.0,0.0,0.0,0.0,0.0,0.0,0.0,0.0,0.0,0.0,0.4307074835897105,0.0,0.0,0.0,0.0,0.0,0.0,0.0
B09XXZXQC1,26999.0,37999.0,29.0,11000.0,0.28948130213953,76.36103151862464,0.9977827050997784,1,4.6,2886,7.967973179662935,36.6526766264495,3.266,0.3592017738359201,0,23,1,0,1.0,0.9997,57,2,1,0.0,1.4,0.0,0.0,2,0.6838672713849744,0.0,0.0,0.0,0.0,0.0,0.0,0.0,0.0,0.0,0.0,0.0,0.0,0.0,0.7296064385190622,0.0,0.0,0.0,0.0,0.0,0.0,0.0,0.0,0.0,0.0,0.0,0.0,0.0,0.0,0.0,0.0,0.0,0.0,0.0,0.0,0.0,0.0,0.0,0.0,0.0,0.0,0.0,0.0,0.0,0.0,0.0,0.0,0.0,0.0,0.0
B083T5G5PM,1490.0,1990.0,25.0,500.0,0.2512562814070351,0.0650464617583988,0.5095057034220533,2,4.1,98250,11.49528070779676,47.13065090196671,3.075,0.9334600760456274,1,14,1,1,0.8571428571428571,0.9996,65,4,2,0.0,0.0,1.1,0.0,3,0.0,0.0,0.0,0.3634738207181173,0.0,0.0,0.0,0.0,0.0,0.0,0.0,0.0,0.0,0.0,0.0,0.0,0.0,0.0,0.0,0.0,0.0,0.0,0.0,0.0,0.0,0.0,0.0,0.0,0.0,0.0,0.0,0.0,0.0,0.7342793662440722,0.0,0.5733416032007249,0.0,0.0,0.0,0.0,0.0,0.0,0.0,0.0,0.0,0.0,0.0,0.0,0.0,0.0
B0BHVPTM2C,398.0,1949.0,80.0,1551.0,0.7957927142124166,0.1404011461318051,0.5388026607538803,0,4.0,75,4.330733340286331,17.322933361145324,0.7999999999999998,0.0221729490022172,0,14,0,0,1.0,0.9832,210,4,1,1.2,0.0,0.0,0.0,0,0.0,0.0,0.0,0.0,0.0,0.0,0.0,0.0,0.0,0.0,0.0,0.0,0.0,0.0,0.0,0.0,0.0,0.0,0.0,0.0,0.0,0.0,0.0,0.0,0.6931992959574578,0.0,0.0,0.0,0.0,0.0,0.7207459580768281,0.0,0.0,0.0,0.0,0.0,0.0,0.0,0.0,0.0,0.0,0.0,0.0,0.0,0.0,0.0,0.0,0.0,0.0,0.0
B0B86CDHL1,349.0,899.0,61.0,550.0,0.6117908787541713,0.0,0.4866962305986696,0,4.5,149,5.010635294096256,22.54785882343315,1.755,0.0432372505543237,0,47,1,0,0.9148936170212766,0.9617,217,5,1,1.2,0.0,0.0,1.0,0,0.0,0.0,0.0,0.0,0.0,0.0,0.2834893100828414,0.388080904483751,0.0,0.0,0.2189138703558328,0.0,0.2524334124298283,0.0,0.0,0.0,0.2235628149615151,0.0,0.0,0.0,0.0,0.0,0.0,0.0,0.2818708991108882,0.2641240316739749,0.0,0.0,0.0,0.0,0.0,0.0,0.0,0.0,0.2930720103416291,0.0,0.3040555107389205,0.0,0.0,0.0,0.235101692121092,0.2876944939381133,0.3765716238047956,0.0,0.0,0.0,0.0,0.0,0.0,0.0
B01NBX5RSB,770.0,1547.0,50.0,777.0,0.502262443438914,1.2063037249283668,0.7494456762749445,2,4.3,2585,7.857867559331803,33.788830505126754,2.15,0.3237250554323725,0,14,1,1,0.9285714285714286,0.0,95,4,1,1.2,0.0,0.0,0.0,0,0.0,0.599305860149094,0.0,0.3111155739621276,0.0,0.0,0.0,0.3967952449603754,0.0,0.6217661290276321,0.0,0.0,0.0,0.0,0.0,0.0,0.0,0.0,0.0,0.0,0.0,0.0,0.0,0.0,0.0,0.0,0.0,0.0,0.0,0.0,0.0,0.0,0.0,0.0,0.0,0.0,0.0,0.0,0.0,0.0,0.0,0.0,0.0,0.0,0.0,0.0,0.0,0.0,0.0,0.0
B08MWJTST6,279.0,1299.0,79.0,1020.0,0.7852193995381063,-0.8005718370264474,0.1378326996197718,0,4.0,5072,8.53168763756669,34.12675055026676,0.8399999999999999,0.3935361216730038,0,24,0,1,0.9166666666666666,0.857,172,4,2,1.2,0.0,0.0,0.0,0,0.0,0.0,0.0,0.0,0.0,0.0,0.0,0.0,0.0,0.0,0.0,0.0,0.7279945964224682,0.0,0.0,0.0,0.0,0.0,0.0,0.0,0.0,0.0,0.0,0.0,0.0,0.0,0.0,0.0,0.0,0.0,0.0,0.0,0.0,0.0,0.0,0.0,0.0,0.0,0.0,0.0,0.0,0.0,0.0,0.0,0.0,0.0,0.0,0.0,0.6855828670406574,0.0
B07R99NBVB,249.0,599.0,58.0,350.0,0.5843071786310517,-0.2611275964391691,0.5,0,4.5,5985,8.697178688412643,39.1373040978569,1.89,1.0,0,29,0,0,0.9310344827586208,0.9947,110,3,5,1.2,0.0,1.1,0.0,0,0.0,0.0,0.0,0.0,0.0,0.0,0.0,0.8255343176361523,0.0,0.0,0.0,0.0,0.0,0.0,0.0,0.0,0.0,0.0,0.0,0.0,0.428189354543574,0.0,0.0,0.0,0.0,0.0,0.0,0.0,0.0,0.0,0.0,0.0,0.0,0.0,0.0,0.0,0.0,0.0,0.0,0.3676234038531417,0.0,0.0,0.0,0.0,0.0,0.0,0.0,0.0,0.0,0.0
B08R69VDHT,115.0,499.0,77.0,384.0,0.7695390781563126,-0.670487106017192,0.0521064301552106,0,4.0,7732,8.953252164609035,35.81300865843614,0.92,0.5022172949002217,0,30,1,1,0.8333333333333334,0.9763,53,5,1,1.2,0.0,0.0,0.0,0,0.0,0.0,0.0,0.0,0.0,0.0,0.0,0.4082230783440839,0.0,0.0,0.4605518747064119,0.0,0.0,0.2778325963191391,0.0,0.0,0.235166171466908,0.0,0.0,0.0,0.0,0.0,0.0,0.0,0.0,0.0,0.0,0.3257029119671794,0.0,0.3154377449472205,0.0,0.0,0.0,0.0,0.0,0.25244290584397,0.0,0.0,0.0,0.0,0.0,0.0,0.396116443016228,0.0,0.0,0.0,0.0,0.0,0.2500655799821083,0.0
B00LY12TH6,230.0,230.0,0.0,0.0,0.0,-0.8081734778982486,0.0736607142857142,0,4.5,9427,9.15143926405602,41.1814766882521,4.5,0.8035714285714286,0,10,1,0,0.9,0.9426,47,3,4,0.0,1.4,1.1,0.0,2,0.0,0.0,0.0,0.0,0.0,0.0,0.0,0.0,0.0,0.0,0.0,0.0,0.0,0.0,0.0,0.0,0.0,0.0,0.0,0.0,0.0,0.0,0.0,0.0,0.0,0.0,0.0,0.0,0.0,0.0,0.0,0.0,0.0,0.0,0.0,0.0,0.0,0.0,0.0,0.0,0.0,0.0,0.0,0.0,0.0,0.0,0.0,0.0,0.0,0.0
B09RWZRCP1,399.0,999.0,60.0,600.0,0.6006006006006006,0.1432664756446991,0.5598669623059866,0,4.1,1780,7.484930283289661,30.688214161487608,1.64,0.270509977827051,0,26,1,1,0.9230769230769232,0.9949,100,5,1,1.2,0.0,0.0,0.0,0,0.0,0.0,0.0,0.2856208166087867,0.0,0.0,0.0,0.3642793591100075,0.0,0.0,0.4109751522023316,0.0,0.0,0.4958498698189643,0.0,0.0,0.4197027888468025,0.0,0.0,0.0,0.0,0.0,0.0,0.0,0.0,0.0,0.0,0.0,0.0,0.0,0.0,0.0,0.0,0.0,0.0,0.0,0.0,0.0,0.0,0.0,0.4413651521734977,0.0,0.0,0.0,0.0,0.0,0.0,0.0,0.0,0.0
B08497Z1MQ,599.0,700.0,14.0,101.0,0.1442857142857143,0.7163323782234957,0.6873614190687362,2,4.3,2301,7.741533589281828,33.28859443391186,3.698,0.3082039911308204,0,29,1,1,0.9655172413793104,0.8019,78,4,1,0.0,1.4,0.0,0.0,2,0.0,0.0,0.0,0.2749621269681225,0.0,0.0,0.0,0.0,0.0,0.0,0.0,0.0,0.0,0.0,0.0,0.0,0.0,0.0,0.0,0.0,0.0,0.0,0.0,0.0,0.0,0.4773459318584373,0.0,0.0,0.0,0.0,0.0,0.0,0.0,0.0,0.0,0.0,0.5495132729516948,0.0,0.0,0.0,0.0,0.0,0.340285076555298,0.5279942420093586,0.0,0.0,0.0,0.0,0.0,0.0
B07KNM95JK,598.0,1150.0,48.0,552.0,0.48,0.7134670487106017,0.6718403547671841,2,4.1,2535,7.8383433155571165,32.137207593784176,2.132,0.3215077605321508,0,17,1,1,0.9411764705882352,0.3716,74,4,1,1.2,0.0,0.0,0.0,0,0.0,0.0,0.0,0.7696321221530011,0.0,0.0,0.0,0.0,0.0,0.0,0.0,0.0,0.6384875852749746,0.0,0.0,0.0,0.0,0.0,0.0,0.0,0.0,0.0,0.0,0.0,0.0,0.0,0.0,0.0,0.0,0.0,0.0,0.0,0.0,0.0,0.0,0.0,0.0,0.0,0.0,0.0,0.0,0.0,0.0,0.0,0.0,0.0,0.0,0.0,0.0,0.0
B09Q3M3WLJ,399.0,1499.0,73.0,1100.0,0.733822548365577,0.1432664756446991,0.5598669623059866,0,4.0,691,6.539585955617669,26.15834382247068,1.08,0.1507760532150776,0,22,1,1,0.9545454545454546,-0.0387,107,4,1,1.2,0.0,0.0,0.0,0,0.6921798734389071,0.0,0.0,0.0,0.0,0.0,0.0,0.0,0.0,0.0,0.0,0.0,0.0,0.0,0.0,0.0,0.0,0.0,0.0,0.0,0.0,0.0,0.0,0.0,0.0,0.0,0.0,0.0,0.0,0.0,0.0,0.0,0.0,0.0,0.72172503268634,0.0,0.0,0.0,0.0,0.0,0.0,0.0,0.0,0.0,0.0,0.0,0.0,0.0,0.0,0.0
B09B9SPC7F,499.0,1299.0,62.0,800.0,0.6158583525789069,0.4297994269340974,0.6219512195121951,0,4.1,2740,7.916078096302786,32.45592019484142,1.5579999999999998,0.3370288248337029,0,28,1,1,0.8928571428571429,0.8478,259,4,1,1.2,0.0,0.0,0.0,0,0.0,0.0,0.0,0.0,0.0,0.0,0.0,0.0,0.0,0.0,0.0,0.0,0.5274331679272019,0.0,0.0,0.0,0.0,0.0,0.0,0.0,0.0,0.0,0.0,0.0,0.5889397121938893,0.0,0.0,0.0,0.0,0.0,0.6123432605747,0.0,0.0,0.0,0.0,0.0,0.0,0.0,0.0,0.0,0.0,0.0,0.0,0.0,0.0,0.0,0.0,0.0,0.0,0.0
B09CMP1SC8,199.0,499.0,60.0,300.0,0.6012024048096193,-0.4297994269340974,0.2139689578713969,0,4.1,602,6.401917196727186,26.24786050658146,1.64,0.1352549889135255,0,35,1,1,0.8857142857142857,0.9934,66,5,1,1.2,0.0,0.0,0.0,0,0.255850805521824,0.0,0.0,0.1384882150571578,0.0,0.0,0.0,0.1766271759330807,0.2720434257766165,0.0,0.1992684424654563,0.0,0.2297799259561252,0.2404214238404356,0.0,0.0,0.2035001887187966,0.0,0.0,0.0,0.0,0.0,0.0,0.0,0.0,0.0,0.0,0.56369165376245,0.0,0.0,0.0,0.0,0.0,0.0,0.0,0.0,0.0,0.0,0.0,0.0,0.428007123841114,0.0,0.3427779191437152,0.0,0.0,0.0,0.0,0.0,0.0,0.0
B099SD8PRP,579.0,1090.0,47.0,511.0,0.4688073394495413,0.6590257879656161,0.6662971175166297,2,4.4,3482,8.155649270366002,35.88485678961041,2.3320000000000003,0.3880266075388026,0,25,1,0,1.0,0.9849,184,4,1,1.2,0.0,0.0,0.0,0,0.4149241974765278,0.0,0.4149241974765278,0.0,0.0,0.0,0.0,0.0,0.0,0.0,0.0,0.0,0.0,0.0,0.0,0.0,0.0,0.0,0.0,0.0,0.0,0.0,0.0,0.0,0.0,0.0,0.0,0.0,0.0,0.0,0.0,0.0,0.0,0.0,0.0,0.0,0.0,0.0,0.0,0.0,0.0,0.0,0.0,0.0,0.0,0.0,0.0,0.0,0.0,0.8097381185895343
B09YLXYP7Y,179.0,399.0,55.0,220.0,0.5513784461152882,-0.4871060171919771,0.1629711751662971,0,4.0,1423,7.261225091971921,29.044900367887685,1.7999999999999998,0.2350332594235033,0,29,1,1,0.896551724137931,0.9475,126,5,1,1.2,0.0,0.0,0.0,0,0.0,0.0,0.0,0.1801283984283165,0.0,0.0,0.0,0.2297348572700658,0.0,0.0,0.5183676514827404,0.0,0.0,0.3127105509039835,0.0,0.0,0.2646879596119281,0.0,0.0,0.0,0.0,0.0,0.0,0.0,0.0,0.0,0.0,0.0,0.0,0.0,0.0,0.0,0.0,0.0,0.0,0.0,0.3599875621538476,0.0,0.3406168803393088,0.0,0.2783494527010487,0.0,0.2229216311527482,0.0,0.0,0.0,0.0,0.0,0.0,0.324714725857164
B00S2SEV7K,90.0,100.0,10.0,10.0,0.1,-0.4943820224719101,0.1290322580645161,0,4.1,6199,8.732304571033183,35.80244874123605,3.69,0.7419354838709677,0,7,1,1,1.0,0.9921,99,7,7,0.0,0.0,0.0,0.0,4,0.0,0.0,0.0,0.0,1.0,0.0,0.0,0.0,0.0,0.0,0.0,0.0,0.0,0.0,0.0,0.0,0.0,0.0,0.0,0.0,0.0,0.0,0.0,0.0,0.0,0.0,0.0,0.0,0.0,0.0,0.0,0.0,0.0,0.0,0.0,0.0,0.0,0.0,0.0,0.0,0.0,0.0,0.0,0.0,0.0,0.0,0.0,0.0,0.0,0.0
B08WKCTFF3,899.0,1999.0,55.0,1100.0,0.5502751375687844,1.5759312320916905,0.7882483370288248,2,4.4,1667,7.419380582918692,32.645274564842246,1.98,0.2594235033259423,0,25,1,0,0.96,0.9833,55,4,1,1.2,0.0,0.0,0.0,0,0.0,0.0,0.0,0.0,0.0,0.0,0.0,0.0,0.0,0.0,0.0,0.0,0.5416168307158642,0.0,0.0,0.0,0.0,0.5838625730016609,0.0,0.0,0.0,0.0,0.0,0.0,0.6047774008122186,0.0,0.0,0.0,0.0,0.0,0.0,0.0,0.0,0.0,0.0,0.0,0.0,0.0,0.0,0.0,0.0,0.0,0.0,0.0,0.0,0.0,0.0,0.0,0.0,0.0
B08498D67S,1149.0,1800.0,36.0,651.0,0.3616666666666667,2.292263610315186,0.844789356984479,2,4.3,4723,8.460411177317253,36.37976806246419,2.752,0.4124168514412417,0,27,1,1,0.8888888888888888,0.8809,48,4,1,0.0,0.0,0.0,0.0,4,0.0,0.0,0.0,0.0,0.0,0.0,0.0,0.0,0.0,0.0,0.0,0.0,0.0,0.0,0.0,0.0,0.0,0.0,0.0,0.0,0.0,0.0,0.0,0.0,0.0,0.0,0.0,0.0,0.0,0.0,0.0,0.0,0.0,0.0,0.0,0.0,0.0,0.0,0.0,0.0,0.0,0.0,0.0,1.0,0.0,0.0,0.0,0.0,0.0,0.0
B00C3GBCIS,249.0,499.0,50.0,250.0,0.501002004008016,-0.2865329512893982,0.3015521064301552,0,4.2,22860,10.03718768092397,42.15618825988068,2.1,0.7849223946784922,1,10,1,1,0.9,0.9513,44,5,1,1.2,0.0,1.1,0.0,0,0.0,0.0,0.0,0.2331630757137456,0.0,0.0,0.0,0.0,0.0,0.0,0.0,0.0,0.0,0.0,0.0,0.0,0.0,0.0,0.0,0.0,0.0,0.4463319445529889,0.0,0.0,0.863957623610819,0.0,0.0,0.0,0.0,0.0,0.0,0.0,0.0,0.0,0.0,0.0,0.0,0.0,0.0,0.0,0.0,0.0,0.0,0.0,0.0,0.0,0.0,0.0,0.0,0.0
B00URH5E34,39.0,39.0,0.0,0.0,0.0,-0.8882521489971347,0.0044345898004434,0,3.6,13572,9.515837804297965,34.25701609547267,3.6,0.6851441241685144,1,12,1,0,1.0,0.7369,77,4,1,0.0,0.0,0.0,0.0,4,0.0,0.0,0.0,0.0,0.0,0.0,0.0,0.0,0.0,0.0,0.0,0.0,0.0,0.0,0.0,0.0,0.0,0.0,0.0,0.0,0.0,0.0,0.0,0.0,0.0,0.6041888971264437,0.0,0.0,0.0,0.0,0.6704079654724806,0.0,0.0,0.0,0.0,0.0,0.0,0.0,0.0,0.0,0.0,0.0,0.4307074835897105,0.0,0.0,0.0,0.0,0.0,0.0,0.0
B00EYW1U68,1599.0,3599.0,56.0,2000.0,0.5557099194220617,3.5816618911174785,0.9190687361419068,2,4.2,16182,9.691716587516886,40.70520966757093,1.848,0.7161862527716186,1,8,1,1,1.0,0.9788,95,3,1,1.2,0.0,0.0,0.0,0,0.0,0.0,0.0,0.0,0.0,0.0,0.0,0.0,0.0,0.0,0.0,0.0,0.0,0.0,0.0,0.0,0.0,0.0,0.0,0.0,0.0,0.0,0.0,0.0,0.0,0.0,0.0,0.0,0.0,0.0,0.0,0.0,0.0,0.0,0.0,0.0,0.0,0.0,0.0,0.0,0.0,0.0,0.0,0.0,0.0,0.0,0.0,0.0,1.0,0.0
B08SMJT55F,1199.0,3990.0,70.0,2791.0,0.699498746867168,-0.1429592566118656,0.4543726235741445,2,4.2,2908,7.975564658495202,33.49737156567985,1.2600000000000002,0.3079847908745247,0,22,1,1,0.8636363636363636,0.9737,129,4,2,1.2,0.0,0.0,0.0,0,0.0,0.0,0.0,0.2946948244431607,0.0,0.0,0.0,0.0,0.0,0.0,0.0,0.0,0.0,0.0,0.0,0.0,0.0,0.0,0.0,0.0,0.0,0.0,0.0,0.0,0.0,0.0,0.0,0.0,0.0,0.0,0.5676743629230656,0.0,0.0,0.0,0.0,0.0,0.0,0.0,0.0,0.0,0.0,0.0,0.0,0.0,0.0,0.5555923347406098,0.0,0.0,0.0,0.5312418806003386
B0B2DJDCPX,209.0,499.0,58.0,290.0,0.5811623246492986,-0.4011461318051575,0.2560975609756097,0,3.9,536,6.285998094508865,24.515392568584573,1.638,0.1230598669623059,0,24,1,1,0.875,0.8402,186,5,1,1.2,0.0,0.0,0.0,0,0.2829080769039545,0.0,0.0,0.0,0.0,0.0,0.0,0.3906124475183014,0.0,0.0,0.2203418970308453,0.0,0.2540800949631383,0.2658469748667896,0.0,0.0,0.2250211677958376,0.0,0.0,0.0,0.0,0.0,0.3093567267747056,0.2922291533825784,0.0,0.0,0.0,0.0,0.3093567267747056,0.0,0.0,0.2813300176563738,0.0,0.0,0.0,0.0,0.0,0.0,0.2895711928011413,0.0,0.0,0.0,0.1895140445469806,0.0,0.0,0.0,0.0,0.0,0.2392778199437397,0.0
B08Y7MXFMK,1099.0,1499.0,27.0,400.0,0.266844563042028,2.1489971346704877,0.8370288248337029,2,4.2,2375,7.773173680482536,32.647329458026654,3.066,0.3104212860310421,0,38,1,1,0.8157894736842105,0.9889,272,4,1,0.0,0.0,0.0,0.0,4,0.0,0.0,0.0,0.0,0.0,0.6053694685809526,0.0,0.0,0.0,0.0,0.0,0.0,0.0,0.0,0.0,0.0,0.0,0.0,0.0,0.0,0.0,0.0,0.33920239468094,0.0,0.0,0.0,0.0,0.0,0.0,0.0,0.0,0.0,0.0,0.0,0.0,0.2648567476036784,0.0,0.0,0.0,0.2860913345621416,0.0,0.0,0.0,0.0,0.0,0.0,0.0,0.0,0.0,0.6053694685809526
B086Q3QMFS,120.0,120.0,0.0,0.0,0.0,-0.3258426966292135,0.3064516129032258,0,4.5,4951,8.507546814364431,38.28396066463994,4.5,0.6129032258064516,0,16,1,0,0.9375,0.9707,47,6,7,0.0,1.4,0.0,0.0,2,0.0,0.0,0.0,0.0,0.0,0.0,0.0,0.0,0.0,0.0,0.0,0.0,0.0,0.0,0.0,0.0,0.0,0.0,0.0,0.0,0.0,0.0,0.0,0.0,0.0,0.0,0.0,0.0,0.0,1.0,0.0,0.0,0.0,0.0,0.0,0.0,0.0,0.0,0.0,0.0,0.0,0.0,0.0,0.0,0.0,0.0,0.0,0.0,0.0,0.0
B08498H13H,1519.0,3499.0,57.0,1980.0,0.5658759645613032,3.35243553008596,0.91019955654102,2,4.3,408,6.013715156042802,25.85897517098405,1.849,0.0953436807095343,0,23,1,1,0.9565217391304348,0.9982,72,4,1,1.2,0.0,0.0,0.0,0,0.0,0.0,0.0,0.0,0.0,0.0,0.0,0.0,0.0,0.0,0.0,0.0,0.0,0.0,0.0,0.0,0.0,0.0,0.0,0.0,0.0,0.0,0.0,0.0,0.0,1.0,0.0,0.0,0.0,0.0,0.0,0.0,0.0,0.0,0.0,0.0,0.0,0.0,0.0,0.0,0.0,0.0,0.0,0.0,0.0,0.0,0.0,0.0,0.0,0.0
B07LFQLKFZ,420.0,420.0,0.0,0.0,0.0,1.3595505617977528,0.7741935483870968,0,4.2,1926,7.563719668414366,31.76762260734034,4.2,0.1612903225806451,0,10,0,1,1.0,0.9949,17,7,7,0.0,0.0,0.0,0.0,4,0.0,0.0,0.0,1.0,0.0,0.0,0.0,0.0,0.0,0.0,0.0,0.0,0.0,0.0,0.0,0.0,0.0,0.0,0.0,0.0,0.0,0.0,0.0,0.0,0.0,0.0,0.0,0.0,0.0,0.0,0.0,0.0,0.0,0.0,0.0,0.0,0.0,0.0,0.0,0.0,0.0,0.0,0.0,0.0,0.0,0.0,0.0,0.0,0.0,0.0
B00LY17RHI,225.0,225.0,0.0,0.0,0.0,0.2640449438202247,0.5806451612903226,0,4.1,4798,8.476162841858246,34.7522676516188,4.1,0.5806451612903226,0,6,0,1,1.0,0.9999,9,7,7,0.0,0.0,0.0,0.0,4,0.0,0.0,0.0,0.4707448892323643,0.8822693745458974,0.0,0.0,0.0,0.0,0.0,0.0,0.0,0.0,0.0,0.0,0.0,0.0,0.0,0.0,0.0,0.0,0.0,0.0,0.0,0.0,0.0,0.0,0.0,0.0,0.0,0.0,0.0,0.0,0.0,0.0,0.0,0.0,0.0,0.0,0.0,0.0,0.0,0.0,0.0,0.0,0.0,0.0,0.0,0.0,0.0
B07W14CHV8,199.0,799.0,75.0,600.0,0.7509386733416771,-0.4297994269340974,0.2139689578713969,0,4.1,7333,8.900276348631271,36.49113302938821,1.025,0.4878048780487805,0,16,1,0,0.875,0.3206,122,4,1,1.2,0.0,0.0,0.0,0,0.0,0.0,0.0,0.0,0.0,0.0,0.0,0.0,0.0,0.0,0.0,0.0,0.0,0.0,0.0,0.0,0.0,0.0,0.0,0.0,0.0,0.0,0.0,0.0,0.0,0.0,0.0,0.0,0.0,0.0,0.0,0.0,0.0,0.0,0.0,0.0,0.0,0.0,0.0,0.0,0.0,0.0,0.0,0.0,0.0,0.0,0.0,0.0,0.0,0.0
B0B9BXKBC7,1799.0,3999.0,55.0,2200.0,0.5501375343835959,0.2859185132237312,0.5855513307984791,2,4.6,245,5.5053315359323625,25.324525065288864,2.07,0.0788973384030418,0,34,1,1,0.8235294117647058,0.9943,270,5,2,1.2,0.0,0.0,0.0,0,0.0,0.0,0.0,0.0,0.0,0.5824702574251823,0.0,0.0,0.0,0.0,0.0,0.0,0.5361091561470638,0.0,0.0,0.0,0.0,0.0,0.0,0.0,0.0,0.0,0.0,0.0,0.0,0.0,0.0,0.0,0.0,0.0,0.0,0.0,0.0,0.0,0.0,0.0,0.0,0.0,0.0,0.0,0.0,0.6109953943446097,0.0,0.0,0.0,0.0,0.0,0.0,0.0,0.0
B09F5Z694W,8349.0,9625.0,13.0,1276.0,0.1325714285714285,22.922636103151863,0.991130820399113,1,3.8,3652,8.203304026795282,31.17255530182207,3.306,0.3902439024390244,0,16,1,1,0.9375,0.9835,278,4,1,0.0,0.0,0.0,0.0,4,0.0,0.0,0.0,0.4002843116354084,0.0,0.0,0.0,0.0,0.0,0.0,0.0,0.0,0.6641525378244005,0.0,0.0,0.0,0.0,0.0,0.0,0.0,0.0,0.0,0.0,0.0,0.0,0.0,0.0,0.0,0.0,0.0,0.0,0.0,0.0,0.0,0.0,0.6314062688633804,0.0,0.0,0.0,0.0,0.0,0.0,0.0,0.0,0.0,0.0,0.0,0.0,0.0,0.0
B0B25LQQPC,3307.0,6100.0,46.0,2793.0,0.4578688524590164,8.475644699140402,0.9689578713968958,3,4.3,2515,7.830425617820331,33.670830156627424,2.322,0.3170731707317073,0,15,1,0,0.8666666666666667,0.9937,36,3,1,1.2,0.0,0.0,0.0,0,0.0,0.0,0.0,0.0,0.0,0.0,0.0,0.0,0.0,0.0,0.0,0.0,0.0,0.0,0.0,0.0,0.0,0.0,0.0,0.0,0.0,0.0,0.0,0.0,0.0,0.0,0.0,0.0,0.0,0.0,0.0,0.0,0.0,0.0,0.0,0.0,0.0,0.0,0.0,0.0,0.0,0.0,0.0,0.0,0.0,0.0,0.0,0.0,0.0,0.0
B07GVGTSLN,325.0,1299.0,75.0,974.0,0.7498075442648191,-0.0687679083094555,0.4290465631929046,0,4.2,10576,9.266437111328052,38.91903586757782,1.05,0.6053215077605322,1,35,1,0,0.9428571428571428,0.958,213,5,1,1.2,0.0,0.0,0.0,0,0.2703925188702141,0.0,0.0,0.0,0.0,0.0,0.0,0.3733321605462317,0.0,0.2925000932502774,0.2105942014905365,0.0,0.2428398567609289,0.0,0.0,0.0,0.4301329324018543,0.2617811994660338,0.0,0.0,0.0,0.0,0.0,0.0,0.0,0.0,0.0,0.0,0.0,0.2884772103445771,0.0,0.0,0.0,0.0,0.2819340131203212,0.0,0.0,0.0,0.0,0.0,0.2261668163869095,0.0,0.36226028204728,0.0,0.0,0.0,0.0,0.0,0.0,0.0
B01LYLJ99X,449.0,1300.0,65.0,851.0,0.6546153846153846,0.2865329512893982,0.5953436807095344,0,4.2,4959,8.509161019718974,35.73847628281969,1.47,0.4235033259423503,0,8,1,1,1.0,0.9382,58,3,1,1.2,0.0,0.0,0.0,0,0.0,0.0,0.0,0.0,0.0,0.0,0.0,0.0,0.0,0.0,0.0,0.0,0.0,0.0,0.0,0.0,0.0,0.0,0.0,0.0,0.0,0.0,0.0,0.0,0.0,0.0,0.0,0.0,0.0,0.0,0.0,0.0,0.0,0.0,0.0,0.0,0.0,0.0,0.0,0.0,0.0,0.0,1.0,0.0,0.0,0.0,0.0,0.0,0.0,0.0
B014SZPBM4,380.0,400.0,5.0,20.0,0.05,-0.7283774124374554,0.2300380228136882,0,4.4,2111,7.655390644826152,33.68371883723507,4.18,0.2718631178707224,0,7,1,0,0.8571428571428571,0.921,41,3,2,0.0,1.4,0.0,0.0,2,0.0,0.0,0.6988293959618654,0.0,0.0,0.0,0.0,0.0,0.0,0.0,0.0,0.0,0.0,0.0,0.0,0.0,0.0,0.0,0.0,0.0,0.0,0.0,0.0,0.0,0.0,0.0,0.0,0.0,0.0,0.0,0.0,0.0,0.0,0.0,0.0,0.0,0.0,0.0,0.0,0.0,0.0,0.7152883861349729,0.0,0.0,0.0,0.0,0.0,0.0,0.0,0.0
B08CZHGHKH,499.0,1399.0,64.0,900.0,0.6433166547533953,0.4297994269340974,0.6219512195121951,0,3.9,1462,7.288244401020124,28.424153163978485,1.404,0.2439024390243902,0,31,1,1,0.935483870967742,0.9859,202,4,1,1.2,0.0,0.0,0.0,0,0.0,0.0,0.0,0.2849760638898973,0.0,0.0,0.0,0.0,0.0,0.0,0.0,0.0,0.0,0.0,0.0,0.0,0.0,0.0,0.0,0.0,0.5655553042148851,0.5455148520308195,0.0,0.0,0.0,0.0,0.0,0.0,0.0,0.0,0.5489529917014964,0.0,0.0,0.0,0.0,0.0,0.0,0.0,0.0,0.0,0.0,0.0,0.0,0.0,0.0,0.0,0.0,0.0,0.0,0.0
B0B2RBP83P,37247.0,59890.0,38.0,22643.0,0.3780764735348138,105.72492836676216,1.0,1,4.0,323,5.780743515792329,23.12297406316932,2.48,0.0776053215077605,0,23,1,0,1.0,0.9503,153,3,1,0.0,0.0,0.0,0.0,4,0.0,0.0,0.0,0.0,0.0,0.0,0.0,0.0,0.0,0.0,0.0,0.0,0.0,0.0,0.0,0.0,0.0,0.5568009717815003,0.0,0.0,0.0,0.0,0.0,0.0,0.5767464126918362,0.0,0.0,0.0,0.0,0.0,0.0,0.0,0.0,0.0,0.0,0.0,0.0,0.0,0.0,0.0,0.0,0.0,0.0,0.5977760895772553,0.0,0.0,0.0,0.0,0.0,0.0
B078W65FJ7,849.0,2490.0,66.0,1641.0,0.6590361445783133,-0.3931379556826304,0.3878326996197718,2,4.2,91188,11.420689554752878,47.96689612996209,1.428,0.9182509505703422,1,9,1,1,0.8888888888888888,0.9864,84,4,2,1.2,0.0,1.1,0.0,0,0.0,0.0,0.0,0.0,0.0,0.0,0.0,0.0,0.0,0.0,0.0,0.0,0.0,0.0,0.0,0.0,0.0,0.0,0.0,0.0,0.0,0.0,0.0,0.0,0.0,0.0,0.7785917952211391,0.0,0.0,0.0,0.0,0.0,0.0,0.0,0.0,0.0,0.0,0.0,0.0,0.0,0.0,0.0,0.0,0.0,0.0,0.0,0.0,0.0,0.6275307294581867,0.0
B08S74GTBT,799.0,1999.0,60.0,1200.0,0.6003001500750376,-0.4288777698355968,0.3802281368821292,2,3.7,418,6.037870919922137,22.34012240371191,1.4800000000000002,0.1216730038022813,0,34,1,0,0.8823529411764706,0.9753,30,4,2,0.0,0.0,0.0,0.0,4,0.5354375220519484,0.0,0.0,0.0,0.0,0.0,0.0,0.0,0.0,0.0,0.0,0.0,0.0,0.0,0.0,0.0,0.0,0.0,0.0,0.0,0.0,0.0,0.0,0.0,0.0,0.0,0.0,0.0,0.0,0.0,0.5582922560064051,0.0,0.0,0.0,0.0,0.0,0.0,0.0,0.0,0.0,0.0,0.0,0.3586780961390766,0.0,0.0,0.0,0.0,0.0,0.0,0.522461903120405
B0B9BD2YL4,2599.0,6999.0,63.0,4400.0,0.6286612373196171,0.8577555396711937,0.6844106463878327,3,4.5,1526,7.331060305218632,32.98977137348385,1.665,0.2309885931558935,0,32,1,0,0.875,0.99,304,4,2,1.2,0.0,0.0,0.0,0,0.0,0.0,0.0,0.0,0.0,0.0,0.0,0.0,0.0,0.0,0.1543790563157151,0.0,0.1780171897291307,0.0,0.0,0.0,0.0,0.0,0.0,0.0,0.0,0.0,0.8669835412683589,0.0,0.0,0.0,0.0,0.0,0.0,0.0,0.0,0.3942188319545471,0.0,0.0,0.0,0.0,0.0,0.0,0.0,0.0,0.0,0.0,0.0,0.0,0.0,0.0,0.0,0.0,0.0,0.1934115788524053
B0BMXMLSMM,199.0,999.0,80.0,800.0,0.8008008008008008,-0.4297994269340974,0.2139689578713969,0,4.5,127,4.852030263919617,21.83413618763828,0.8999999999999998,0.0365853658536585,0,43,1,1,0.8837209302325582,0.9947,203,5,1,1.2,0.0,0.0,1.0,0,0.0,0.0,0.0,0.0,0.0,0.0,0.0,0.5243009692459311,0.269178343325271,0.0,0.1971698050292276,0.0,0.4547199008518713,0.237889375141202,0.0,0.0,0.2013569837584882,0.0,0.0,0.0,0.0,0.0,0.0,0.0,0.0,0.0,0.0,0.0,0.0,0.0,0.0,0.2517441552316818,0.0,0.0,0.0,0.0,0.0,0.0,0.2591186533112643,0.0,0.4234994769605937,0.0,0.0,0.0,0.0,0.0,0.0,0.0,0.0,0.0
B0141EZMAI,269.0,800.0,66.0,531.0,0.66375,-0.2292263610315186,0.3303769401330377,0,3.6,10134,9.2237500588861,33.205500211989964,1.224,0.5931263858093127,1,32,1,1,0.90625,0.9241,53,4,1,0.0,0.0,0.0,0.0,4,0.0,0.79682520343958,0.0,0.2068265530174532,0.0,0.0,0.0,0.0,0.0,0.0,0.0,0.0,0.3431670342382298,0.0,0.0,0.0,0.0,0.0,0.0,0.0,0.0,0.0,0.0,0.0,0.0,0.0,0.0,0.0,0.0,0.0,0.0,0.0,0.0,0.0,0.0,0.0,0.0,0.0,0.0,0.0,0.0,0.0,0.2559624854639413,0.0,0.0,0.0,0.0,0.0,0.0,0.3728430833174324
B07QMRHWJD,298.0,999.0,70.0,701.0,0.7017017017017017,-0.1461318051575931,0.3547671840354767,0,4.3,1552,7.347943823148687,31.59615843953935,1.29,0.2527716186252771,0,24,0,0,0.9166666666666666,0.9954,38,4,1,1.2,0.0,0.0,0.0,0,0.0,0.0,0.0,0.0,0.0,0.0,0.0,0.0,0.0,0.0,0.0,0.0,0.0,0.0,0.0,0.0,0.0,0.0,0.0,0.0,0.0,0.0,0.0,0.0,0.5419036684075451,0.5077848835413489,0.0,0.0,0.0,0.0,0.563438077547779,0.0,0.0,0.0,0.0,0.0,0.0,0.0,0.0,0.0,0.0,0.0,0.3619840590172546,0.0,0.0,0.0,0.0,0.0,0.0,0.0
B07W7Z6DVL,1499.0,2999.0,50.0,1500.0,0.5001667222407469,0.0714796283059328,0.5275665399239544,2,4.1,25262,10.1370961536981,41.56209423016221,2.05,0.714828897338403,1,20,1,1,0.95,0.8942,61,4,2,1.2,0.0,0.0,0.0,0,0.0,0.0,0.0,0.2584704145252895,0.0,0.4659406874600462,0.0,0.0,0.0,0.0,0.0,0.0,0.0,0.0,0.0,0.0,0.0,0.0,0.0,0.0,0.0,0.0,0.0,0.0,0.0,0.0,0.5010911494727239,0.0,0.0,0.0,0.497894824509904,0.0,0.0,0.0,0.0,0.0,0.0,0.0,0.0,0.0,0.0,0.0,0.0,0.0,0.0,0.0,0.0,0.0,0.0,0.4659406874600462
B07WMS7TWB,649.0,1245.0,48.0,596.0,0.478714859437751,-0.4587155963302752,0.2622767857142857,2,3.9,123365,11.722910825746656,45.71935222041196,2.028,0.9977678571428572,1,29,1,1,0.8620689655172413,0.9712,179,5,4,1.2,0.0,0.0,0.0,0,0.0,0.0,0.0,0.0,0.0,0.0,0.0,0.0,0.0,0.0,0.0,0.0,0.0,0.0,0.0,0.5779255864532401,0.0,0.0,0.0,0.0,0.0,0.0,0.0,0.0,0.0,0.0,0.0,0.0,0.0,0.0,0.0,0.0,0.0,0.0,0.0,0.0,0.0,0.0,0.0,0.0,0.0,0.0,0.0,0.0,0.0,0.5761979113510886,0.5779255864532401,0.0,0.0,0.0
B00H47GVGY,1199.0,1695.0,29.0,496.0,0.2926253687315634,0.0,0.4899553571428571,2,3.6,13300,9.495594499353295,34.18414019767187,2.556,0.8727678571428571,1,11,1,0,0.9090909090909092,0.9393,66,4,4,0.0,0.0,0.0,0.0,4,0.0,0.0,0.0,0.0,0.0,0.0,0.0,0.0,0.0,0.0,0.0,0.0,0.0,0.0,0.0,0.0,0.0,0.0,0.0,0.7014536664692526,0.0,0.0,0.0,0.0,0.0,0.0,0.0,0.0,0.0,0.0,0.0,0.0,0.0,0.0,0.0,0.0,0.0,0.0,0.0,0.0,0.0,0.0,0.0,0.0,0.0,0.0,0.0,0.7127150579276704,0.0,0.0
B07VX71FZP,1199.0,2000.0,40.0,801.0,0.4005,0.0,0.4899553571428571,2,4.0,18543,9.827901565579532,39.31160626231813,2.4,0.9330357142857144,1,21,1,1,0.8571428571428571,0.9477,196,4,4,0.0,0.0,1.1,0.0,3,0.0,0.0,0.0,0.0,0.0,0.0,0.0,0.0,0.0,0.0,0.0,0.0,0.0,0.0,0.0,0.0,0.0,0.0,0.0,0.6087316684800678,0.0,0.0,0.0,0.0,0.0,0.0,0.0,0.0,0.0,0.0,0.0,0.0,0.0,0.0,0.0,0.0,0.0,0.0,0.0,0.0,0.0,0.0,0.0,0.0,0.0,0.0,0.0,0.6185044673684037,0.4968882969388595,0.0
B07NCKMXVZ,455.0,999.0,54.0,544.0,0.5445445445445446,-0.6205170975813178,0.1741071428571428,0,4.1,3578,8.182838710766026,33.549638714140706,1.886,0.5982142857142857,0,14,0,0,0.8571428571428571,0.9614,228,5,4,1.2,0.0,0.0,0.0,0,0.0,0.0,0.0,0.0,0.0,0.0,0.0,0.0,0.0,0.0,0.0,0.0,0.0,0.0,0.0,1.0,0.0,0.0,0.0,0.0,0.0,0.0,0.0,0.0,0.0,0.0,0.0,0.0,0.0,0.0,0.0,0.0,0.0,0.0,0.0,0.0,0.0,0.0,0.0,0.0,0.0,0.0,0.0,0.0,0.0,0.0,0.0,0.0,0.0,0.0
B0B61DSF17,199.0,1999.0,90.0,1800.0,0.9004502251125562,-0.8340283569641368,0.0491071428571428,0,3.7,2031,7.616775808698373,28.182070492183986,0.3699999999999999,0.4732142857142857,0,26,1,1,0.9615384615384616,0.9177,112,4,4,0.0,0.0,0.0,0.0,4,0.4462719194001914,0.0,0.0,0.0,0.0,0.0,0.0,0.0,0.0,0.0,0.0,0.0,0.0,0.0,0.4761199714459587,0.0,0.0,0.0,0.0,0.0,0.0,0.0,0.0,0.0,0.0,0.0,0.0,0.0,0.0,0.0,0.4653206889936055,0.0,0.0,0.0,0.0,0.0,0.0,0.0,0.0,0.0,0.0,0.0,0.0,0.4638546318872644,0.0,0.0,0.0,0.0,0.3774475905558479,0.0
B07VQGVL68,293.0,499.0,41.0,206.0,0.4128256513026052,-0.755629691409508,0.1060267857142857,0,3.9,44994,10.714306651468048,41.785795940725386,2.301,0.9866071428571428,1,15,1,0,0.9333333333333332,0.4019,73,4,4,0.0,0.0,0.0,0.0,4,0.6921798734389071,0.0,0.0,0.0,0.0,0.0,0.0,0.0,0.0,0.0,0.0,0.0,0.0,0.0,0.0,0.0,0.0,0.0,0.0,0.0,0.0,0.0,0.0,0.0,0.0,0.0,0.0,0.0,0.0,0.0,0.72172503268634,0.0,0.0,0.0,0.0,0.0,0.0,0.0,0.0,0.0,0.0,0.0,0.0,0.0,0.0,0.0,0.0,0.0,0.0,0.0
B01LWYDEQ7,199.0,495.0,60.0,296.0,0.597979797979798,-0.8340283569641368,0.0491071428571428,0,4.1,270563,12.508263948174513,51.283882187515495,1.64,1.0,1,23,1,0,0.7391304347826086,0.9397,73,5,4,1.2,0.0,1.1,0.0,0,0.0,0.0,0.0,0.0,0.0,0.0,0.0,0.0,0.0,0.0,0.0,0.0,0.0,0.0,0.0,0.0,0.0,0.0,0.0,0.0,0.0,0.0,0.0,0.0,0.0,0.0,0.0,0.0,1.0,0.0,0.0,0.0,0.0,0.0,0.0,0.0,0.0,0.0,0.0,0.0,0.0,0.0,0.0,0.0,0.0,0.0,0.0,0.0,0.0,0.0
B07VNFP3C2,749.0,1245.0,40.0,496.0,0.3983935742971887,-0.3753127606338615,0.3125,2,3.9,31783,10.366718297494437,40.430201360228295,2.34,0.9620535714285714,1,6,1,1,1.0,-0.3428,104,5,4,0.0,0.0,0.0,0.0,4,0.0,0.0,0.0,0.0,0.0,0.0,0.0,0.0,0.0,0.0,0.0,0.0,0.0,0.0,0.0,0.0,0.0,0.0,0.0,0.0,0.0,0.0,0.0,0.0,0.0,0.0,0.0,0.0,0.0,0.0,0.0,0.0,0.0,0.0,0.0,0.0,0.0,0.0,0.0,0.0,0.0,0.0,0.0,0.0,0.0,0.0,0.0,1.0,0.0,0.0
B00LUGTJGO,1399.0,1549.0,10.0,150.0,0.0968366688185926,0.1668056713928273,0.5368303571428571,2,3.9,2602,7.864419904994565,30.671237629478803,3.51,0.5267857142857143,0,6,1,1,1.0,0.2732,70,4,4,0.0,0.0,0.0,0.0,4,0.0,0.0,0.0,0.0,0.0,0.0,0.0,0.0,0.0,0.0,0.0,0.0,0.0,0.0,0.0,0.0,0.0,0.0,0.0,0.6152107302085733,0.0,0.0,0.0,0.0,0.0,0.0,0.0,0.0,0.0,0.0,0.0,0.0,0.0,0.0,0.0,0.0,0.0,0.0,0.0,0.0,0.0,0.0,0.0,0.0,0.0,0.0,0.607728614929212,0.0,0.5021769489258298,0.0
B01MQZ7J8K,749.0,1445.0,48.0,696.0,0.4816608996539792,-0.3753127606338615,0.3125,2,3.9,63350,11.05644597094435,43.12013928668296,2.028,0.9955357142857144,1,9,1,1,1.0,0.9827,115,5,4,1.2,0.0,0.0,0.0,0,0.0,0.0,0.0,0.4674859239452618,0.0,0.0,0.0,0.0,0.0,0.0,0.0,0.0,0.0,0.0,0.0,0.8840005152221604,0.0,0.0,0.0,0.0,0.0,0.0,0.0,0.0,0.0,0.0,0.0,0.0,0.0,0.0,0.0,0.0,0.0,0.0,0.0,0.0,0.0,0.0,0.0,0.0,0.0,0.0,0.0,0.0,0.0,0.0,0.0,0.0,0.0,0.0
B01GFTEV5Y,1699.0,3193.0,47.0,1494.0,0.4678985280300657,0.4170141784820684,0.6205357142857143,2,3.8,54032,10.897350250005168,41.40993095001964,2.014,0.9933035714285714,1,9,1,1,0.8888888888888888,0.4939,113,4,4,1.2,0.0,0.0,0.0,0,0.0,0.0,0.0,0.4674859239452618,0.0,0.0,0.0,0.0,0.0,0.0,0.0,0.0,0.0,0.0,0.0,0.0,0.0,0.0,0.0,0.0,0.0,0.0,0.0,0.0,0.0,0.0,0.0,0.0,0.0,0.0,0.0,0.0,0.0,0.0,0.0,0.0,0.0,0.0,0.0,0.0,0.0,0.0,0.0,0.0,0.0,0.0,0.8840005152221604,0.0,0.0,0.0
B00NW4UWN6,1043.0,1345.0,22.0,302.0,0.2245353159851301,-0.1301084236864053,0.421875,2,3.8,15592,9.654577374584886,36.68739402342256,2.964,0.9107142857142856,1,8,1,0,1.0,0.9695,83,5,4,0.0,0.0,0.0,0.0,4,0.0,0.0,0.0,0.0,0.0,0.0,0.0,0.0,0.0,0.0,0.0,0.0,0.0,0.0,0.0,1.0,0.0,0.0,0.0,0.0,0.0,0.0,0.0,0.0,0.0,0.0,0.0,0.0,0.0,0.0,0.0,0.0,0.0,0.0,0.0,0.0,0.0,0.0,0.0,0.0,0.0,0.0,0.0,0.0,0.0,0.0,0.0,0.0,0.0,0.0
B01NCVJMKX,499.0,999.0,50.0,500.0,0.5005005005005005,-0.5838198498748958,0.203125,0,4.1,4859,8.48879371689454,34.80405423926761,2.05,0.6674107142857143,0,17,0,0,0.8235294117647058,0.9971,91,5,4,1.2,0.0,0.0,0.0,0,0.0,0.0,0.0,0.0,0.0,0.0,0.0,0.0,0.0,0.0,0.0,0.0,0.0,0.0,0.0,1.0,0.0,0.0,0.0,0.0,0.0,0.0,0.0,0.0,0.0,0.0,0.0,0.0,0.0,0.0,0.0,0.0,0.0,0.0,0.0,0.0,0.0,0.0,0.0,0.0,0.0,0.0,0.0,0.0,0.0,0.0,0.0,0.0,0.0,0.0
B00O24PUO6,1464.0,1650.0,11.0,186.0,0.1127272727272727,0.2210175145954962,0.5602678571428571,2,4.1,14120,9.555418330069251,39.177215153283925,3.649,0.8816964285714286,1,6,1,0,1.0,0.7863,60,4,4,0.0,0.0,1.1,0.0,3,0.0,0.0,0.0,0.0,0.0,0.0,0.0,0.0,0.0,0.0,0.0,0.0,0.0,0.0,0.0,0.0,0.0,0.5535832286470947,0.0,0.5924659107852218,0.0,0.0,0.0,0.0,0.0,0.0,0.0,0.0,0.0,0.0,0.0,0.0,0.0,0.0,0.0,0.0,0.0,0.0,0.0,0.0,0.0,0.0,0.0,0.0,0.0,0.0,0.5852604151299624,0.0,0.0,0.0
B07GXPDLYQ,249.0,499.0,50.0,250.0,0.501002004008016,-0.79232693911593,0.0859375,0,3.3,8427,9.03931477492408,29.829738757249466,1.65,0.78125,0,8,1,0,1.0,0.9439,125,4,4,0.0,0.0,0.0,0.0,4,0.0,0.0,0.0,0.0,0.0,0.0,0.0,0.0,0.0,0.0,0.0,0.0,0.0,0.0,0.0,0.0,0.0,0.0,0.0,0.0,0.0,0.0,0.0,0.0,0.0,0.0,0.0,0.0,0.0,0.0,0.0,0.0,0.0,0.0,0.0,0.0,0.0,0.0,0.0,0.0,0.0,0.0,0.0,1.0,0.0,0.0,0.0,0.0,0.0,0.0
B01C8P29N0,625.0,1400.0,55.0,775.0,0.5535714285714286,-0.4787322768974145,0.25,2,4.2,23316,10.056937987248991,42.23913954644577,1.89,0.9441964285714286,1,14,1,1,0.8571428571428571,0.6925,10,6,4,1.2,0.0,1.1,0.0,0,0.0,0.0,0.0,0.0,0.0,0.0,0.0,0.0,0.0,0.0,0.0,0.0,0.0,0.0,0.0,0.0,0.0,0.0,0.0,0.0,0.0,0.0,0.0,0.0,0.0,0.0,0.0,0.0,0.0,0.0,0.0,0.0,0.0,0.0,0.0,0.0,0.0,0.0,0.0,0.0,0.0,0.0,0.0,0.0,0.0,0.0,0.0,0.0,1.0,0.0
B08KDBLMQP,1290.0,2500.0,48.0,1210.0,0.484,0.0758965804837364,0.5111607142857143,2,4.0,6530,8.784315349902657,35.13726139961063,2.08,0.7299107142857143,0,22,1,1,0.9545454545454546,0.9412,141,4,4,1.2,0.0,0.0,0.0,0,0.0,0.0,0.0,0.0,0.0,0.0,0.0,0.0,0.0,0.0,0.0,0.0,0.0,0.0,0.0,0.0,0.0,0.0,0.0,0.0,0.0,0.0,0.0,0.0,0.0,0.0,0.0,0.0,0.0,0.0,0.0,0.0,0.0,0.0,0.0,0.0,0.6281351102371189,0.0,0.0,0.0,0.0,0.0,0.0,0.6035372351019926,0.0,0.0,0.0,0.0,0.4911100580652411,0.0
B078JDNZJ8,3600.0,6190.0,42.0,2590.0,0.4184168012924071,2.0025020850708923,0.84375,3,4.3,11924,9.386392315756542,40.36148695775313,2.494,0.8504464285714286,1,6,1,1,1.0,0.9949,67,4,4,0.0,0.0,1.1,0.0,3,0.0,0.0,0.0,0.0,0.7680786389939375,0.0,0.0,0.0,0.0,0.0,0.0,0.0,0.0,0.0,0.0,0.0,0.0,0.0,0.0,0.0,0.0,0.0,0.0,0.0,0.0,0.0,0.0,0.0,0.0,0.0,0.0,0.0,0.0,0.0,0.0,0.0,0.0,0.0,0.0,0.0,0.0,0.0,0.0,0.0,0.0,0.0,0.0,0.0,0.640355529624927,0.0
B01M5F614J,6549.0,13999.0,53.0,7450.0,0.5321808700621473,4.462051709758132,0.9263392857142856,3,4.0,2961,7.993619994827744,31.974479979310978,1.88,0.5535714285714286,0,19,1,0,1.0,-0.9373,83,3,4,1.2,0.0,0.0,0.0,0,0.0,0.0,0.0,0.0,0.0,0.0,0.0,0.0,0.0,0.0,0.0,0.0,0.0,0.0,0.0,0.0,0.0,0.3844981831671102,0.0,0.8230092766433399,0.0,0.0,0.0,0.0,0.0,0.0,0.0,0.0,0.0,0.0,0.0,0.0,0.0,0.0,0.0,0.0,0.0,0.0,0.0,0.0,0.0,0.0,0.0,0.0,0.0,0.0,0.0,0.4181110829674306,0.0,0.0
B083GKDRKR,1625.0,2995.0,46.0,1370.0,0.4574290484140234,0.3552960800667222,0.6049107142857143,2,4.5,23484,10.064117198461096,45.28852739307493,2.43,0.9464285714285714,1,28,1,1,1.0,0.9717,32,5,4,1.2,0.0,1.1,0.0,0,0.0,0.0,0.0,0.3478793980111466,0.0,0.0,0.0,0.0,0.0,0.0,0.0,0.0,0.0,0.0,0.0,0.0,0.0,0.0,0.0,0.0,0.0,0.0,0.0,0.0,0.0,0.0,0.0,0.0,0.0,0.0,0.0,0.0,0.0,0.0,0.0,0.0,0.0,0.0,0.0,0.0,0.0,0.0,0.0,0.6680131590808572,0.0,0.0,0.6578285063253305,0.0,0.0,0.0
B097R2V1W8,2599.0,5890.0,56.0,3291.0,0.5587436332767403,1.1676396997497915,0.7410714285714286,3,4.1,21783,9.988931034353596,40.954617240849736,1.804,0.9419642857142856,1,11,1,1,1.0,0.9216,32,4,4,1.2,0.0,1.1,0.0,0,0.0,0.0,0.0,0.0,0.0,0.0,0.0,0.0,0.0,0.0,0.0,0.0,0.0,0.0,0.0,0.0,0.0,0.0,0.0,0.6158900944762237,0.0,0.0,0.0,0.0,0.0,0.0,0.0,0.0,0.0,0.0,0.0,0.0,0.0,0.0,0.0,0.0,0.0,0.0,0.0,0.0,0.0,0.0,0.0,0.0,0.0,0.6065809411025905,0.0,0.0,0.5027314923666151,0.0
B07YR26BJ3,1199.0,2000.0,40.0,801.0,0.4005,0.0,0.4899553571428571,2,4.0,14030,9.549024446393997,38.19609778557599,2.4,0.8772321428571429,1,37,1,1,0.972972972972973,0.9886,9,5,4,0.0,0.0,1.1,0.0,3,0.0,0.0,0.0,0.0,0.4500299277058225,0.0,0.0,0.0,0.0,0.0,0.0,0.0,0.0,0.0,0.0,0.4540563826096598,0.0,0.0,0.0,0.0,0.0,0.0,0.0,0.0,0.0,0.4168560918234401,0.0,0.0,0.0,0.0,0.0,0.0,0.0,0.0,0.0,0.0,0.0,0.0,0.0,0.0,0.0,0.0,0.0,0.4610861883171415,0.0,0.4526990073253745,0.0,0.0,0.0,0.0
B097R45BH8,5499.0,13150.0,58.0,7651.0,0.5818250950570342,3.586321934945788,0.890625,3,4.2,6398,8.76389700713946,36.808367429985736,1.7640000000000002,0.7254464285714286,0,32,1,1,0.9375,0.9795,33,4,4,1.2,0.0,0.0,0.0,0,0.0,0.0,0.0,0.0,0.0,0.0,0.0,0.0,0.0,0.0,0.0,0.0,0.0,0.0,0.0,0.0,0.0,0.0,0.0,0.6160324898132781,0.0,0.0,0.0,0.0,0.0,0.0,0.0,0.0,0.0,0.0,0.0,0.0,0.0,0.0,0.0,0.0,0.0,0.3061211799029113,0.0,0.0,0.0,0.0,0.0,0.3089809715059808,0.0,0.606721184139999,0.0,0.0,0.2514238625752948,0.0
B09X5C9VLK,1299.0,3500.0,63.0,2201.0,0.6288571428571429,0.0834028356964136,0.5167410714285714,2,3.8,44050,10.693103332582249,40.633792663812535,1.406,0.984375,1,23,1,1,0.9130434782608696,0.962,92,4,4,1.2,0.0,0.0,0.0,0,0.0,0.0,0.0,0.2931276897259188,0.0,0.0,0.0,0.0,0.0,0.0,0.0,0.0,0.0,0.0,0.0,0.0,0.0,0.0,0.0,0.0,0.0,0.0,0.0,0.0,0.0,0.0,0.0,0.0,0.0,0.0,0.0,0.5385196351904432,0.0,0.0,0.0,0.0,0.0,0.0,0.0,0.0,0.0,0.0,0.0,0.5628765461460591,0.0,0.0,0.5542948257281325,0.0,0.0,0.0
B01C8P29T4,599.0,785.0,24.0,186.0,0.2369426751592356,-0.5004170141784821,0.2354910714285714,2,4.2,24247,10.09608941873764,42.40357555869809,3.192,0.9486607142857144,1,17,1,1,0.8235294117647058,0.9641,54,6,4,0.0,0.0,1.1,0.0,3,0.0,0.0,0.0,0.0,0.7680786389939375,0.0,0.0,0.0,0.0,0.0,0.0,0.0,0.0,0.0,0.0,0.0,0.0,0.0,0.0,0.0,0.0,0.0,0.0,0.0,0.0,0.0,0.0,0.0,0.0,0.0,0.0,0.0,0.0,0.0,0.0,0.0,0.0,0.0,0.0,0.0,0.0,0.0,0.0,0.0,0.0,0.0,0.0,0.0,0.640355529624927,0.0
B00HVXS7WC,1999.0,3210.0,38.0,1211.0,0.3772585669781931,0.6672226855713094,0.6640625,2,4.2,41349,10.629827700451838,44.64527634189772,2.604,0.9799107142857144,1,11,1,1,0.9090909090909092,-0.4475,185,4,4,0.0,0.0,1.1,0.0,3,0.0,0.0,0.0,0.0,0.0,0.0,0.0,0.0,0.0,0.0,0.0,0.0,0.0,0.0,0.0,0.0,0.0,0.0,0.0,0.0,0.0,0.0,0.0,0.0,0.0,0.0,0.0,0.0,0.0,0.0,0.0,0.7617424626389607,0.0,0.0,0.0,0.0,0.0,0.0,0.0,0.0,0.0,0.0,0.0,0.0,0.0,0.0,0.0,0.0,0.6478799430548314,0.0
B096YCN3SD,549.0,1000.0,45.0,451.0,0.451,-0.5421184320266889,0.2232142857142857,2,3.6,1074,6.980075940561763,25.128273386022347,1.98,0.3526785714285714,0,25,1,1,0.84,0.9538,63,5,4,0.0,0.0,0.0,0.0,4,0.0,0.0,0.0,0.0,0.0,0.0,0.0,0.0,0.0,0.0,0.0,0.0,0.0,0.0,0.0,0.524929400007021,0.4079142868367626,0.0,0.0,0.0,0.0,0.0,0.0,0.0,0.0,0.0,0.0,0.0,0.0,0.0,0.0,0.0,0.0,0.0,0.0,0.0,0.0,0.0,0.0,0.0,0.0,0.0,0.0,0.5330564781266708,0.0,0.5233601539379116,0.0,0.0,0.0,0.0
B09LQH3SD9,999.0,2000.0,50.0,1001.0,0.5005,-0.1668056713928273,0.4118303571428571,2,3.8,1163,7.059617628291383,26.826546987507253,1.9,0.3660714285714285,0,23,1,1,0.9565217391304348,0.9182,60,4,4,1.2,0.0,0.0,0.0,0,0.0,0.0,0.0,0.0,0.0,0.0,0.0,0.0,0.0,0.0,0.0,0.0,0.0,0.0,0.0,0.0,0.0,0.0,0.0,0.8397309339396032,0.0,0.0,0.0,0.0,0.0,0.0,0.0,0.0,0.0,0.0,0.0,0.0,0.0,0.0,0.0,0.0,0.0,0.0,0.0,0.0,0.0,0.0,0.0,0.4211805124936297,0.0,0.0,0.0,0.0,0.3427228245689585,0.0
B09KNMLH4Y,398.0,1999.0,80.0,1601.0,0.8009004502251126,-0.6680567139282736,0.1607142857142857,0,4.1,257,5.552959584921617,22.76713429817863,0.8199999999999997,0.1651785714285714,0,22,1,0,0.8181818181818182,0.9311,171,5,4,1.2,0.0,0.0,0.0,0,0.0,0.0,0.0,0.0,0.0,0.0,0.0,0.0,0.0,0.0,0.0,0.0,0.0,0.0,0.0,0.0,0.0,0.0,0.0,0.0,0.0,0.0,0.0,0.0,0.0,0.0,0.0,0.0,0.0,1.0,0.0,0.0,0.0,0.0,0.0,0.0,0.0,0.0,0.0,0.0,0.0,0.0,0.0,0.0,0.0,0.0,0.0,0.0,0.0,0.0
B00ABMASXG,539.0,720.0,25.0,181.0,0.2513888888888889,-0.5504587155963303,0.21875,2,4.1,36017,10.4917740924799,43.016273779167584,3.075,0.96875,1,8,1,1,1.0,0.6974,47,4,4,0.0,0.0,1.1,0.0,3,0.0,0.0,0.0,0.0,0.0,0.0,0.0,0.0,0.0,0.0,0.0,0.0,0.0,0.0,0.0,0.0,0.0,0.0,0.0,0.5771228302605091,0.0,0.0,0.0,0.0,0.0,0.0,0.0,0.0,0.0,0.0,0.0,0.0,0.0,0.0,0.0,0.0,0.0,0.0,0.0,0.0,0.0,0.0,0.0,0.0,0.0,0.5683996424864156,0.0,0.5863881694009647,0.0,0.0
B07QDSN9V6,699.0,1595.0,56.0,896.0,0.561755485893417,-0.4170141784820684,0.2935267857142857,2,4.1,8090,8.99850761180784,36.89388120841214,1.804,0.7767857142857143,0,29,1,0,0.9310344827586208,0.9824,202,5,4,1.2,0.0,1.1,0.0,0,0.0,0.0,0.0,0.0,0.0,0.0,0.0,0.0,0.0,0.0,0.0,0.0,0.0,0.0,0.0,0.4082178454319952,0.0,0.0,0.0,0.4132436627188288,0.0,0.0,0.0,0.0,0.0,0.0,0.0,0.0,0.0,0.0,0.0,0.0,0.0,0.0,0.0,0.0,0.0,0.0,0.0,0.0,0.0,0.0,0.0,0.0,0.0,0.8139950036048051,0.0,0.0,0.0,0.0
B00YMJ0OI8,2148.0,3645.0,41.0,1497.0,0.4106995884773662,0.7914929107589658,0.6875,3,4.1,31388,10.354212792049156,42.45227244740154,2.419,0.9598214285714286,1,11,1,1,0.9090909090909092,0.8735,60,4,4,0.0,0.0,1.1,0.0,3,0.0,0.0,0.0,0.4674859239452618,0.0,0.0,0.0,0.0,0.0,0.0,0.0,0.0,0.0,0.0,0.0,0.0,0.0,0.0,0.0,0.0,0.0,0.0,0.0,0.0,0.0,0.0,0.0,0.0,0.0,0.0,0.0,0.0,0.0,0.0,0.0,0.0,0.0,0.0,0.0,0.0,0.0,0.0,0.0,0.0,0.0,0.0,0.8840005152221604,0.0,0.0,0.0
B0B8XNPQPN,3599.0,7950.0,55.0,4351.0,0.5472955974842767,2.001668056713928,0.8381696428571429,3,4.2,136,4.919980925828125,20.663919888478127,1.89,0.1160714285714285,0,20,1,0,0.95,0.9739,149,5,4,1.2,0.0,0.0,1.0,0,0.0,0.0,0.0,0.0,0.0,0.0,0.0,0.0,0.0,0.0,0.0,0.0,0.0,0.0,0.0,0.0,0.0,0.0,0.0,0.0,0.0,0.0,0.0,0.0,0.0,0.0,0.0,0.0,0.0,0.0,0.0,0.0,0.0,0.0,0.0,0.0,1.0,0.0,0.0,0.0,0.0,0.0,0.0,0.0,0.0,0.0,0.0,0.0,0.0,0.0
B0814P4L98,351.0,999.0,65.0,648.0,0.6486486486486487,-0.707256046705588,0.1339285714285714,0,4.0,5380,8.59062950948942,34.36251803795768,1.4,0.7008928571428571,0,16,1,1,0.875,0.9756,101,4,4,1.2,0.0,0.0,0.0,0,0.0,0.0,0.0,0.4879990338929981,0.0,0.0,0.0,0.0,0.0,0.0,0.0,0.0,0.0,0.0,0.0,0.0,0.0,0.8728441687492107,0.0,0.0,0.0,0.0,0.0,0.0,0.0,0.0,0.0,0.0,0.0,0.0,0.0,0.0,0.0,0.0,0.0,0.0,0.0,0.0,0.0,0.0,0.0,0.0,0.0,0.0,0.0,0.0,0.0,0.0,0.0,0.0
B008QTK47Q,1614.0,1745.0,8.0,131.0,0.0750716332378223,0.3461217681401167,0.6004464285714286,2,4.3,37974,10.544683327463972,45.34213830809508,3.956,0.9732142857142856,1,8,1,1,0.875,0.9998,130,6,4,0.0,1.4,1.1,0.0,2,0.0,0.0,0.0,0.0,0.7039506165299715,0.0,0.0,0.0,0.0,0.0,0.0,0.0,0.0,0.0,0.0,0.0,0.0,0.0,0.0,0.0,0.0,0.0,0.0,0.0,0.0,0.0,0.0,0.0,0.0,0.0,0.0,0.0,0.0,0.0,0.0,0.0,0.0,0.0,0.0,0.0,0.0,0.0,0.0,0.0,0.0,0.0,0.7102489207926143,0.0,0.0,0.0
B088ZTJT2R,719.0,1295.0,44.0,576.0,0.4447876447876447,-0.4003336113427856,0.3035714285714285,2,4.2,17218,9.753768704286186,40.96582855800198,2.3520000000000003,0.9196428571428572,1,7,1,1,1.0,0.5873,39,4,4,0.0,0.0,1.1,0.0,3,0.0,0.0,0.0,0.0,0.6071154087144766,0.0,0.0,0.0,0.0,0.0,0.0,0.0,0.0,0.0,0.0,0.0,0.0,0.0,0.0,0.0,0.0,0.0,0.0,0.0,0.0,0.0,0.0,0.0,0.0,0.0,0.0,0.0,0.0,0.0,0.0,0.0,0.0,0.0,0.0,0.0,0.0,0.0,0.0,0.0,0.0,0.0,0.6125473203810525,0.0,0.5061587308300098,0.0
B0BK1K598K,678.0,1499.0,55.0,821.0,0.5476984656437625,-0.4345287739783152,0.2790178571428571,2,4.2,900,6.803505257608338,28.57472208195502,1.89,0.3147321428571428,0,17,1,0,0.8823529411764706,0.9843,84,5,4,1.2,0.0,0.0,0.0,0,0.0,0.0,0.0,0.0,0.0,0.0,0.0,0.0,0.0,0.0,0.0,0.0,0.0,0.0,0.0,0.0,0.0,0.0,0.0,0.0,0.0,0.0,0.0,0.0,0.0,0.0,0.0,0.0,0.0,0.0,0.0,0.0,0.0,0.0,0.0,0.0,0.0,0.0,0.0,0.0,0.0,0.0,0.0,0.0,0.0,0.0,0.0,0.0,0.0,0.0
B09Y5FZK9N,809.0,1545.0,48.0,736.0,0.4763754045307443,-0.3252710592160133,0.3493303571428571,2,3.7,976,6.884486652042782,25.472600612558296,1.924,0.3236607142857143,0,31,1,1,0.8387096774193549,0.9877,187,5,4,0.0,0.0,0.0,0.0,4,0.0,0.0,0.0,0.0,0.0,0.0,0.0,0.0,0.0,0.0,0.0,0.0,0.0,0.0,0.0,0.0,0.0,0.0,0.0,0.0,0.0,0.0,0.0,0.0,0.0,0.0,0.0,0.0,0.0,0.0,0.0,0.0,0.0,0.0,0.0,0.0,0.0,0.0,0.0,0.0,0.0,0.0,0.0,0.0,0.0,0.8938904991944566,0.4482853727815408,0.0,0.0,0.0
B09J2SCVQT,1969.0,5000.0,61.0,3031.0,0.6062,0.6422018348623854,0.6540178571428571,2,4.1,4927,8.502688505213357,34.86102287137476,1.599,0.6741071428571429,0,14,1,0,1.0,0.9947,36,4,4,1.2,0.0,0.0,0.0,0,0.0,0.0,0.0,0.0,0.0,0.0,0.0,0.0,0.0,0.0,0.0,0.0,0.0,0.0,0.0,0.0,0.0,0.0,0.0,0.0,0.0,0.0,0.0,0.0,0.0,0.0,0.0,0.0,0.0,0.0,0.0,0.0,0.0,0.0,0.0,0.0,0.0,0.0,0.0,0.0,0.0,0.0,0.0,0.0,0.0,0.0,0.0,1.0,0.0,0.0
B00TDD0YM4,1490.0,1695.0,12.0,205.0,0.1209439528023598,0.2427022518765638,0.5669642857142857,2,4.4,3543,8.173011311724972,35.96124977158988,3.872,0.59375,0,18,1,1,0.8888888888888888,0.9822,74,5,4,0.0,1.4,0.0,0.0,2,0.0,0.0,0.0,0.0,0.0,0.0,0.0,0.0,0.0,0.0,0.0,0.0,0.0,0.0,0.0,0.0,0.0,0.0,0.0,0.0,0.0,0.0,0.0,0.0,0.0,0.0,0.0,0.0,0.0,0.0,0.0,0.0,0.0,0.0,0.0,0.0,0.0,0.0,0.0,0.0,0.0,0.0,0.0,0.0,0.0,0.0,0.0,0.0,1.0,0.0
B078KRFWQB,2499.0,3945.0,37.0,1446.0,0.3665399239543726,1.0842368640533775,0.7287946428571429,3,3.8,2732,7.913155185928068,30.06998970652666,2.394,0.5334821428571429,0,7,1,1,1.0,0.6662,49,4,4,0.0,0.0,0.0,0.0,4,0.0,0.0,0.0,0.0,0.0,0.0,0.0,0.0,0.0,0.0,0.0,0.0,0.0,0.0,0.0,0.0,0.0,0.0,0.0,0.6087316684800678,0.0,0.0,0.0,0.0,0.0,0.0,0.0,0.0,0.0,0.0,0.0,0.0,0.0,0.0,0.0,0.0,0.0,0.0,0.0,0.0,0.0,0.0,0.0,0.0,0.0,0.0,0.0,0.6185044673684037,0.4968882969388595,0.0
B07SRM58TP,1665.0,2099.0,21.0,434.0,0.2067651262505955,0.3886572143452877,0.6116071428571429,2,4.0,14368,9.572828387229206,38.291313548916825,3.16,0.8883928571428571,1,15,1,1,1.0,0.9984,48,6,4,0.0,0.0,1.1,0.0,3,0.0,0.0,0.0,0.3358800180343469,0.0,0.0,0.0,0.0,0.0,0.0,0.0,0.0,0.0,0.0,0.0,0.0,0.0,0.0,0.0,0.0,0.0,0.0,0.0,0.0,0.0,0.0,0.0,0.0,0.6785351591183101,0.0,0.0,0.0,0.0,0.0,0.0,0.0,0.0,0.0,0.0,0.0,0.0,0.0,0.0,0.0,0.0,0.0,0.0,0.6532799180485622,0.0,0.0
B00EDJJ7FS,3229.0,5295.0,39.0,2066.0,0.3901794145420207,1.6930775646371976,0.8035714285714286,3,4.2,39724,10.589735991404917,44.47689116390065,2.562,0.9754464285714286,1,16,1,1,0.875,0.9955,17,4,4,0.0,0.0,1.1,0.0,3,0.0,0.0,0.0,0.4674859239452618,0.0,0.0,0.0,0.0,0.0,0.0,0.0,0.0,0.0,0.0,0.0,0.0,0.0,0.0,0.0,0.0,0.0,0.0,0.0,0.0,0.0,0.0,0.0,0.0,0.0,0.0,0.0,0.0,0.0,0.0,0.0,0.0,0.0,0.0,0.0,0.0,0.0,0.0,0.0,0.0,0.0,0.0,0.8840005152221604,0.0,0.0,0.0
B0832W3B7Q,1799.0,3595.0,50.0,1796.0,0.4995827538247566,0.5004170141784821,0.6339285714285714,2,3.8,9791,9.189321004752108,34.91941981805801,1.9,0.8147321428571429,0,17,1,1,0.8823529411764706,0.9342,107,4,4,1.2,0.0,0.0,0.0,0,0.0,0.0,0.0,0.4572484125251648,0.0,0.0,0.0,0.0,0.0,0.0,0.0,0.0,0.0,0.0,0.0,0.0,0.0,0.0,0.0,0.0,0.0,0.0,0.0,0.0,0.0,0.0,0.0,0.0,0.0,0.0,0.0,0.0,0.0,0.0,0.0,0.0,0.0,0.0,0.0,0.0,0.0,0.0,0.0,0.0,0.0,0.0,0.0,0.8893390181720449,0.0,0.0
B07WNK1FFN,1260.0,1699.0,26.0,439.0,0.2583872866391995,0.0508757297748123,0.5078125,2,4.2,2891,7.969703583278656,33.47275504977036,3.108,0.5513392857142857,0,15,1,0,0.9333333333333332,0.9986,48,5,4,0.0,0.0,0.0,0.0,4,0.0,0.0,0.0,0.0,0.0,0.0,0.0,0.0,0.0,0.0,0.0,0.0,0.0,0.0,0.0,0.0,0.0,0.0,0.0,0.0,0.0,0.0,0.0,0.0,0.0,0.0,0.0,0.0,0.0,0.0,0.0,0.0,0.0,0.0,0.0,0.0,0.0,0.0,0.0,0.0,0.0,0.0,0.0,0.0,0.0,0.0,0.0,0.0,0.0,0.0
B009P2LK08,749.0,1129.0,34.0,380.0,0.3365810451727192,-0.3753127606338615,0.3125,2,4.0,2446,7.802618063442671,31.21047225377069,2.64,0.5089285714285714,0,10,1,0,1.0,0.6486,75,4,4,0.0,0.0,0.0,0.0,4,0.0,0.0,0.0,0.0,0.0,0.0,0.0,0.0,0.0,0.0,0.0,0.0,0.0,0.0,0.0,0.0,0.0,0.0,0.0,0.7014536664692526,0.0,0.0,0.0,0.0,0.0,0.0,0.0,0.0,0.0,0.0,0.0,0.0,0.0,0.0,0.0,0.0,0.0,0.0,0.0,0.0,0.0,0.0,0.0,0.0,0.0,0.0,0.0,0.7127150579276704,0.0,0.0
B07DGD4Z4C,3499.0,5795.0,40.0,2296.0,0.3962036238136324,1.9182652210175144,0.8303571428571429,3,3.9,25340,10.140178916395609,39.54669777394287,2.34,0.9508928571428572,1,9,1,0,1.0,0.8691,163,4,4,0.0,0.0,0.0,0.0,4,0.0,0.0,0.0,0.0,0.0,0.0,0.0,0.0,0.0,0.0,0.0,0.0,0.0,0.0,0.0,0.0,0.0,1.0,0.0,0.0,0.0,0.0,0.0,0.0,0.0,0.0,0.0,0.0,0.0,0.0,0.0,0.0,0.0,0.0,0.0,0.0,0.0,0.0,0.0,0.0,0.0,0.0,0.0,0.0,0.0,0.0,0.0,0.0,0.0,0.0
B07GMFY9QM,379.0,999.0,62.0,620.0,0.6206206206206206,-0.6839032527105922,0.1517857142857142,0,4.3,3096,8.038189179973203,34.56421347388477,1.634,0.5625,0,18,1,1,0.8333333333333334,0.9857,141,4,4,1.2,0.0,0.0,0.0,0,0.0,0.0,0.0,0.0,0.5684265717040708,0.0,0.0,0.0,0.0,0.0,0.0,0.0,0.0,0.0,0.0,0.5735123311529522,0.0,0.0,0.0,0.0,0.0,0.0,0.0,0.0,0.0,0.0,0.0,0.0,0.0,0.0,0.0,0.0,0.0,0.0,0.0,0.0,0.0,0.0,0.0,0.0,0.0,0.0,0.0,0.0,0.0,0.0,0.0,0.589893921477636,0.0,0.0
B0BGPN4GGH,1099.0,2400.0,54.0,1301.0,0.5420833333333334,-0.0834028356964136,0.4486607142857143,2,3.8,4,1.6094379124341005,6.115864067249581,1.7479999999999998,0.0089285714285714,0,26,1,0,0.9615384615384616,0.91,52,4,4,1.2,0.0,0.0,0.0,0,0.0,0.0,0.0,0.0,0.0,0.0,0.0,0.0,0.0,0.0,0.0,0.0,0.0,0.0,0.0,0.0,0.0,0.3568709002526259,0.0,0.7638737303066007,0.0,0.0,0.0,0.0,0.0,0.0,0.0,0.0,0.0,0.0,0.0,0.0,0.0,0.0,0.0,0.0,0.0,0.0,0.0,0.0,0.0,0.0,0.0,0.3831331158679154,0.0,0.0,0.3772917971884649,0.0,0.0,0.0
B0B2DZ5S6R,749.0,1299.0,42.0,550.0,0.4234026173979984,-0.3753127606338615,0.3125,2,4.0,119,4.787491742782046,19.149966971128183,2.3200000000000003,0.1049107142857142,0,11,1,0,1.0,0.8845,80,5,4,0.0,0.0,0.0,0.0,4,0.0,0.0,0.0,0.0,0.0,0.0,0.0,0.0,0.0,0.0,0.0,0.0,0.0,0.0,0.0,1.0,0.0,0.0,0.0,0.0,0.0,0.0,0.0,0.0,0.0,0.0,0.0,0.0,0.0,0.0,0.0,0.0,0.0,0.0,0.0,0.0,0.0,0.0,0.0,0.0,0.0,0.0,0.0,0.0,0.0,0.0,0.0,0.0,0.0,0.0
B07S851WX5,1299.0,1299.0,0.0,0.0,0.0,0.0834028356964136,0.5167410714285714,2,4.2,40106,10.599306161651231,44.51708587893518,4.2,0.9776785714285714,1,6,1,1,1.0,0.9937,48,4,4,0.0,0.0,1.1,0.0,3,0.0,0.0,0.0,1.0,0.0,0.0,0.0,0.0,0.0,0.0,0.0,0.0,0.0,0.0,0.0,0.0,0.0,0.0,0.0,0.0,0.0,0.0,0.0,0.0,0.0,0.0,0.0,0.0,0.0,0.0,0.0,0.0,0.0,0.0,0.0,0.0,0.0,0.0,0.0,0.0,0.0,0.0,0.0,0.0,0.0,0.0,0.0,0.0,0.0,0.0
B01MY839VW,549.0,1090.0,50.0,541.0,0.4963302752293578,-0.5421184320266889,0.2232142857142857,2,4.2,13029,9.47500967011889,39.79504061449934,2.1,0.8616071428571429,1,11,1,1,0.9090909090909092,0.9308,72,6,4,1.2,0.0,1.1,0.0,0,0.0,0.0,0.0,0.0,0.5177094331962493,0.0,0.0,0.0,0.0,0.0,0.0,0.0,0.0,0.0,0.0,0.5223414222212514,0.0,0.0,0.0,0.0,0.0,0.0,0.0,0.0,0.0,0.0,0.0,0.0,0.0,0.0,0.0,0.0,0.0,0.0,0.0,0.0,0.0,0.0,0.0,0.0,0.0,0.0,0.0,0.0,0.0,0.0,0.5223414222212514,0.0,0.4316199949531752,0.0
B09LV1CMGH,899.0,2000.0,55.0,1101.0,0.5505,-0.250208507089241,0.3671875,2,3.6,291,5.676753802268282,20.43631368816581,1.62,0.1808035714285714,0,28,1,1,0.8928571428571429,0.7918,126,4,4,0.0,0.0,0.0,0.0,4,0.0,0.0,0.0,0.0,0.0,0.0,0.0,0.0,0.0,0.0,0.0,0.0,0.0,0.0,0.0,0.0,0.0,0.0,0.0,0.8397309339396032,0.0,0.0,0.0,0.0,0.0,0.0,0.0,0.0,0.0,0.0,0.0,0.0,0.0,0.0,0.0,0.0,0.0,0.0,0.0,0.0,0.0,0.0,0.0,0.4211805124936297,0.0,0.0,0.0,0.0,0.3427228245689585,0.0
B01EY310UM,1321.0,1545.0,14.0,224.0,0.1449838187702265,0.1017514595496246,0.5223214285714286,2,4.3,15453,9.645623148493527,41.476179538522175,3.698,0.9084821428571428,1,10,1,0,0.9,0.9707,48,6,4,0.0,1.4,1.1,0.0,2,0.0,0.0,0.0,0.0,0.0,0.0,0.0,0.0,0.0,0.0,0.0,0.0,0.0,0.0,0.0,0.0,0.0,0.0,0.0,0.0,0.0,0.0,0.0,0.0,0.0,0.0,0.0,0.0,0.0,0.7216087978400123,0.0,0.0,0.0,0.0,0.0,0.0,0.0,0.0,0.0,0.0,0.0,0.0,0.0,0.0,0.0,0.0,0.6923010493130084,0.0,0.0,0.0
B09NL7LBWT,1099.0,1999.0,45.0,900.0,0.4502251125562781,-0.0834028356964136,0.4486607142857143,2,4.0,604,6.405228458030842,25.620913832123367,2.2,0.2678571428571428,0,28,1,0,0.9285714285714286,0.9963,326,5,4,0.0,0.0,0.0,0.0,4,0.0,0.0,0.0,0.0,0.0,0.0,0.0,0.0,0.0,0.0,0.0,0.0,0.0,0.0,0.0,0.0,0.0,0.6164692330134941,0.0,0.0,0.0,0.0,0.0,0.0,0.0,0.0,0.0,0.0,0.0,0.0,0.0,0.0,0.0,0.0,0.0,0.0,0.0,0.0,0.0,0.0,0.0,0.0,0.4265438440202327,0.6618353525433629,0.0,0.0,0.0,0.0,0.0,0.0
B008YW8M0G,775.0,875.0,11.0,100.0,0.1142857142857142,-0.353628023352794,0.3258928571428571,2,4.2,46647,10.750385332901992,45.15161839818837,3.738,0.9888392857142856,1,14,1,1,0.8571428571428571,0.9814,34,6,4,0.0,0.0,1.1,0.0,3,0.0,0.0,0.0,0.0,0.0,0.0,0.0,0.0,0.0,0.0,0.0,0.0,0.0,0.0,0.0,0.0,0.0,0.0,0.0,0.0,0.0,0.0,0.0,0.0,0.0,0.0,0.0,0.0,0.0,0.0,0.0,0.0,0.0,0.0,0.0,0.0,0.0,0.0,0.0,0.0,0.0,0.0,0.0,0.0,0.0,0.0,0.0,0.0,1.0,0.0
B097R3XH9R,6299.0,15270.0,59.0,8971.0,0.5874918140144073,4.253544620517098,0.9174107142857144,3,4.1,3233,8.081475040137052,33.13404766456191,1.681,0.578125,0,31,1,1,0.935483870967742,0.5233,46,4,4,1.2,0.0,0.0,0.0,0,0.0,0.0,0.0,0.0,0.0,0.0,0.0,0.0,0.0,0.0,0.0,0.0,0.0,0.0,0.0,0.0,0.0,0.0,0.0,0.6160324898132781,0.0,0.0,0.0,0.0,0.0,0.0,0.0,0.0,0.0,0.0,0.0,0.0,0.0,0.0,0.0,0.0,0.0,0.3061211799029113,0.0,0.0,0.0,0.0,0.0,0.3089809715059808,0.0,0.606721184139999,0.0,0.0,0.2514238625752948,0.0
B08TM71L54,3190.0,4195.0,24.0,1005.0,0.2395709177592372,1.6605504587155964,0.7946428571428571,3,4.0,1282,7.1569563646156364,28.627825458462542,3.04,0.3772321428571428,0,26,1,1,0.9230769230769232,0.9868,64,6,4,0.0,0.0,0.0,0.0,4,0.0,0.0,0.0,0.0,0.7039506165299715,0.0,0.0,0.0,0.0,0.0,0.0,0.0,0.0,0.0,0.0,0.0,0.0,0.0,0.0,0.0,0.0,0.0,0.0,0.0,0.0,0.0,0.0,0.0,0.0,0.0,0.0,0.0,0.0,0.0,0.0,0.0,0.0,0.0,0.0,0.0,0.0,0.0,0.0,0.0,0.0,0.0,0.7102489207926143,0.0,0.0,0.0
B0BPBXNQQT,799.0,1989.0,60.0,1190.0,0.5982905982905983,-0.3336113427856547,0.3392857142857143,2,4.3,70,4.262679877041316,18.329523471277657,1.72,0.0736607142857142,0,23,1,0,0.9565217391304348,0.9938,77,4,4,1.2,0.0,0.0,1.0,0,0.0,0.0,0.0,0.0,0.0,0.0,0.0,0.0,0.0,0.0,0.0,0.0,0.0,0.0,0.0,0.3076872269088377,0.0,0.0,0.0,0.6229507016531903,0.6458358966264072,0.0,0.0,0.0,0.0,0.0,0.0,0.0,0.0,0.0,0.0,0.0,0.0,0.0,0.0,0.0,0.0,0.0,0.0,0.0,0.0,0.0,0.0,0.0,0.0,0.0,0.0,0.3164758890274459,0.0,0.0
B00W56GLOQ,2699.0,5000.0,46.0,2301.0,0.4602,1.2510425354462051,0.7566964285714286,3,4.0,26164,10.172177918806309,40.68871167522524,2.16,0.953125,1,34,1,1,0.9705882352941176,0.9972,161,4,4,1.2,0.0,1.1,0.0,0,0.0,0.0,0.0,0.461888336357741,0.0,0.0,0.0,0.0,0.0,0.0,0.0,0.0,0.0,0.0,0.0,0.0,0.0,0.0,0.0,0.0,0.0,0.0,0.0,0.0,0.0,0.0,0.0,0.0,0.0,0.0,0.0,0.0,0.0,0.0,0.0,0.0,0.0,0.0,0.0,0.0,0.0,0.0,0.0,0.8869380839363469,0.0,0.0,0.0,0.0,0.0,0.0
B0883KDSXC,599.0,990.0,39.0,391.0,0.3949494949494949,-0.5004170141784821,0.2354910714285714,2,3.9,16166,9.690727406601606,37.793836885746266,2.379,0.9174107142857144,1,12,1,1,0.9166666666666666,0.7003,70,6,4,0.0,0.0,0.0,0.0,4,0.0,0.0,0.0,1.0,0.0,0.0,0.0,0.0,0.0,0.0,0.0,0.0,0.0,0.0,0.0,0.0,0.0,0.0,0.0,0.0,0.0,0.0,0.0,0.0,0.0,0.0,0.0,0.0,0.0,0.0,0.0,0.0,0.0,0.0,0.0,0.0,0.0,0.0,0.0,0.0,0.0,0.0,0.0,0.0,0.0,0.0,0.0,0.0,0.0,0.0
B078V8R9BS,749.0,1111.0,33.0,362.0,0.3258325832583258,-0.3753127606338615,0.3125,2,4.2,35693,10.48273788641596,44.02749912294704,2.814,0.9665178571428572,1,8,1,1,0.875,0.8487,44,5,4,0.0,0.0,1.1,0.0,3,0.0,0.0,0.0,0.4674859239452618,0.0,0.0,0.0,0.0,0.0,0.0,0.0,0.0,0.0,0.0,0.0,0.8840005152221604,0.0,0.0,0.0,0.0,0.0,0.0,0.0,0.0,0.0,0.0,0.0,0.0,0.0,0.0,0.0,0.0,0.0,0.0,0.0,0.0,0.0,0.0,0.0,0.0,0.0,0.0,0.0,0.0,0.0,0.0,0.0,0.0,0.0,0.0
B08GSQXLJ2,6199.0,10400.0,40.0,4201.0,0.4039423076923077,4.170141784820684,0.9118303571428572,3,4.1,14391,9.574427775630369,39.25515388008451,2.4599999999999995,0.890625,1,17,1,0,0.9411764705882352,0.9724,67,4,4,0.0,0.0,1.1,0.0,3,0.0,0.0,0.0,0.0,0.0,0.0,0.0,0.0,0.0,0.0,0.0,0.0,0.0,0.0,0.0,0.0,0.0,0.4773928066430778,0.0,0.5109240116998056,0.0,0.0,0.0,0.0,0.0,0.0,0.0,0.0,0.0,0.0,0.0,0.0,0.0,0.0,0.0,0.0,0.0,0.5077805599171571,0.0,0.0,0.0,0.0,0.0,0.0,0.0,0.5032014163376731,0.0,0.0,0.0,0.0
B01M5B0TPW,1819.0,2490.0,27.0,671.0,0.2694779116465863,0.5170975813177648,0.6428571428571429,2,4.4,7946,8.98054977794018,39.51441902293679,3.212,0.765625,0,7,1,1,1.0,0.9893,23,4,4,0.0,1.4,1.1,0.0,2,0.0,0.0,0.0,0.4674859239452618,0.0,0.0,0.0,0.0,0.0,0.0,0.0,0.0,0.0,0.0,0.0,0.0,0.0,0.0,0.0,0.0,0.0,0.0,0.0,0.0,0.0,0.0,0.0,0.0,0.0,0.0,0.0,0.0,0.0,0.0,0.0,0.0,0.0,0.0,0.0,0.0,0.0,0.0,0.0,0.0,0.0,0.0,0.8840005152221604,0.0,0.0,0.0
B082KVTRW8,1199.0,1900.0,37.0,701.0,0.3689473684210526,0.0,0.4899553571428571,2,4.0,1765,7.476472381163905,29.90588952465562,2.52,0.4375,0,35,1,0,0.9428571428571428,0.9062,71,5,4,0.0,0.0,0.0,0.0,4,0.0,0.0,0.0,0.0,0.0,0.0,0.0,0.0,0.0,0.0,0.0,0.0,0.0,0.0,0.0,0.5749373174694496,0.0,0.0,0.0,0.0,0.0,0.0,0.0,0.0,0.0,0.0,0.0,0.0,0.0,0.0,0.0,0.0,0.0,0.0,0.0,0.0,0.0,0.0,0.0,0.0,0.0,0.0,0.0,0.5838386297086072,0.0,0.573218575624525,0.0,0.0,0.0,0.0
B08CFJBZRK,3249.0,6295.0,48.0,3046.0,0.4838760921366163,1.7097581317764805,0.8102678571428571,3,3.8,14062,9.551302513870247,36.29494955270694,1.976,0.8794642857142857,1,7,1,0,1.0,0.9379,48,4,4,1.2,0.0,0.0,0.0,0,0.0,0.0,0.0,0.0,0.0,0.0,0.0,0.0,0.0,0.0,0.0,0.0,0.0,0.0,0.0,0.0,0.0,0.0,0.0,0.0,0.0,0.0,0.0,0.0,0.0,0.0,0.0,0.0,0.0,0.0,0.0,0.0,0.0,0.0,0.0,0.0,0.0,0.0,0.0,0.0,0.0,0.0,0.0,0.0,0.0,0.0,1.0,0.0,0.0,0.0
B07H3WDC4X,349.0,999.0,65.0,650.0,0.6506506506506506,-0.7089241034195163,0.1294642857142857,0,4.0,15646,9.658034484302055,38.63213793720823,1.4,0.9129464285714286,1,20,1,1,0.85,0.9874,54,4,4,1.2,0.0,1.1,0.0,0,0.0,0.0,0.0,0.0,0.7039506165299715,0.0,0.0,0.0,0.0,0.0,0.0,0.0,0.0,0.0,0.0,0.7102489207926143,0.0,0.0,0.0,0.0,0.0,0.0,0.0,0.0,0.0,0.0,0.0,0.0,0.0,0.0,0.0,0.0,0.0,0.0,0.0,0.0,0.0,0.0,0.0,0.0,0.0,0.0,0.0,0.0,0.0,0.0,0.0,0.0,0.0,0.0
B09ZTZ9N3Q,1049.0,1699.0,38.0,650.0,0.3825779870512066,-0.1251042535446205,0.4274553571428571,2,3.1,111,4.718498871295094,14.627346501014792,1.922,0.1004464285714285,0,19,1,1,0.8421052631578947,-0.4454,86,4,4,0.0,0.0,0.0,0.0,4,0.0,0.0,0.0,0.0,0.0,0.0,0.0,0.0,0.0,0.0,0.0,0.0,0.0,0.0,0.0,0.0,0.0,0.0,0.0,0.6152107302085733,0.0,0.0,0.0,0.0,0.0,0.0,0.0,0.0,0.0,0.0,0.0,0.0,0.0,0.0,0.0,0.0,0.0,0.0,0.0,0.0,0.0,0.0,0.0,0.0,0.0,0.0,0.607728614929212,0.0,0.5021769489258298,0.0
B083P71WKK,799.0,1500.0,47.0,701.0,0.4673333333333333,-0.3336113427856547,0.3392857142857143,2,4.3,9695,9.179468708309097,39.4717154457291,2.279,0.8080357142857143,0,31,1,0,0.9032258064516128,0.9341,138,5,4,1.2,0.0,1.1,0.0,0,0.0,0.0,0.0,0.0,0.0,0.0,0.0,0.0,0.0,0.0,0.0,0.0,0.0,0.0,0.0,0.0,0.0,0.0,0.0,0.0,0.7186581129753028,0.0,0.0,0.0,0.0,0.0,0.0,0.0,0.0,0.0,0.0,0.0,0.0,0.0,0.0,0.0,0.0,0.0,0.0,0.0,0.0,0.0,0.0,0.6953635859424744,0.0,0.0,0.0,0.0,0.0,0.0
B097R4D42G,4999.0,9650.0,48.0,4651.0,0.4819689119170984,3.16930775646372,0.8772321428571429,3,4.2,1772,7.480428306074208,31.417798885511672,2.184,0.4419642857142857,0,31,1,1,0.935483870967742,0.9926,38,4,4,1.2,0.0,0.0,0.0,0,0.2849452110122435,0.0,0.0,0.0,0.0,0.0,0.0,0.0,0.0,0.0,0.0,0.0,0.0,0.0,0.0,0.0,0.0,0.0,0.0,0.5904941269876082,0.0,0.0,0.0,0.0,0.0,0.0,0.0,0.0,0.0,0.0,0.0,0.0,0.0,0.0,0.0,0.0,0.0,0.2934305606737984,0.0,0.0,0.0,0.0,0.0,0.2961717961994325,0.0,0.5815688326150269,0.0,0.0,0.2410007859816797,0.0
B07MKMFKPG,6999.0,10590.0,34.0,3591.0,0.3390934844192634,4.837364470391993,0.9386160714285714,3,4.4,11499,9.35010231435134,41.1404501831459,2.904,0.8459821428571429,1,8,1,1,1.0,0.9993,95,4,4,0.0,1.4,1.1,0.0,2,0.0,0.0,0.0,0.4780848119996525,0.0,0.0,0.0,0.0,0.0,0.0,0.0,0.0,0.0,0.0,0.0,0.0,0.0,0.0,0.0,0.0,0.0,0.0,0.0,0.0,0.0,0.0,0.0,0.0,0.0,0.0,0.0,0.8783136754800398,0.0,0.0,0.0,0.0,0.0,0.0,0.0,0.0,0.0,0.0,0.0,0.0,0.0,0.0,0.0,0.0,0.0,0.0
B0949FPSFY,799.0,1999.0,60.0,1200.0,0.6003001500750376,-0.3336113427856547,0.3392857142857143,2,4.1,2162,7.679251425953058,31.484930846407536,1.64,0.4832589285714285,0,25,1,0,0.96,0.9867,204,4,4,1.2,0.0,0.0,0.0,0,0.0,0.0,0.0,0.0,0.0,0.0,0.0,0.0,0.0,0.0,0.0,0.0,0.0,0.0,0.0,0.0,0.0,0.0,0.0,0.0,0.0,0.0,0.0,0.0,0.0,0.0,0.0,0.0,0.0,0.0,0.0,0.0,0.0,0.0,0.0,0.0,0.0,0.0,0.0,0.0,0.0,0.0,0.0,1.0,0.0,0.0,0.0,0.0,0.0,0.0
B08F47T4X5,89.0,89.0,0.0,0.0,0.0,-0.9257714762301918,0.0066964285714285,0,4.2,19621,9.884406664723336,41.514507991838016,4.2,0.9352678571428572,1,30,1,0,0.9666666666666668,0.9196,127,4,4,0.0,0.0,1.1,0.0,3,0.0,0.0,0.0,0.0,0.0,0.0,0.0,0.0,0.0,0.0,0.0,0.0,0.0,0.0,0.0,0.0,0.0,0.0,0.0,0.0,0.0,0.0,0.0,0.0,0.0,0.0,0.0,0.0,0.0,0.0,0.0,0.0,0.0,0.0,0.0,0.0,0.0,0.0,0.0,0.0,0.0,0.0,0.0,0.0,0.0,0.0,0.0,0.0,0.0,0.0
B01M0505SJ,1400.0,2485.0,44.0,1085.0,0.4366197183098591,0.1676396997497914,0.5424107142857143,2,4.1,19998,9.903437551286084,40.60409396027295,2.296,0.9375,1,12,1,0,1.0,0.9437,70,4,4,0.0,0.0,1.1,0.0,3,0.0,0.0,0.0,0.0,0.0,0.0,0.0,0.0,0.0,0.0,0.0,0.0,0.0,0.0,0.0,0.5664133527995394,0.0,0.0,0.0,0.0,0.0,0.0,0.0,0.0,0.0,0.0,0.0,0.0,0.0,0.0,0.0,0.0,0.0,0.0,0.0,0.0,0.598624947309055,0.0,0.0,0.0,0.0,0.5664133527995394,0.0,0.0,0.0,0.0,0.0,0.0,0.0,0.0
B08D6RCM3Q,355.0,899.0,61.0,544.0,0.6051167964404894,-0.7039199332777314,0.140625,0,4.1,1051,6.958448393297656,28.529638412520384,1.599,0.34375,0,19,1,0,0.8421052631578947,0.9743,124,4,4,1.2,0.0,0.0,0.0,0,0.0,0.0,0.0,0.0,0.0,0.0,0.0,0.0,0.0,0.0,0.0,0.0,0.0,0.0,0.0,0.0,0.0,0.0,0.0,0.0,0.0,0.0,0.0,0.0,0.0,0.0,0.0,0.0,0.0,1.0,0.0,0.0,0.0,0.0,0.0,0.0,0.0,0.0,0.0,0.0,0.0,0.0,0.0,0.0,0.0,0.0,0.0,0.0,0.0,0.0
B009P2LITG,2169.0,3279.0,34.0,1110.0,0.3385178408051235,0.8090075062552127,0.6897321428571429,3,4.1,1716,7.448333860897476,30.53816882967965,2.7059999999999995,0.4308035714285714,0,12,1,1,1.0,0.9724,94,4,4,0.0,0.0,0.0,0.0,4,0.0,0.0,0.0,0.0,0.0,0.0,0.0,0.0,0.0,0.0,0.0,0.0,0.0,0.0,0.0,0.0,0.0,0.0,0.0,0.6087316684800678,0.0,0.0,0.0,0.0,0.0,0.0,0.0,0.0,0.0,0.0,0.0,0.0,0.0,0.0,0.0,0.0,0.0,0.0,0.0,0.0,0.0,0.0,0.0,0.0,0.0,0.0,0.0,0.6185044673684037,0.4968882969388595,0.0
B00V9NHDI4,2799.0,3799.0,26.0,1000.0,0.2632271650434324,1.3344453711426187,0.7689732142857143,3,3.9,32931,10.402200108418317,40.56858042283143,2.886,0.9642857142857144,1,25,1,1,0.92,0.9867,130,6,4,0.0,0.0,0.0,0.0,4,0.0,0.0,0.0,0.4572484125251648,0.0,0.0,0.0,0.0,0.0,0.0,0.0,0.0,0.0,0.0,0.0,0.0,0.0,0.0,0.0,0.0,0.0,0.0,0.0,0.0,0.0,0.0,0.0,0.0,0.0,0.0,0.0,0.0,0.0,0.0,0.0,0.0,0.0,0.0,0.0,0.0,0.0,0.0,0.0,0.0,0.0,0.0,0.0,0.8893390181720449,0.0,0.0
B07WGPBXY9,899.0,1249.0,28.0,350.0,0.2802241793434747,-0.250208507089241,0.3671875,2,3.9,17424,9.765661235628723,38.086078818952025,2.808,0.9241071428571428,1,28,1,1,0.8571428571428571,0.9866,206,5,4,0.0,0.0,0.0,0.0,4,0.0,0.0,0.0,0.0,0.0,0.0,0.0,0.0,0.0,0.0,0.0,0.0,0.0,0.0,0.0,0.5779255864532401,0.0,0.0,0.0,0.0,0.0,0.0,0.0,0.0,0.0,0.0,0.0,0.0,0.0,0.0,0.0,0.0,0.0,0.0,0.0,0.0,0.0,0.0,0.0,0.0,0.0,0.0,0.0,0.0,0.0,0.5761979113510886,0.5779255864532401,0.0,0.0,0.0
B00KRCBA6E,2499.0,5000.0,50.0,2501.0,0.5002,1.0842368640533775,0.7287946428571429,3,3.8,1889,7.544332108053688,28.668462010604014,1.9,0.4575892857142857,0,10,1,1,0.9,0.8687,43,3,4,1.2,0.0,0.0,0.0,0,0.0,0.0,0.0,0.0,0.0,0.0,0.0,0.0,0.0,0.0,0.0,0.0,0.0,0.0,0.0,0.0,0.0,0.0,0.0,0.6087316684800678,0.0,0.0,0.0,0.0,0.0,0.0,0.0,0.0,0.0,0.0,0.0,0.0,0.0,0.0,0.0,0.0,0.0,0.0,0.0,0.0,0.0,0.0,0.0,0.0,0.0,0.0,0.0,0.6185044673684037,0.4968882969388595,0.0
B0B3X2BY3M,3599.0,7299.0,51.0,3700.0,0.5069187559939717,2.001668056713928,0.8381696428571429,3,4.0,10324,9.242323417829232,36.96929367131693,1.96,0.8236607142857143,1,7,1,0,1.0,0.957,78,4,4,1.2,0.0,1.1,0.0,0,0.0,0.0,0.0,0.0,0.0,0.0,0.0,0.0,0.0,0.0,0.0,0.0,0.0,0.0,0.0,0.0,0.0,0.0,0.0,0.712470763082025,0.0,0.0,0.0,0.0,0.0,0.0,0.0,0.0,0.0,0.0,0.0,0.0,0.0,0.0,0.0,0.0,0.0,0.0,0.0,0.0,0.0,0.0,0.0,0.0,0.0,0.7017017968861966,0.0,0.0,0.0,0.0
B00F159RIK,499.0,625.0,20.0,126.0,0.2016,-0.5838198498748958,0.203125,0,4.2,5355,8.585972706811063,36.06108536860646,3.3600000000000003,0.6986607142857143,0,14,1,1,0.8571428571428571,0.9345,37,6,4,0.0,0.0,0.0,0.0,4,0.0,0.0,0.0,1.0,0.0,0.0,0.0,0.0,0.0,0.0,0.0,0.0,0.0,0.0,0.0,0.0,0.0,0.0,0.0,0.0,0.0,0.0,0.0,0.0,0.0,0.0,0.0,0.0,0.0,0.0,0.0,0.0,0.0,0.0,0.0,0.0,0.0,0.0,0.0,0.0,0.0,0.0,0.0,0.0,0.0,0.0,0.0,0.0,0.0,0.0
B08MV82R99,653.0,1020.0,36.0,367.0,0.3598039215686274,-0.4553794829024187,0.2678571428571428,2,4.1,3366,8.121777419161074,33.2992874185604,2.624,0.5870535714285714,0,7,1,0,1.0,0.9285,31,4,4,0.0,0.0,0.0,0.0,4,0.0,0.0,0.0,0.0,0.0,0.0,0.0,0.0,0.0,0.0,0.0,0.0,0.0,0.0,0.0,0.0,0.0,0.0,0.0,0.7014536664692526,0.0,0.0,0.0,0.0,0.0,0.0,0.0,0.0,0.0,0.0,0.0,0.0,0.0,0.0,0.0,0.0,0.0,0.0,0.0,0.0,0.0,0.0,0.0,0.0,0.0,0.0,0.0,0.7127150579276704,0.0,0.0
B09VKWGZD7,4789.0,8990.0,47.0,4201.0,0.4672969966629588,2.994161801501251,0.8660714285714286,3,4.3,1017,6.925595197110468,29.78005934757501,2.279,0.3337053571428571,0,26,1,1,0.8846153846153846,0.9439,100,4,4,1.2,0.0,0.0,0.0,0,0.0,0.0,0.0,0.2836134797471652,0.0,0.0,0.0,0.0,0.0,0.0,0.0,0.0,0.0,0.0,0.0,0.0,0.0,0.0,0.0,0.0,0.5628511588953014,0.0,0.0,0.0,0.0,0.0,0.0,0.0,0.0,0.0,0.5463282286551276,0.0,0.0,0.0,0.0,0.0,0.0,0.0,0.0,0.0,0.0,0.0,0.0,0.0,0.0,0.0,0.0,0.5516225463217318,0.0,0.0
B009P2LK80,1409.0,1639.0,14.0,230.0,0.1403294691885296,0.1751459549624687,0.5446428571428571,2,3.7,787,6.669498089857879,24.677142932474155,3.182,0.3058035714285714,0,11,1,0,1.0,-0.9578,119,4,4,0.0,0.0,0.0,0.0,4,0.0,0.0,0.0,0.0,0.0,0.0,0.0,0.0,0.0,0.0,0.0,0.0,0.0,0.0,0.0,0.0,0.0,0.0,0.0,0.7014536664692526,0.0,0.0,0.0,0.0,0.0,0.0,0.0,0.0,0.0,0.0,0.0,0.0,0.0,0.0,0.0,0.0,0.0,0.0,0.0,0.0,0.0,0.0,0.0,0.0,0.0,0.0,0.0,0.7127150579276704,0.0,0.0
B00A7PLVU6,753.0,899.0,16.0,146.0,0.1624026696329254,-0.371976647206005,0.3191964285714285,2,4.2,18462,9.823524008395744,41.25880083526212,3.528,0.9285714285714286,1,7,1,1,1.0,0.9418,81,4,4,0.0,0.0,1.1,0.0,3,0.0,0.0,0.0,0.0,0.0,0.0,0.0,0.0,0.0,0.0,0.0,0.0,0.0,0.0,0.0,0.0,0.0,0.0,0.0,0.0,0.0,0.0,0.0,0.0,0.0,0.0,0.0,0.0,0.0,0.0,0.0,0.0,0.0,0.0,0.0,0.0,0.0,0.0,0.0,0.0,0.0,0.0,0.0,0.0,0.0,0.0,0.7708743826987915,0.0,0.6369871946112865,0.0
B0B25DJ352,353.0,1199.0,71.0,846.0,0.7055879899916597,-0.7055879899916597,0.1383928571428571,0,4.3,629,6.4457198193855785,27.716595223357988,1.247,0.2790178571428571,0,18,1,0,0.8333333333333334,0.9913,102,4,4,1.2,0.0,0.0,0.0,0,0.0,0.0,0.0,0.0,0.0,0.0,0.0,0.0,0.0,0.0,0.0,0.0,0.0,0.0,0.0,1.0,0.0,0.0,0.0,0.0,0.0,0.0,0.0,0.0,0.0,0.0,0.0,0.0,0.0,0.0,0.0,0.0,0.0,0.0,0.0,0.0,0.0,0.0,0.0,0.0,0.0,0.0,0.0,0.0,0.0,0.0,0.0,0.0,0.0,0.0
B013B2WGT6,1099.0,1899.0,42.0,800.0,0.421274354923644,-0.0834028356964136,0.4486607142857143,2,4.3,15276,9.634103708365725,41.42664594597261,2.494,0.9040178571428572,1,28,1,0,0.9285714285714286,0.9683,113,4,4,0.0,0.0,1.1,0.0,3,0.0,0.0,0.0,0.0,0.0,0.0,0.0,0.0,0.0,0.0,0.0,0.0,0.0,0.0,0.0,0.0,0.0,0.0,0.0,0.0,0.7186581129753028,0.0,0.0,0.0,0.0,0.0,0.0,0.0,0.0,0.0,0.0,0.0,0.0,0.0,0.0,0.0,0.0,0.0,0.0,0.0,0.0,0.0,0.0,0.6953635859424744,0.0,0.0,0.0,0.0,0.0,0.0
B097RJ867P,8799.0,11595.0,24.0,2796.0,0.2411384217335058,6.33861551292744,0.9631696428571428,1,4.4,2981,8.000349495324684,35.20153777942861,3.3440000000000003,0.5558035714285714,0,26,1,1,0.8461538461538461,0.9975,76,5,4,0.0,1.4,0.0,0.0,2,0.0,0.0,0.0,1.0,0.0,0.0,0.0,0.0,0.0,0.0,0.0,0.0,0.0,0.0,0.0,0.0,0.0,0.0,0.0,0.0,0.0,0.0,0.0,0.0,0.0,0.0,0.0,0.0,0.0,0.0,0.0,0.0,0.0,0.0,0.0,0.0,0.0,0.0,0.0,0.0,0.0,0.0,0.0,0.0,0.0,0.0,0.0,0.0,0.0,0.0
B091V8HK8Z,1345.0,1750.0,23.0,405.0,0.2314285714285714,0.1217681401167639,0.5245535714285714,2,3.8,2466,7.810758116529357,29.680880842811558,2.926,0.5133928571428571,0,31,1,1,0.967741935483871,0.5423,171,5,4,0.0,0.0,0.0,0.0,4,0.0,0.0,0.0,0.0,0.0,0.0,0.0,0.0,0.0,0.0,0.0,0.0,0.0,0.0,0.0,0.5724132045169487,0.0,0.0,0.0,0.0,0.0,0.0,0.0,0.0,0.0,0.0,0.0,0.0,0.0,0.0,0.0,0.0,0.0,0.0,0.0,0.0,0.0,0.0,0.0,0.0,0.0,0.0,0.0,0.0,0.0,0.5707020083616513,0.0,0.5887633998021748,0.0,0.0
B071VNHMX2,2095.0,2095.0,0.0,0.0,0.0,0.7472894078398665,0.6830357142857143,3,4.5,7949,8.980927207648378,40.4141724344177,4.5,0.7678571428571429,0,9,1,1,1.0,0.9633,18,4,4,0.0,1.4,1.1,0.0,2,0.0,0.0,0.0,0.0,0.0,0.0,0.0,0.0,0.0,0.0,0.0,0.0,0.0,0.0,0.0,0.0,0.0,0.0,0.0,0.0,0.0,0.0,0.0,0.0,0.0,0.0,0.0,0.0,0.0,0.0,0.0,0.0,0.0,0.0,0.0,0.0,0.0,0.0,0.0,0.0,0.0,0.0,0.0,0.0,0.0,0.0,0.7708743826987915,0.0,0.6369871946112865,0.0
B08MVSGXMY,1498.0,2300.0,35.0,802.0,0.348695652173913,0.2493744787322769,0.5691964285714286,2,3.8,95,4.564348191467836,17.344523127577776,2.47,0.0870535714285714,0,12,1,1,0.9166666666666666,0.3612,96,4,4,0.0,0.0,0.0,0.0,4,0.0,0.0,0.0,0.0,0.5017637061654238,0.0,0.0,0.0,0.0,0.0,0.0,0.0,0.0,0.0,0.0,0.0,0.0,0.4788521113092905,0.0,0.512485815279538,0.0,0.0,0.0,0.0,0.0,0.0,0.0,0.0,0.0,0.0,0.0,0.0,0.0,0.0,0.0,0.0,0.0,0.0,0.0,0.0,0.0,0.0,0.0,0.0,0.0,0.0,0.5062530274546914,0.0,0.0,0.0
B00H0B29DI,2199.0,2990.0,26.0,791.0,0.2645484949832776,0.8340283569641368,0.6964285714285714,3,3.8,1558,7.351799869057777,27.93683950241955,2.812,0.4118303571428571,0,11,1,1,0.8181818181818182,0.9992,36,4,4,0.0,0.0,0.0,0.0,4,0.0,0.0,0.0,0.4674859239452618,0.0,0.0,0.0,0.0,0.0,0.0,0.0,0.0,0.0,0.0,0.0,0.0,0.0,0.0,0.0,0.0,0.0,0.0,0.0,0.0,0.0,0.0,0.0,0.0,0.0,0.0,0.0,0.0,0.0,0.0,0.0,0.0,0.0,0.0,0.0,0.0,0.0,0.0,0.0,0.0,0.0,0.0,0.8840005152221604,0.0,0.0,0.0
B01GZSQJPA,3699.0,4295.0,14.0,596.0,0.1387660069848661,2.085070892410342,0.8526785714285714,3,4.1,26543,10.186559012430228,41.76489195096393,3.526,0.9553571428571428,1,8,1,1,1.0,0.6641,167,4,4,0.0,0.0,1.1,0.0,3,0.0,0.0,0.0,1.0,0.0,0.0,0.0,0.0,0.0,0.0,0.0,0.0,0.0,0.0,0.0,0.0,0.0,0.0,0.0,0.0,0.0,0.0,0.0,0.0,0.0,0.0,0.0,0.0,0.0,0.0,0.0,0.0,0.0,0.0,0.0,0.0,0.0,0.0,0.0,0.0,0.0,0.0,0.0,0.0,0.0,0.0,0.0,0.0,0.0,0.0
B08VGFX2B6,177.0,199.0,11.0,22.0,0.1105527638190954,-0.8523769808173478,0.0223214285714285,0,4.1,3688,8.213110697596676,33.67375386014637,3.649,0.6026785714285714,0,27,1,0,0.925925925925926,0.8108,99,4,4,0.0,0.0,0.0,0.0,4,0.0,0.0,0.0,0.0,0.0,0.0,0.0,0.0,0.0,0.0,0.0,0.0,0.0,0.0,0.0,0.0,0.0,0.0,0.0,0.0,0.0,0.0,0.0,0.0,0.0,0.0,0.0,0.0,0.0,1.0,0.0,0.0,0.0,0.0,0.0,0.0,0.0,0.0,0.0,0.0,0.0,0.0,0.0,0.0,0.0,0.0,0.0,0.0,0.0,0.0
B09GYBZPHF,1149.0,2499.0,54.0,1350.0,0.5402160864345739,-0.0417014178482068,0.4654017857142857,2,3.8,4383,8.385716828627851,31.86572394878583,1.7479999999999998,0.6495535714285714,0,29,1,1,0.9310344827586208,0.5478,77,4,4,1.2,0.0,0.0,0.0,0,0.0,0.0,0.0,0.285631343943555,0.0,0.0,0.0,0.0,0.0,0.0,0.0,0.0,0.0,0.0,0.0,0.0,0.0,0.0,0.0,0.0,0.0,0.0,0.0,0.0,0.0,0.0,0.0,0.0,0.0,0.0,0.0,0.0,0.0,0.0,0.0,0.0,0.5708357598143361,0.0,0.0,0.0,0.0,0.0,0.0,0.5484817367486976,0.0,0.0,0.5401194822697292,0.0,0.0,0.0
B0B4KPCBSH,244.0,499.0,51.0,255.0,0.5110220440881763,-0.7964970809007507,0.0803571428571428,0,3.3,478,6.171700597410915,20.366611971456017,1.617,0.2366071428571428,0,4,0,0,0.75,-0.9396,26,5,4,0.0,0.0,0.0,0.0,4,0.0,0.0,0.0,0.0,0.0,0.0,0.0,0.0,0.0,0.0,0.0,0.0,0.0,0.0,0.0,0.0,0.0,0.0,0.0,0.0,0.0,0.0,0.0,0.0,0.0,0.0,0.0,0.0,0.0,0.0,0.0,0.0,0.0,0.0,0.0,0.0,0.0,0.0,0.0,0.0,0.0,0.0,0.0,0.0,0.0,0.0,0.0,0.0,0.0,0.0
B09CGLY5CX,1959.0,2400.0,18.0,441.0,0.18375,0.6338615512927439,0.6517857142857143,2,4.0,237,5.472270673671475,21.8890826946859,3.28,0.1584821428571428,0,16,1,0,0.9375,0.9437,11,4,4,0.0,0.0,0.0,0.0,4,0.0,0.0,0.0,0.0,0.0,0.0,0.0,0.0,0.0,0.0,0.0,0.0,0.0,0.0,0.0,0.0,0.0,0.0,0.0,0.7014536664692526,0.0,0.0,0.0,0.0,0.0,0.0,0.0,0.0,0.0,0.0,0.0,0.0,0.0,0.0,0.0,0.0,0.0,0.0,0.0,0.0,0.0,0.0,0.0,0.0,0.0,0.0,0.0,0.7127150579276704,0.0,0.0
B09JN37WBX,319.0,749.0,57.0,430.0,0.5740987983978638,-0.7339449541284404,0.1227678571428571,0,4.6,124,4.8283137373023015,22.210243191590585,1.978,0.1082589285714285,0,12,0,0,1.0,0.9496,93,5,4,1.2,0.0,0.0,1.0,0,0.0,0.0,1.0,0.0,0.0,0.0,0.0,0.0,0.0,0.0,0.0,0.0,0.0,0.0,0.0,0.0,0.0,0.0,0.0,0.0,0.0,0.0,0.0,0.0,0.0,0.0,0.0,0.0,0.0,0.0,0.0,0.0,0.0,0.0,0.0,0.0,0.0,0.0,0.0,0.0,0.0,0.0,0.0,0.0,0.0,0.0,0.0,0.0,0.0,0.0
B01I1LDZGA,1499.0,1775.0,16.0,276.0,0.1554929577464788,0.250208507089241,0.5770089285714286,2,3.9,14667,9.593423529191217,37.414351763845744,3.276,0.8928571428571429,1,28,1,1,0.8928571428571429,0.9798,23,5,4,0.0,0.0,0.0,0.0,4,0.0,0.0,0.0,0.3507117253892025,0.0,0.0,0.0,0.0,0.0,0.0,0.0,0.0,0.0,0.0,0.0,0.0,0.0,0.0,0.0,0.0,0.0,0.0,0.0,0.0,0.0,0.0,0.0,0.0,0.0,0.0,0.0,0.0,0.0,0.0,0.0,0.0,0.0,0.0,0.0,0.0,0.0,0.0,0.0,0.0,0.0,0.6612017930687374,0.6631843442944164,0.0,0.0,0.0
B0BN2576GQ,469.0,1599.0,71.0,1130.0,0.7066916823014384,-0.6088407005838199,0.1785714285714285,0,3.7,6,1.9459101490553128,7.199867551504659,1.0730000000000002,0.0133928571428571,0,18,1,0,0.8333333333333334,0.9698,226,5,4,0.0,0.0,0.0,0.0,4,0.0,0.0,0.0,0.0,0.0,0.0,0.0,0.0,0.0,0.0,0.0,0.0,0.0,0.0,0.0,0.6923010493130084,0.0,0.0,0.0,0.0,0.0,0.0,0.0,0.0,0.0,0.0,0.0,0.0,0.0,0.7216087978400123,0.0,0.0,0.0,0.0,0.0,0.0,0.0,0.0,0.0,0.0,0.0,0.0,0.0,0.0,0.0,0.0,0.0,0.0,0.0,0.0
B06XPYRWV5,1099.0,1795.0,39.0,696.0,0.3877437325905292,-0.0834028356964136,0.4486607142857143,2,4.2,4244,8.353497098745448,35.084687814730884,2.562,0.6428571428571429,0,19,1,1,0.7368421052631579,0.7489,39,4,4,0.0,0.0,0.0,0.0,4,0.0,0.0,0.0,0.3014777299488114,0.0,0.0,0.0,0.0,0.0,0.0,0.0,0.0,0.0,0.0,0.0,0.0,0.0,0.0,0.0,0.0,0.5983040363035118,0.0,0.0,0.0,0.0,0.0,0.0,0.0,0.0,0.0,0.0,0.0,0.0,0.0,0.0,0.4755493110251148,0.0,0.0,0.0,0.0,0.0,0.0,0.0,0.0,0.0,0.0,0.5700844773113684,0.0,0.0,0.0
B01N1XVVLC,9590.0,15999.0,40.0,6409.0,0.4005875367210451,6.998331943286072,0.9754464285714286,1,4.1,1017,6.925595197110468,28.394940308152915,2.4599999999999995,0.3337053571428571,0,24,1,1,0.9583333333333334,0.9939,95,4,4,0.0,0.0,0.0,0.0,4,0.0,0.0,0.0,0.1627317109607108,0.0,0.0,0.0,0.0,0.0,0.0,0.0,0.0,0.0,0.0,0.0,0.0,0.0,0.0,0.0,0.9345265424792188,0.0,0.0,0.0,0.0,0.0,0.0,0.0,0.0,0.0,0.0,0.0,0.0,0.0,0.0,0.0,0.0,0.0,0.0,0.0,0.0,0.0,0.0,0.0,0.0,0.0,0.0,0.0,0.3165099234615508,0.0,0.0
B00O2R38C4,999.0,1490.0,33.0,491.0,0.3295302013422819,-0.1668056713928273,0.4118303571428571,2,4.1,12999,9.472704636443671,38.83808900941906,2.7469999999999994,0.859375,1,24,1,1,0.875,0.9491,175,4,4,0.0,0.0,1.1,0.0,3,0.0,0.0,0.0,0.0,0.0,0.0,0.0,0.0,0.0,0.0,0.0,0.0,0.0,0.0,0.0,0.0,0.0,0.0,0.0,0.0,0.0,0.0,0.0,0.0,0.0,0.0,0.0,0.0,0.0,0.0,0.0,0.0,0.0,0.0,0.0,0.0,0.0,0.0,0.0,0.0,0.0,0.0,0.0,0.775650827618536,0.0,0.0,0.0,0.0,0.6311622561708519,0.0
B0B2CZTCL2,1299.0,1999.0,35.0,700.0,0.3501750875437719,0.0834028356964136,0.5167410714285714,2,3.8,311,5.7430031878094825,21.82341211367603,2.47,0.1919642857142857,0,35,1,1,0.9142857142857144,0.9376,67,5,4,0.0,0.0,0.0,0.0,4,0.0,0.0,0.0,0.3502522046379415,0.0,0.0,0.0,0.0,0.0,0.0,0.0,0.0,0.0,0.0,0.0,0.6623154056589132,0.0,0.0,0.0,0.0,0.0,0.0,0.0,0.0,0.0,0.0,0.0,0.0,0.0,0.0,0.0,0.0,0.0,0.0,0.0,0.0,0.0,0.0,0.0,0.0,0.0,0.0,0.0,0.0,0.0,0.0,0.6623154056589132,0.0,0.0,0.0
B00PVT30YI,292.0,499.0,41.0,207.0,0.4148296593186373,-0.7564637197664721,0.1026785714285714,0,4.1,4238,8.352082671352637,34.243538952545805,2.419,0.640625,0,17,1,0,1.0,0.964,45,4,4,0.0,0.0,0.0,0.0,4,0.0,0.0,0.0,0.0,0.0,0.0,0.0,0.0,0.0,0.0,0.0,0.0,0.0,0.0,0.0,0.0,0.0,0.0,0.0,0.0,0.0,0.0,0.0,0.0,0.0,0.0,0.0,0.0,0.0,0.0,0.0,0.0,0.0,0.0,0.0,0.0,0.0,0.0,0.0,0.0,0.0,0.0,0.0,0.0,0.0,0.0,0.0,0.0,0.0,0.0
B00SH18114,160.0,299.0,46.0,139.0,0.4648829431438127,-0.8665554628857381,0.0178571428571428,0,4.6,2781,7.930925372483388,36.48225671342358,2.484,0.5424107142857143,0,13,1,0,1.0,0.9893,9,4,4,1.2,0.0,0.0,0.0,0,0.0,0.0,0.0,0.0,0.0,0.0,0.0,0.0,0.0,0.0,0.0,0.0,0.0,0.0,0.0,0.0,0.0,0.0,0.0,0.0,0.0,0.0,0.0,0.0,0.0,0.0,0.0,0.0,0.0,1.0,0.0,0.0,0.0,0.0,0.0,0.0,0.0,0.0,0.0,0.0,0.0,0.0,0.0,0.0,0.0,0.0,0.0,0.0,0.0,0.0
B00E9G8KOY,600.0,600.0,0.0,0.0,0.0,-0.4995829858215179,0.2421875,2,4.1,10907,9.29725174396548,38.11873215025846,4.1,0.8303571428571429,1,14,1,0,0.9285714285714286,0.7771,79,4,4,0.0,0.0,1.1,0.0,3,0.0,0.0,0.0,0.0,0.0,0.0,0.0,0.0,0.0,0.0,0.0,0.0,0.0,0.0,0.0,0.0,0.0,0.0,0.0,0.0,0.0,0.0,0.0,0.0,0.0,0.0,0.0,0.0,0.0,0.0,0.0,0.0,0.0,0.0,0.0,0.0,0.0,0.0,0.0,0.0,0.0,0.0,0.0,0.0,0.0,1.0,0.0,0.0,0.0,0.0
B00H3H03Q4,1130.0,1130.0,0.0,0.0,0.0,-0.0575479566305254,0.4620535714285714,2,4.2,13250,9.491828300264636,39.86567886111148,4.2,0.8683035714285714,1,14,1,0,0.9285714285714286,0.872,79,4,4,0.0,0.0,1.1,0.0,3,0.0,0.0,0.0,0.0,0.0,0.0,0.0,0.0,0.0,0.0,0.0,0.0,0.0,0.0,0.0,0.0,0.0,0.0,0.0,0.0,0.0,0.0,0.0,0.0,0.0,0.0,0.0,0.0,0.0,0.0,0.0,0.0,0.0,0.0,0.0,0.0,0.0,0.0,0.0,0.0,0.0,0.0,0.0,0.0,0.0,1.0,0.0,0.0,0.0,0.0
B0756K5DYZ,3249.0,6295.0,48.0,3046.0,0.4838760921366163,1.7097581317764805,0.8102678571428571,3,3.9,43070,10.670605195795805,41.61536026360363,2.028,0.9821428571428572,1,18,1,1,0.8888888888888888,-0.4835,156,4,4,1.2,0.0,0.0,0.0,0,0.0,0.0,0.0,0.0,0.6071154087144766,0.0,0.0,0.0,0.0,0.0,0.0,0.0,0.0,0.0,0.0,0.0,0.0,0.0,0.0,0.0,0.0,0.0,0.0,0.0,0.0,0.0,0.0,0.0,0.0,0.0,0.0,0.0,0.0,0.0,0.0,0.0,0.0,0.0,0.0,0.0,0.0,0.0,0.0,0.0,0.0,0.0,0.6125473203810525,0.0,0.5061587308300098,0.0
B0188KPKB2,3599.0,9455.0,62.0,5856.0,0.6193548387096774,2.001668056713928,0.8381696428571429,3,4.1,11828,9.378309422545737,38.45106863243752,1.5579999999999998,0.8482142857142857,1,24,1,1,0.9583333333333334,0.8271,228,4,4,1.2,0.0,1.1,0.0,0,0.0,0.0,0.0,0.0,0.8367506462676964,0.0,0.0,0.0,0.0,0.0,0.0,0.0,0.0,0.0,0.0,0.0,0.0,0.0,0.0,0.0,0.0,0.0,0.0,0.0,0.0,0.0,0.0,0.0,0.0,0.0,0.0,0.0,0.0,0.0,0.0,0.0,0.0,0.0,0.0,0.0,0.0,0.0,0.0,0.0,0.0,0.0,0.4221185616781477,0.0,0.3488040651388171,0.0
B091KNVNS9,368.0,699.0,47.0,331.0,0.4735336194563662,-0.6930775646371977,0.1428571428571428,0,4.1,1240,7.123672785204607,29.207058419338885,2.173,0.375,0,5,1,1,1.0,0.2243,133,4,4,1.2,0.0,0.0,0.0,0,0.0,0.0,0.0,0.0,0.6938826949009497,0.0,0.0,0.0,0.0,0.0,0.0,0.0,0.0,0.0,0.0,0.0,0.0,0.0,0.0,0.0,0.0,0.0,0.0,0.0,0.0,0.0,0.0,0.0,0.0,0.0,0.0,0.0,0.0,0.0,0.0,0.0,0.0,0.0,0.0,0.0,0.0,0.0,0.0,0.0,0.0,0.0,0.0,0.7200880541412943,0.0,0.0
B075JJ5NQC,3199.0,4999.0,36.0,1800.0,0.3600720144028805,1.6680567139282736,0.7991071428571429,3,4.0,20869,9.946068000071246,39.784272000284986,2.56,0.9397321428571428,1,8,1,0,1.0,0.2023,146,4,4,0.0,0.0,1.1,0.0,3,0.0,0.0,0.0,0.0,0.0,0.0,0.0,0.0,0.0,0.0,0.0,0.0,0.0,0.0,0.0,0.0,0.0,0.7500039269532909,0.0,0.0,0.0,0.0,0.0,0.0,0.0,0.0,0.0,0.0,0.0,0.0,0.0,0.0,0.0,0.0,0.0,0.6614333749930092,0.0,0.0,0.0,0.0,0.0,0.0,0.0,0.0,0.0,0.0,0.0,0.0,0.0,0.0
B0B5KZ3C53,1599.0,2900.0,45.0,1301.0,0.4486206896551724,0.3336113427856547,0.5948660714285714,2,3.7,441,6.091309882077698,22.537846563687484,2.035,0.2220982142857142,0,33,1,0,0.9393939393939394,0.9661,60,4,4,0.0,0.0,0.0,0.0,4,0.0,0.0,0.0,0.0,0.0,0.0,0.0,0.0,0.0,0.0,0.0,0.0,0.0,0.0,0.0,0.6026077556202506,0.0,0.0,0.0,0.0,0.0,0.0,0.0,0.0,0.0,0.0,0.0,0.0,0.0,0.0,0.0,0.0,0.0,0.0,0.0,0.5026793649164428,0.0,0.0,0.0,0.0,0.0,0.0,0.0,0.0,0.0,0.0,0.0,0.6198204166962605,0.0,0.0
B09NTHQRW3,1999.0,2499.0,20.0,500.0,0.2000800320128051,0.6672226855713094,0.6640625,2,4.1,1034,6.942156705699469,28.462842493367823,3.28,0.3392857142857143,0,28,1,0,0.8571428571428571,0.9696,162,4,4,0.0,0.0,0.0,0.0,4,0.0,0.0,0.5282518621412674,0.0,0.0,0.0,0.0,0.0,0.0,0.0,0.0,0.0,0.0,0.0,0.0,0.0,0.0,0.0,0.0,0.0,0.0,0.0,0.0,0.0,0.0,0.0,0.0,0.0,0.0,0.0,0.5507998817942751,0.0,0.0,0.0,0.0,0.0,0.0,0.0,0.0,0.0,0.0,0.0,0.3538645768952462,0.0,0.0,0.0,0.5406933711249327,0.0,0.0,0.0
B008YW3CYM,616.0,1190.0,48.0,574.0,0.4823529411764706,-0.4862385321100917,0.2477678571428571,2,4.1,37126,10.522099746707823,43.14060896150208,2.132,0.9709821428571428,1,12,1,0,0.9166666666666666,0.9617,37,6,4,1.2,0.0,1.1,0.0,0,0.0,0.0,0.0,0.0,0.0,0.0,0.0,0.0,0.0,0.0,0.0,0.0,0.0,0.0,0.0,0.0,0.0,0.0,0.0,0.0,0.0,0.0,0.0,0.0,0.0,0.0,0.0,0.0,0.0,0.0,0.0,0.0,0.0,0.0,0.0,0.0,0.0,0.0,0.0,0.0,0.0,0.0,0.0,0.0,0.0,0.0,0.0,0.0,0.0,0.0
B07QHHCB27,1499.0,2100.0,29.0,601.0,0.2861904761904762,0.250208507089241,0.5770089285714286,2,4.1,6355,8.757154527656606,35.904333563392086,2.911,0.7232142857142857,0,22,1,0,0.9090909090909092,0.9485,86,4,4,0.0,0.0,0.0,0.0,4,0.0,0.0,0.0,0.0,0.0,0.0,0.0,0.0,0.0,0.0,0.0,0.0,0.0,0.0,0.0,0.0,0.0,0.0,0.0,0.0,0.0,0.0,0.0,0.0,0.0,0.0,0.0,0.0,0.0,0.0,0.0,0.0,0.0,0.0,0.0,0.0,1.0,0.0,0.0,0.0,0.0,0.0,0.0,0.0,0.0,0.0,0.0,0.0,0.0,0.0
B0BMFD94VD,199.0,499.0,60.0,300.0,0.6012024048096193,-0.8340283569641368,0.0491071428571428,0,3.3,12,2.5649493574615367,8.46433287962307,1.32,0.0245535714285714,0,25,0,1,0.96,0.8246,111,4,4,0.0,0.0,0.0,0.0,4,0.0,0.0,0.0,0.0,0.0,0.0,0.0,0.0,0.0,0.0,0.0,0.0,0.0,0.0,0.0,0.0,0.0,0.0,0.0,0.0,0.3707736881919387,0.0,0.0,0.0,0.0,0.0,0.0,0.0,0.3774247699835627,0.0,0.3598893403709068,0.0,0.0,0.0,0.0,0.0,0.0,0.7108699539635165,0.0,0.0,0.0,0.0,0.0,0.0,0.0,0.0,0.0,0.0,0.2919263372611376,0.0
B00HZIOGXW,610.0,825.0,26.0,215.0,0.2606060606060606,-0.4912427022518765,0.2455357142857142,2,4.1,13165,9.485393028027822,38.89011141491407,3.034,0.8660714285714286,1,12,1,1,0.9166666666666666,0.9009,52,4,4,0.0,0.0,1.1,0.0,3,0.0,0.0,0.0,0.2911789794247547,0.0,0.0,0.0,0.0,0.0,0.0,0.0,0.0,0.0,0.0,0.0,0.0,0.0,0.0,0.0,0.5573887705065296,0.0,0.0,0.0,0.0,0.0,0.0,0.0,0.0,0.0,0.0,0.0,0.0,0.0,0.0,0.0,0.0,0.0,0.0,0.0,0.0,0.0,0.0,0.0,0.0,0.0,0.5489638622316225,0.5506098786056399,0.0,0.0,0.0
B09CKSYBLR,999.0,1499.0,33.0,500.0,0.333555703802535,-0.1668056713928273,0.4118303571428571,2,4.1,1646,7.40671073017764,30.367513993728323,2.7469999999999994,0.4196428571428571,0,28,1,1,0.9285714285714286,0.9776,156,4,4,0.0,0.0,0.0,0.0,4,0.0,0.0,0.0,0.0,0.0,0.0,0.0,0.0,0.0,0.0,0.0,0.0,0.0,0.0,0.0,0.4486278102623529,0.0,0.0,0.0,0.0,0.0,0.0,0.0,0.0,0.0,0.0,0.0,0.0,0.4792812074306521,0.4676199395656912,0.0,0.0,0.0,0.0,0.0,0.0,0.0,0.0,0.0,0.0,0.0,0.0,0.0,0.0,0.0,0.0,0.0,0.4614422461458908,0.3707091280983473,0.0
B072J83V9W,8999.0,9995.0,10.0,996.0,0.0996498249124562,6.505421184320267,0.96875,1,4.4,17994,9.79784922051313,43.11053657025778,3.96,0.9263392857142856,1,8,1,1,1.0,0.9995,87,6,4,0.0,1.4,1.1,0.0,2,0.0,0.0,0.0,0.0,1.0,0.0,0.0,0.0,0.0,0.0,0.0,0.0,0.0,0.0,0.0,0.0,0.0,0.0,0.0,0.0,0.0,0.0,0.0,0.0,0.0,0.0,0.0,0.0,0.0,0.0,0.0,0.0,0.0,0.0,0.0,0.0,0.0,0.0,0.0,0.0,0.0,0.0,0.0,0.0,0.0,0.0,0.0,0.0,0.0,0.0
B09MTLG4TP,453.0,999.0,55.0,546.0,0.5465465465465466,-0.622185154295246,0.171875,0,4.3,610,6.415096959171596,27.58491692443786,1.935,0.2700892857142857,0,30,0,1,0.8666666666666667,0.9868,149,5,4,1.2,0.0,0.0,0.0,0,0.0,0.0,0.0,0.0,0.0,0.0,0.0,0.0,0.0,0.0,0.0,0.0,0.0,0.0,0.0,0.6062795581365347,0.0,0.0,0.0,0.0,0.0,0.0,0.0,0.0,0.0,0.0,0.0,0.0,0.0,0.0,0.6176119900658606,0.0,0.0,0.0,0.0,0.0,0.0,0.0,0.0,0.0,0.0,0.0,0.0,0.0,0.0,0.0,0.0,0.0,0.5009795675600508,0.0
B097XJQZ8H,2464.0,6000.0,59.0,3536.0,0.5893333333333334,1.055045871559633,0.7254464285714286,3,4.1,8866,9.090091799380009,37.26937637745802,1.681,0.7857142857142857,0,9,1,1,1.0,0.9979,58,4,4,1.2,0.0,1.1,0.0,0,0.0,0.0,0.0,0.0,0.0,0.0,0.0,0.0,0.0,0.0,0.0,0.0,0.0,0.0,0.0,0.0,0.0,0.0,0.0,0.0,0.0,0.0,0.0,0.0,0.0,0.0,0.0,0.0,0.0,0.0,0.0,0.0,0.0,0.0,0.0,0.0,0.0,0.0,0.0,0.0,0.0,0.0,0.0,0.0,0.0,0.0,0.0,0.0,0.0,0.0
B00935MD1C,2719.0,3945.0,31.0,1226.0,0.3107731305449936,1.2677231025854878,0.7611607142857143,3,3.7,13406,9.50353223760156,35.16306927912578,2.553,0.875,1,17,1,1,0.9411764705882352,-0.0516,78,4,4,0.0,0.0,0.0,0.0,4,0.0,0.0,0.0,0.0,0.0,0.0,0.0,0.0,0.0,0.0,0.0,0.0,0.0,0.0,0.0,0.6040400716576846,0.0,0.0,0.0,0.0,0.0,0.0,0.0,0.0,0.0,0.0,0.0,0.0,0.0,0.0,0.0,0.0,0.0,0.0,0.0,0.0,0.0,0.0,0.0,0.0,0.0,0.0,0.0,0.0,0.0,0.0,0.0,0.6212936448697832,0.4991290401050606,0.0
B0BR4F878Q,1439.0,1999.0,28.0,560.0,0.2801400700350175,0.2001668056713928,0.5491071428571429,2,4.8,53803,10.893103092828472,52.28689484557666,3.456,0.9910714285714286,1,26,1,0,0.9230769230769232,0.9349,245,4,4,0.0,1.4,1.1,0.0,2,0.0,0.0,0.0,0.0,0.0,0.0,0.0,0.0,0.0,0.0,0.0,0.0,0.0,0.0,0.0,0.4463647940179146,0.0,0.0,0.0,0.4518602615069342,0.2342300733956314,0.0,0.0,0.0,0.0,0.2048973328955955,0.0,0.0,0.0,0.2326305605986027,0.0,0.0,0.0,0.0,0.0,0.0,0.0,0.0,0.0,0.0,0.0,0.0,0.0,0.0,0.0,0.667545618439038,0.0,0.0,0.0,0.0
B0B3G5XZN5,2799.0,3499.0,20.0,700.0,0.2000571591883395,1.3344453711426187,0.7689732142857143,3,4.5,546,6.304448802421981,28.370019610898915,3.6,0.2477678571428571,0,28,1,0,0.8571428571428571,0.9336,164,4,4,0.0,1.4,0.0,0.0,2,0.0,0.0,0.5282518621412674,0.0,0.0,0.0,0.0,0.0,0.0,0.0,0.0,0.0,0.0,0.0,0.0,0.0,0.0,0.0,0.0,0.0,0.0,0.0,0.0,0.0,0.0,0.0,0.0,0.0,0.0,0.0,0.5507998817942751,0.0,0.0,0.0,0.0,0.0,0.0,0.0,0.0,0.0,0.0,0.0,0.3538645768952462,0.0,0.0,0.0,0.5406933711249327,0.0,0.0,0.0
B07WKB69RS,2088.0,5550.0,62.0,3462.0,0.6237837837837837,0.7414512093411176,0.6763392857142857,3,4.0,5292,8.574140471857987,34.29656188743195,1.52,0.6941964285714286,0,25,1,0,0.92,0.9152,65,4,4,1.2,0.0,0.0,0.0,0,0.0,0.0,0.0,0.0,0.0,0.0,0.0,0.0,0.0,0.0,0.0,0.0,0.0,0.0,0.0,0.0,0.0,0.0,0.0,0.4968367973350862,0.5150889751506144,0.0,0.0,0.0,0.0,0.0,0.0,0.0,0.0,0.0,0.0,0.0,0.0,0.0,0.0,0.0,0.0,0.0,0.0,0.0,0.0,0.0,0.0,0.4983929219935963,0.0,0.4893271296370038,0.0,0.0,0.0,0.0
B09DL9978Y,2399.0,4590.0,48.0,2191.0,0.4773420479302832,1.000834028356964,0.7176339285714286,3,4.1,444,6.09807428216624,25.002104556881584,2.132,0.2254464285714285,0,23,1,1,0.8695652173913043,0.3437,10,4,4,1.2,0.0,0.0,0.0,0,0.0,0.0,0.0,0.0,0.0,0.0,0.0,0.0,0.0,0.0,0.0,0.0,0.0,0.0,0.0,0.0,0.0,0.4987773136047547,0.0,0.5338105276528017,0.0,0.0,0.0,0.0,0.0,0.0,0.0,0.0,0.0,0.0,0.0,0.0,0.0,0.0,0.0,0.0,0.0,0.0,0.0,0.0,0.0,0.0,0.0,0.0,0.0,0.5257420035460679,0.0,0.0,0.4357325529583807,0.0
B06XMZV7RH,308.0,499.0,38.0,191.0,0.3827655310621242,-0.7431192660550459,0.1183035714285714,0,3.9,4584,8.430545384690566,32.87912700029321,2.418,0.6584821428571429,0,7,1,0,1.0,-0.115,10,4,4,0.0,0.0,0.0,0.0,4,0.0,0.0,0.0,0.0,0.0,0.0,0.0,0.0,0.0,0.0,0.0,0.0,0.0,0.0,0.0,0.0,0.0,0.0,0.0,0.0,0.0,0.0,0.0,0.0,0.0,0.0,0.0,0.0,0.0,0.0,0.0,0.0,0.0,0.0,0.0,0.0,0.0,0.0,0.0,0.0,0.0,0.0,0.0,0.0,0.0,0.0,0.0,0.0,0.0,0.0
B09WMTJPG7,2599.0,4400.0,41.0,1801.0,0.4093181818181818,1.1676396997497915,0.7410714285714286,3,4.1,14947,9.612332790605375,39.41056444148204,2.419,0.8973214285714286,1,12,1,0,0.9166666666666666,0.9739,77,4,4,0.0,0.0,1.1,0.0,3,0.0,0.0,0.0,0.0,0.0,0.0,0.0,0.0,0.0,0.0,0.0,0.0,0.0,0.0,0.0,0.0,0.0,0.0,0.0,0.712470763082025,0.0,0.0,0.0,0.0,0.0,0.0,0.0,0.0,0.0,0.0,0.0,0.0,0.0,0.0,0.0,0.0,0.0,0.0,0.0,0.0,0.0,0.0,0.0,0.0,0.0,0.7017017968861966,0.0,0.0,0.0,0.0
B09ZK6THRR,479.0,1000.0,52.0,521.0,0.521,-0.6005004170141784,0.1863839285714285,0,4.2,1559,7.352441100243583,30.88025262102305,2.016,0.4151785714285714,0,12,1,1,0.9166666666666666,0.6993,44,6,4,1.2,0.0,0.0,0.0,0,0.0,0.0,0.0,0.0,0.0,0.0,0.0,0.0,0.0,0.0,0.0,0.0,0.0,0.0,0.0,0.0,0.0,0.0,0.0,0.0,0.0,0.0,0.0,0.0,0.0,0.0,0.0,0.0,0.0,0.0,0.0,0.0,0.0,0.0,0.0,0.0,0.0,0.0,0.0,0.0,0.0,0.0,0.0,0.0,0.0,0.0,0.0,0.0,1.0,0.0
B07MP21WJD,245.0,299.0,18.0,54.0,0.1806020066889632,-0.7956630525437864,0.0825892857142857,0,4.1,1660,7.415175109613295,30.402217949414503,3.362,0.421875,0,11,1,0,0.9090909090909092,0.9714,32,5,4,0.0,0.0,0.0,0.0,4,0.0,0.0,0.0,0.0,0.0,0.0,0.0,0.0,0.0,0.0,0.0,0.7360748654134519,0.0,0.0,0.0,0.0,0.0,0.6769001348105707,0.0,0.0,0.0,0.0,0.0,0.0,0.0,0.0,0.0,0.0,0.0,0.0,0.0,0.0,0.0,0.0,0.0,0.0,0.0,0.0,0.0,0.0,0.0,0.0,0.0,0.0,0.0,0.0,0.0,0.0,0.0,0.0
B09XB1R2F3,179.0,799.0,78.0,620.0,0.7759699624530664,-0.8507089241034195,0.0256696428571428,0,3.5,132,4.890349128221754,17.116221948776136,0.7699999999999999,0.1116071428571428,0,25,0,0,0.92,0.9816,98,5,4,0.0,0.0,0.0,0.0,4,0.0,0.0,0.0,0.0,0.0,0.0,0.0,0.0,0.0,0.0,0.0,0.0,0.0,0.0,0.0,0.0,0.0,0.0,0.0,0.0,0.0,0.0,0.0,0.0,0.0,0.0,0.0,0.0,0.0,0.0,1.0,0.0,0.0,0.0,0.0,0.0,0.0,0.0,0.0,0.0,0.0,0.0,0.0,0.0,0.0,0.0,0.0,0.0,0.0,0.0
B08Y5QJXSR,3569.0,5190.0,31.0,1621.0,0.3123314065510597,1.976647206005004,0.8325892857142857,3,4.3,28629,10.262210398092162,44.12750471179629,2.967,0.9575892857142856,1,15,1,1,0.9333333333333332,0.8987,134,4,4,0.0,1.4,1.1,0.0,2,0.0,0.0,0.0,0.4436305792849523,0.0,0.0,0.0,0.0,0.0,0.0,0.0,0.0,0.0,0.0,0.0,0.0,0.0,0.0,0.0,0.0,0.0,0.0,0.0,0.0,0.0,0.0,0.0,0.0,0.0,0.0,0.0,0.0,0.0,0.8962097461662072,0.0,0.0,0.0,0.0,0.0,0.0,0.0,0.0,0.0,0.0,0.0,0.0,0.0,0.0,0.0,0.0
B07WJXCTG9,699.0,1345.0,48.0,646.0,0.4802973977695167,-0.4170141784820684,0.2935267857142857,2,3.9,8446,9.041566627727496,35.26210984813724,2.028,0.7834821428571429,0,29,1,1,0.8620689655172413,0.2838,210,5,4,1.2,0.0,0.0,0.0,0,0.0,0.0,0.0,0.0,0.0,0.0,0.0,0.0,0.0,0.0,0.0,0.0,0.0,0.0,0.0,0.5779255864532401,0.0,0.0,0.0,0.0,0.0,0.0,0.0,0.0,0.0,0.0,0.0,0.0,0.0,0.0,0.0,0.0,0.0,0.0,0.0,0.0,0.0,0.0,0.0,0.0,0.0,0.0,0.0,0.0,0.0,0.5761979113510886,0.5779255864532401,0.0,0.0,0.0
B09NBZ36F7,2089.0,4000.0,48.0,1911.0,0.47775,0.7422852376980817,0.6785714285714286,3,4.2,11199,9.323669057283183,39.15941004058938,2.184,0.8370535714285714,1,8,1,1,1.0,0.5467,56,4,4,1.2,0.0,1.1,0.0,0,0.0,0.0,0.0,0.4674859239452618,0.0,0.0,0.0,0.0,0.0,0.0,0.0,0.0,0.0,0.0,0.0,0.0,0.0,0.0,0.0,0.0,0.0,0.0,0.0,0.0,0.0,0.0,0.0,0.0,0.0,0.0,0.0,0.0,0.0,0.0,0.0,0.0,0.0,0.0,0.0,0.0,0.0,0.0,0.0,0.0,0.0,0.0,0.8840005152221604,0.0,0.0,0.0
B0912WJ87V,2339.0,4000.0,42.0,1661.0,0.41525,0.0,1.0,3,3.8,1118,7.020190708311925,26.676724691585317,2.204,1.0,0,28,1,1,0.9642857142857144,0.986,315,4,0,0.0,0.0,0.0,0.0,4,0.0,0.0,0.0,0.2996460405968631,0.0,0.0,0.0,0.0,0.0,0.0,0.0,0.0,0.0,0.0,0.0,0.0,0.0,0.0,0.0,0.0,0.5946689182710424,0.0,0.0,0.0,0.0,0.0,0.0,0.0,0.0,0.0,0.5772119531439266,0.0,0.0,0.0,0.0,0.4726600143282112,0.0,0.0,0.0,0.0,0.0,0.0,0.0,0.0,0.0,0.0,0.0,0.0,0.0,0.0
B0BMTZ4T1D,784.0,1599.0,51.0,815.0,0.5096935584740463,-0.3461217681401167,0.3303571428571428,2,4.5,11,2.4849066497880004,11.182079924046002,2.205,0.0223214285714285,0,9,1,1,0.8888888888888888,0.962,46,4,4,1.2,0.0,0.0,1.0,0,0.0,0.0,0.0,0.0,0.0,0.0,0.0,0.0,0.0,0.0,0.0,0.0,0.0,0.0,0.0,0.0,0.0,0.0,0.0,0.6832033121553999,0.0,0.0,0.0,0.0,0.0,0.0,0.0,0.0,0.0,0.0,0.0,0.0,0.0,0.0,0.0,0.0,0.0,0.0,0.0,0.0,0.0,0.0,0.0,0.0,0.0,0.0,0.6748942796730583,0.0,0.2788385653464655,0.0
B07Z51CGGH,5499.0,9999.0,45.0,4500.0,0.45004500450045,3.586321934945788,0.890625,3,3.8,4353,8.378850241794492,31.83963091881907,2.09,0.6450892857142857,0,28,1,1,0.9285714285714286,0.9703,156,6,4,0.0,0.0,0.0,0.0,4,0.0,0.0,0.0,0.0,0.0,0.0,0.0,0.0,0.0,0.0,0.0,0.0,0.0,0.0,0.0,0.0,0.0,0.0,0.0,0.0,0.0,0.0,0.0,0.0,0.0,0.0,0.0,0.0,0.0,0.0,0.0,0.0,0.0,0.0,0.0,0.0,0.0,0.0,0.0,0.0,0.0,0.0,0.0,0.702567083676497,0.0,0.0,0.0,0.7116175187095257,0.0,0.0
B0BDG6QDYD,899.0,1990.0,55.0,1091.0,0.5482412060301508,-0.250208507089241,0.3671875,2,4.1,185,5.225746673713202,21.425561362224126,1.845,0.1395089285714285,0,12,1,1,0.9166666666666666,0.886,208,4,4,1.2,0.0,0.0,0.0,0,0.0,0.0,0.0,0.0,0.0,0.0,0.0,0.0,0.0,0.0,0.0,0.0,0.0,0.0,0.0,0.0,0.0,0.0,0.0,0.6087316684800678,0.0,0.0,0.0,0.0,0.0,0.0,0.0,0.0,0.0,0.0,0.0,0.0,0.0,0.0,0.0,0.0,0.0,0.0,0.0,0.0,0.0,0.0,0.0,0.0,0.0,0.0,0.0,0.6185044673684037,0.4968882969388595,0.0
B00YQLG7GK,1695.0,1695.0,0.0,0.0,0.0,0.4136780650542118,0.6138392857142857,2,4.2,14290,9.567385247481797,40.18301803942354,4.2,0.8861607142857143,1,7,1,1,1.0,0.9769,154,4,4,0.0,0.0,1.1,0.0,3,0.0,0.0,0.0,0.0,0.0,0.0,0.0,0.0,0.0,0.0,0.0,0.0,0.0,0.0,0.0,0.0,0.0,0.0,0.0,0.0,0.0,0.0,0.0,0.0,0.0,0.0,0.0,0.0,0.0,0.0,0.0,0.0,0.0,0.0,0.0,0.0,0.0,0.0,0.0,0.0,0.0,0.0,0.0,0.0,0.0,0.0,0.0,0.0,1.0,0.0
B00SMJPA9C,499.0,940.0,47.0,441.0,0.4691489361702127,-0.5838198498748958,0.203125,0,4.1,3036,8.01862546504575,32.87636440668757,2.173,0.5580357142857143,0,14,1,0,0.8571428571428571,0.4754,37,6,4,1.2,0.0,0.0,0.0,0,0.0,0.0,0.0,0.0,0.0,0.0,0.0,0.0,0.0,0.0,0.0,0.0,0.0,0.0,0.0,0.0,0.0,1.0,0.0,0.0,0.0,0.0,0.0,0.0,0.0,0.0,0.0,0.0,0.0,0.0,0.0,0.0,0.0,0.0,0.0,0.0,0.0,0.0,0.0,0.0,0.0,0.0,0.0,0.0,0.0,0.0,0.0,0.0,0.0,0.0
B0B9RN5X8B,2699.0,4700.0,43.0,2001.0,0.4257446808510638,1.2510425354462051,0.7566964285714286,3,4.2,1296,7.167809184316444,30.104798574129067,2.394000000000001,0.3794642857142857,0,19,1,1,1.0,0.8442,217,4,4,0.0,0.0,0.0,0.0,4,0.0,0.0,0.0,0.0,0.5159363901665868,0.0,0.0,0.0,0.0,0.0,0.0,0.0,0.0,0.0,0.0,0.0,0.0,0.0,0.0,0.0,0.0,0.0,0.0,0.0,0.0,0.0,0.0,0.0,0.0,0.0,0.0,0.0,0.0,0.0,0.0,0.0,0.0,0.0,0.0,0.0,0.0,0.0,0.0,0.5286118298148446,0.0,0.5189963540027676,0.0,0.0,0.4301417896618596,0.0
B08QW937WV,1448.0,2999.0,52.0,1551.0,0.5171723907969323,0.20767306088407,0.5513392857142857,2,4.5,19,2.995732273553991,13.48079523099296,2.16,0.0334821428571428,0,28,1,1,0.8571428571428571,0.9421,48,4,4,1.2,0.0,0.0,1.0,0,0.0,0.0,0.0,0.0,0.0,0.0,0.0,0.0,0.0,0.0,0.0,0.0,0.0,0.0,0.0,0.3587444041959514,0.0,0.0,0.0,0.3631611239654039,0.0,0.0,0.0,0.0,0.0,0.0,0.0,0.0,0.0,0.3739314254984297,0.0,0.0,0.0,0.0,0.0,0.0,0.0,0.0,0.0,0.0,0.0,0.0,0.0,0.0,0.0,0.7153439171128395,0.0,0.0,0.2964368731663584,0.0
B0B4PPD89B,79.0,79.0,0.0,0.0,0.0,-0.9341117597998332,0.0022321428571428,0,4.0,97,4.584967478670572,18.33986991468229,4.0,0.0915178571428571,0,27,1,0,0.8888888888888888,0.5318,130,4,4,0.0,0.0,0.0,0.0,4,0.0,0.0,0.0,0.0,0.0,0.0,0.0,0.0,0.0,0.0,0.0,0.0,0.0,0.0,0.0,0.0,0.0,0.0,0.0,0.0,0.7095252378641598,0.0,0.0,0.0,0.0,0.0,0.0,0.0,0.0,0.7046800244322294,0.0,0.0,0.0,0.0,0.0,0.0,0.0,0.0,0.0,0.0,0.0,0.0,0.0,0.0,0.0,0.0,0.0,0.0,0.0,0.0
B08GM5S4CQ,6990.0,14290.0,51.0,7300.0,0.5108467459762072,4.829858215179316,0.9352678571428572,3,4.4,1771,7.479864131165026,32.91140217712612,2.156,0.4397321428571428,0,15,1,1,0.8666666666666667,0.9769,82,4,4,1.2,0.0,0.0,0.0,0,0.4109985957283992,0.0,0.0,0.0,0.4169480601907416,0.0,0.0,0.0,0.0,0.0,0.0,0.0,0.0,0.0,0.0,0.0,0.0,0.0,0.0,0.425857757208185,0.0,0.0,0.0,0.0,0.0,0.0,0.0,0.0,0.0,0.0,0.0,0.0,0.0,0.0,0.0,0.0,0.0,0.4232376741911486,0.0,0.0,0.0,0.0,0.0,0.0,0.0,0.4194209347738611,0.0,0.0,0.3476141404729727,0.0
B00NM6MO26,2698.0,3945.0,32.0,1247.0,0.3160963244613434,1.250208507089241,0.7522321428571429,3,4.0,15034,9.61813609542263,38.47254438169052,2.72,0.8995535714285714,1,12,1,1,0.9166666666666666,0.8915,55,4,4,0.0,0.0,1.1,0.0,3,0.0,0.0,0.0,1.0,0.0,0.0,0.0,0.0,0.0,0.0,0.0,0.0,0.0,0.0,0.0,0.0,0.0,0.0,0.0,0.0,0.0,0.0,0.0,0.0,0.0,0.0,0.0,0.0,0.0,0.0,0.0,0.0,0.0,0.0,0.0,0.0,0.0,0.0,0.0,0.0,0.0,0.0,0.0,0.0,0.0,0.0,0.0,0.0,0.0,0.0
B083M7WPZD,3199.0,5999.0,47.0,2800.0,0.4667444574095682,1.6680567139282736,0.7991071428571429,3,4.0,3242,8.084254106307318,32.33701642522927,2.12,0.5803571428571429,0,16,1,1,0.9375,0.5367,69,6,4,1.2,0.0,0.0,0.0,0,0.6536298609563485,0.0,0.0,0.3538000694087383,0.0,0.0,0.0,0.0,0.0,0.0,0.0,0.0,0.0,0.0,0.0,0.0,0.0,0.0,0.0,0.0,0.0,0.0,0.0,0.0,0.0,0.0,0.0,0.0,0.0,0.0,0.0,0.0,0.0,0.0,0.0,0.0,0.0,0.0,0.0,0.0,0.0,0.0,0.0,0.0,0.0,0.0,0.6690243013168928,0.0,0.0,0.0
B07GLSKXS1,1199.0,1950.0,39.0,751.0,0.3851282051282051,0.0,0.4899553571428571,2,3.9,2832,7.949091499830517,31.00145684933901,2.379,0.546875,0,28,1,0,1.0,0.8504,94,5,4,0.0,0.0,0.0,0.0,4,0.0,0.0,0.0,0.0,0.0,0.0,0.0,0.0,0.0,0.0,0.0,0.0,0.0,0.0,0.0,0.708164497310659,0.0,0.0,0.0,0.0,0.0,0.0,0.0,0.0,0.0,0.0,0.0,0.0,0.0,0.0,0.0,0.0,0.0,0.0,0.0,0.0,0.0,0.0,0.0,0.0,0.0,0.0,0.0,0.0,0.0,0.7060474805200722,0.0,0.0,0.0,0.0
B09F6KL23R,1414.0,2799.0,49.0,1385.0,0.4948195784208646,0.1793160967472894,0.546875,2,4.0,1498,7.312553498102598,29.25021399241039,2.04,0.40625,0,28,1,0,0.9285714285714286,0.9531,148,4,4,1.2,0.0,0.0,0.0,0,0.0,0.0,0.0,0.0,0.0,0.0,0.0,0.0,0.0,0.0,0.0,0.0,0.0,0.0,0.0,0.697081112576441,0.0,0.0,0.0,0.0,0.0,0.0,0.0,0.0,0.0,0.0,0.0,0.0,0.0,0.0,0.0,0.0,0.0,0.0,0.0,0.0,0.0,0.0,0.0,0.0,0.0,0.0,0.0,0.0,0.0,0.0,0.0,0.7169922750554507,0.0,0.0
B094G9L9LT,999.0,1950.0,49.0,951.0,0.4876923076923077,-0.1668056713928273,0.4118303571428571,2,3.8,305,5.723585101952381,21.74962338741905,1.938,0.1897321428571428,0,24,1,0,0.9166666666666666,-0.9104,90,5,4,1.2,0.0,0.0,0.0,0,0.0,0.0,0.0,0.0,0.0,0.0,0.0,0.0,0.0,0.0,0.0,0.0,0.0,0.0,0.0,0.7016543325603032,0.0,0.0,0.0,0.0,0.0,0.0,0.0,0.0,0.0,0.0,0.0,0.0,0.0,0.0,0.0,0.0,0.0,0.0,0.0,0.0,0.0,0.0,0.0,0.0,0.0,0.0,0.0,0.7125175068721861,0.0,0.0,0.0,0.0,0.0,0.0
B09FZ89DK6,5999.0,9999.0,40.0,4000.0,0.4000400040004,4.003336113427856,0.9017857142857144,3,4.2,1191,7.083387847625295,29.75022896002624,2.52,0.3705357142857143,0,20,1,1,0.9,0.9937,203,6,4,0.0,0.0,0.0,0.0,4,0.0,0.0,0.0,0.0,0.0,0.0,0.0,0.0,0.0,0.0,0.0,0.0,0.0,0.0,0.0,0.0,0.0,0.0,0.0,0.0,0.0,0.0,0.0,0.0,0.0,0.0,0.0,0.0,0.0,0.0,0.0,0.0,0.0,0.0,0.0,0.0,0.0,0.0,0.0,0.0,0.0,0.0,0.0,0.702567083676497,0.0,0.0,0.0,0.7116175187095257,0.0,0.0
B0811VCGL5,9970.0,12999.0,23.0,3029.0,0.2330179244557273,7.315262718932444,0.9799107142857144,1,4.3,4049,8.306472160100585,35.71783028843251,3.311,0.6272321428571429,0,33,1,1,0.8787878787878788,0.9977,82,4,4,0.0,1.4,0.0,0.0,2,0.0,0.0,0.0,0.0,0.0,0.0,0.0,0.0,0.0,0.0,0.0,0.0,0.0,0.0,0.0,0.0,0.0,0.0,0.0,0.0,0.0,0.0,0.0,0.0,0.0,0.0,0.0,0.0,0.0,0.0,0.0,0.0,0.0,0.0,0.0,0.0,0.0,0.0,0.0,0.0,0.0,0.0,0.0,0.0,0.0,0.0,0.0,0.0,1.0,0.0
B07FXLC2G2,698.0,699.0,0.0,1.0,0.0014306151645207,-0.4178482068390325,0.2857142857142857,2,4.2,3160,8.058643712215618,33.8463035913056,4.2,0.5658482142857143,0,11,1,1,1.0,0.6542,65,4,4,0.0,0.0,0.0,0.0,4,0.0,0.0,0.0,0.0,0.0,0.0,0.0,0.0,0.0,0.0,0.0,0.0,0.0,0.0,0.0,0.0,0.0,0.0,0.0,0.0,0.0,0.0,0.0,0.0,0.0,0.0,0.0,0.0,0.0,0.0,0.0,0.0,0.0,0.0,0.0,0.0,0.0,0.0,0.0,0.0,0.0,0.0,0.0,0.0,0.0,0.0,0.0,0.0,1.0,0.0
B01LYU3BZF,2199.0,3190.0,31.0,991.0,0.3106583072100313,0.8340283569641368,0.6964285714285714,3,4.3,9650,9.174816815907135,39.45171230840068,2.967,0.8058035714285714,0,8,1,1,1.0,0.9883,44,4,4,0.0,1.4,1.1,0.0,2,0.0,0.0,0.0,0.0,0.0,0.0,0.0,0.0,0.0,0.0,0.0,0.0,0.0,0.0,0.0,0.0,0.0,0.0,0.0,0.0,0.0,0.0,0.0,0.0,0.0,0.0,0.0,0.0,0.0,0.0,0.0,0.0,0.0,0.0,0.0,0.0,0.0,0.0,0.0,0.0,0.0,0.0,0.0,0.0,0.0,0.0,0.0,0.0,0.0,0.0
B083RC4WFJ,320.0,799.0,60.0,479.0,0.5994993742177722,-0.7331109257714762,0.125,0,4.2,3846,8.255048902752295,34.67120539155964,1.6800000000000002,0.6160714285714286,0,16,1,1,0.875,0.9838,107,4,4,1.2,0.0,0.0,0.0,0,0.0,0.0,0.0,1.0,0.0,0.0,0.0,0.0,0.0,0.0,0.0,0.0,0.0,0.0,0.0,0.0,0.0,0.0,0.0,0.0,0.0,0.0,0.0,0.0,0.0,0.0,0.0,0.0,0.0,0.0,0.0,0.0,0.0,0.0,0.0,0.0,0.0,0.0,0.0,0.0,0.0,0.0,0.0,0.0,0.0,0.0,0.0,0.0,0.0,0.0
B09SFRNKSR,298.0,499.0,40.0,201.0,0.4028056112224449,-0.7514595496246872,0.1116071428571428,0,4.4,290,5.673323267171493,24.96262237555457,2.64,0.1774553571428571,0,35,1,0,0.9142857142857144,0.989,350,5,4,0.0,0.0,0.0,0.0,4,0.0,0.0,0.0,0.0,0.0,0.0,0.0,0.0,0.0,0.0,0.0,0.0,0.0,0.0,0.0,0.0,0.0,0.0,0.0,0.0,0.0,0.0,0.0,0.0,0.0,0.0,0.0,0.0,0.0,0.0,0.0,0.0,0.0,0.0,0.0,0.0,0.0,0.0,0.0,0.0,0.0,0.0,0.0,0.0,0.0,0.0,0.0,0.0,0.0,0.0
B07NRTCDS5,1199.0,1499.0,20.0,300.0,0.200133422281521,0.0,0.4899553571428571,2,3.8,2206,7.699389406256737,29.2576797437756,3.04,0.4888392857142857,0,18,1,1,0.8333333333333334,0.9092,146,4,4,0.0,0.0,0.0,0.0,4,0.0,0.0,0.7020075245502077,0.0,0.712169527201838,0.0,0.0,0.0,0.0,0.0,0.0,0.0,0.0,0.0,0.0,0.0,0.0,0.0,0.0,0.0,0.0,0.0,0.0,0.0,0.0,0.0,0.0,0.0,0.0,0.0,0.0,0.0,0.0,0.0,0.0,0.0,0.0,0.0,0.0,0.0,0.0,0.0,0.0,0.0,0.0,0.0,0.0,0.0,0.0,0.0
B07SPVMSC6,1399.0,2660.0,47.0,1261.0,0.4740601503759398,0.1668056713928273,0.5368303571428571,2,4.1,9349,9.143131622282732,37.4868396513592,2.173,0.8013392857142857,0,7,1,0,1.0,0.9601,60,4,4,1.2,0.0,1.1,0.0,0,0.0,0.0,0.0,0.0,0.0,0.0,0.0,0.0,0.0,0.0,0.0,0.0,0.0,0.0,0.0,0.0,0.0,0.0,0.0,0.0,0.0,0.0,0.0,0.0,0.0,0.0,0.0,0.0,0.0,0.0,0.0,0.0,0.0,0.0,0.0,0.0,0.0,0.0,0.0,0.0,0.0,0.0,0.0,0.0,0.0,0.0,0.0,0.0,0.0,0.0
B09H3BXWTK,599.0,2799.0,79.0,2200.0,0.7859949982136477,-0.5004170141784821,0.2354910714285714,2,3.9,578,6.361302477572996,24.80907966253468,0.8189999999999998,0.2611607142857143,0,32,1,0,0.96875,0.8652,98,4,4,1.2,0.0,0.0,0.0,0,0.4859699019233816,0.0,0.4859699019233816,0.0,0.0,0.0,0.0,0.0,0.0,0.0,0.0,0.0,0.0,0.0,0.0,0.0,0.0,0.0,0.0,0.0,0.5220379767832048,0.0,0.0,0.0,0.0,0.0,0.0,0.0,0.0,0.0,0.0,0.0,0.0,0.0,0.0,0.0,0.0,0.0,0.0,0.0,0.0,0.0,0.0,0.5051166792388225,0.0,0.0,0.0,0.0,0.0,0.0
B0073QGKAS,1499.0,1499.0,0.0,0.0,0.0,0.250208507089241,0.5770089285714286,2,4.3,9331,9.14120463314132,39.30717992250768,4.3,0.7991071428571429,0,7,1,1,1.0,0.9498,68,4,4,0.0,1.4,1.1,0.0,2,0.0,0.0,0.0,0.0,0.0,0.0,0.0,0.0,0.0,0.0,0.0,0.0,0.0,0.0,0.0,0.0,0.0,0.0,0.0,0.0,0.0,0.0,0.0,0.0,0.0,0.0,0.0,0.0,0.0,0.0,0.0,0.0,0.0,0.0,0.0,0.0,0.0,0.0,0.0,0.0,0.0,0.0,0.0,0.0,0.0,0.0,0.7708743826987915,0.0,0.6369871946112865,0.0
B08GJ57MKL,14400.0,59900.0,76.0,45500.0,0.7595993322203672,11.01000834028357,0.9888392857142856,1,4.4,3837,8.252706676567644,36.31190937689764,1.056,0.6116071428571429,0,28,1,0,0.9642857142857144,0.9982,1,4,4,1.2,0.0,0.0,0.0,0,0.0,0.0,0.0,0.0,0.0,0.0,0.0,0.0,0.0,0.0,0.0,0.0,0.0,0.0,0.0,0.0,0.0,0.0,0.0,0.0,0.7186581129753028,0.0,0.0,0.0,0.0,0.0,0.0,0.0,0.0,0.0,0.0,0.0,0.0,0.0,0.0,0.0,0.0,0.0,0.0,0.0,0.0,0.0,0.0,0.6953635859424744,0.0,0.0,0.0,0.0,0.0,0.0
B009DA69W6,1699.0,1900.0,11.0,201.0,0.1057894736842105,0.4170141784820684,0.6205357142857143,2,3.6,11456,9.346356175893623,33.64688223321705,3.204,0.84375,1,24,1,1,1.0,0.8671,110,4,4,0.0,0.0,0.0,0.0,4,0.0,0.0,0.0,0.0,0.0,0.0,0.0,0.0,0.0,0.0,0.0,0.0,0.0,0.0,0.0,0.5206473002832749,0.0,0.0,0.0,0.0,0.0,0.0,0.0,0.0,0.0,0.0,0.0,0.0,0.0,0.0,0.0,0.0,0.0,0.0,0.0,0.0,0.0,0.5238145931151827,0.0,0.0,0.0,0.0,0.0,0.0,0.0,0.519090855303529,0.0,0.0,0.4302201119050149,0.0
B099PR2GQJ,649.0,999.0,35.0,350.0,0.3503503503503503,-0.4587155963302752,0.2622767857142857,2,3.8,49,3.912023005428146,14.865687420626951,2.47,0.0535714285714285,0,9,1,0,0.8888888888888888,0.9001,56,4,4,0.0,0.0,0.0,0.0,4,0.0,0.0,0.0,0.0,0.0,0.0,0.0,0.0,0.0,0.0,0.0,0.0,0.0,0.0,0.0,0.0,0.0,0.0,0.0,0.0,1.0,0.0,0.0,0.0,0.0,0.0,0.0,0.0,0.0,0.0,0.0,0.0,0.0,0.0,0.0,0.0,0.0,0.0,0.0,0.0,0.0,0.0,0.0,0.0,0.0,0.0,0.0,0.0,0.0,0.0
B08G8H8DPL,3249.0,6375.0,49.0,3126.0,0.4903529411764706,1.7097581317764805,0.8102678571428571,3,4.0,4978,8.512984346642183,34.05193738656873,2.04,0.6785714285714286,0,12,1,1,0.9166666666666666,0.9753,29,4,4,1.2,0.0,0.0,0.0,0,0.0,0.0,0.0,0.0,0.0,0.0,0.0,0.0,0.0,0.0,0.0,0.0,0.0,0.0,0.0,0.0,0.0,0.0,0.0,0.0,0.0,0.0,0.0,0.0,0.0,0.0,0.0,0.0,0.0,0.0,0.0,0.7617424626389607,0.0,0.0,0.0,0.0,0.0,0.0,0.0,0.0,0.0,0.0,0.0,0.0,0.0,0.0,0.0,0.0,0.6478799430548314,0.0
B08VGM3YMF,199.0,499.0,60.0,300.0,0.6012024048096193,-0.8340283569641368,0.0491071428571428,0,4.1,1996,7.599401333415815,31.15754546700484,1.64,0.46875,0,27,1,1,0.925925925925926,0.9227,99,4,4,1.2,0.0,0.0,0.0,0,0.0,0.0,0.0,0.2884037353702978,0.0,0.0,0.0,0.0,0.0,0.0,0.0,0.0,0.0,0.0,0.0,0.0,0.0,0.5158442971808245,0.0,0.0,0.5723577624999274,0.0,0.0,0.0,0.0,0.0,0.0,0.0,0.0,0.5684492397712896,0.0,0.0,0.0,0.0,0.0,0.0,0.0,0.0,0.0,0.0,0.0,0.0,0.0,0.0,0.0,0.0,0.0,0.0,0.0,0.0
B08TTRVWKY,1099.0,1899.0,42.0,800.0,0.421274354923644,-0.0834028356964136,0.4486607142857143,2,4.3,1811,7.502186486602924,32.259401892392574,2.494,0.4486607142857143,0,14,1,1,0.7857142857142857,0.9852,82,4,4,0.0,0.0,0.0,0.0,4,0.0,0.0,0.0,0.0,0.0,0.0,0.0,0.0,0.0,0.0,0.0,0.0,0.0,0.0,0.0,0.0,0.0,0.5812144541621148,0.0,0.0,0.0,0.0,0.0,0.0,0.0,0.0,0.0,0.0,0.0,0.0,0.0,0.0,0.0,0.0,0.0,0.5125768335278454,0.0,0.0,0.0,0.0,0.0,0.0,0.0,0.0,0.0,0.0,0.0,0.6320243254840768,0.0,0.0
B07T4D9FNY,664.0,1490.0,55.0,826.0,0.5543624161073826,-0.4462051709758132,0.2734375,2,4.0,2198,7.695757990554761,30.783031962219045,1.7999999999999998,0.4866071428571428,0,14,1,1,0.9285714285714286,0.915,15,5,4,1.2,0.0,0.0,0.0,0,0.0,0.0,0.0,0.4674859239452618,0.0,0.0,0.0,0.0,0.0,0.0,0.0,0.0,0.0,0.0,0.0,0.8840005152221604,0.0,0.0,0.0,0.0,0.0,0.0,0.0,0.0,0.0,0.0,0.0,0.0,0.0,0.0,0.0,0.0,0.0,0.0,0.0,0.0,0.0,0.0,0.0,0.0,0.0,0.0,0.0,0.0,0.0,0.0,0.0,0.0,0.0,0.0
B07RX42D3D,260.0,350.0,26.0,90.0,0.2571428571428571,-0.7831526271893244,0.09375,0,3.9,13127,9.482502632769927,36.98176026780271,2.886,0.8638392857142857,1,7,1,1,1.0,-0.673,19,4,4,0.0,0.0,0.0,0.0,4,0.0,0.0,0.0,1.0,0.0,0.0,0.0,0.0,0.0,0.0,0.0,0.0,0.0,0.0,0.0,0.0,0.0,0.0,0.0,0.0,0.0,0.0,0.0,0.0,0.0,0.0,0.0,0.0,0.0,0.0,0.0,0.0,0.0,0.0,0.0,0.0,0.0,0.0,0.0,0.0,0.0,0.0,0.0,0.0,0.0,0.0,0.0,0.0,0.0,0.0
B08WRKSF9D,6499.0,8500.0,24.0,2001.0,0.2354117647058823,4.420350291909925,0.9207589285714286,3,4.4,5865,8.676928249537397,38.17848429796455,3.3440000000000003,0.703125,0,16,1,1,0.9375,0.9612,142,4,4,0.0,1.4,0.0,0.0,2,0.0,0.0,0.0,0.0,0.0,0.0,0.0,0.0,0.0,0.0,0.0,0.0,0.0,0.0,0.0,0.0,0.0,0.0,0.0,0.5252963659529724,0.0,0.0,0.0,0.0,0.0,0.0,0.0,0.0,0.0,0.0,0.0,0.0,0.0,0.0,0.0,0.0,0.0,0.5220644884914296,0.0,0.0,0.0,0.0,0.0,0.0,0.0,0.5173565330491375,0.0,0.0,0.4287827136023086,0.0
B09R83SFYV,1484.0,2499.0,41.0,1015.0,0.4061624649859944,0.237698081734779,0.5647321428571429,2,3.7,1067,6.97354301952014,25.80210917222452,2.1830000000000003,0.3504464285714285,0,24,0,0,0.9166666666666666,0.8844,29,4,4,0.0,0.0,0.0,0.0,4,0.0,0.6900946284922373,0.0,0.0,0.0,0.0,0.0,0.0,0.0,0.0,0.0,0.0,0.0,0.0,0.0,0.0,0.0,0.0,0.0,0.0,0.0,0.0,0.0,0.0,0.0,0.0,0.0,0.0,0.7237191469943025,0.0,0.0,0.0,0.0,0.0,0.0,0.0,0.0,0.0,0.0,0.0,0.0,0.0,0.0,0.0,0.0,0.0,0.0,0.0,0.0,0.0
B07989VV5K,999.0,1560.0,36.0,561.0,0.3596153846153846,-0.1668056713928273,0.4118303571428571,2,3.6,4881,8.493310250952906,30.57591690343046,2.3040000000000003,0.671875,0,21,1,1,0.9047619047619048,0.2644,114,6,4,0.0,0.0,0.0,0.0,4,0.0,0.0,0.0,0.0,0.6136089931580756,0.0,0.0,0.0,0.0,0.0,0.0,0.0,0.0,0.0,0.0,0.0,0.0,0.0,0.0,0.0,0.0,0.0,0.0,0.0,0.0,0.0,0.0,0.0,0.0,0.0,0.0,0.6014794907248168,0.0,0.0,0.0,0.0,0.0,0.0,0.0,0.0,0.0,0.0,0.0,0.0,0.0,0.0,0.0,0.0,0.511572502928908,0.0
B07FL3WRX5,3299.0,6500.0,49.0,3201.0,0.4924615384615384,1.7514595496246872,0.8203125,3,3.7,11217,9.325274910068282,34.503517167252646,1.887,0.8415178571428571,1,38,1,1,0.9736842105263158,0.9976,230,4,4,0.0,0.0,0.0,0.0,4,0.0,0.0,0.0,0.461888336357741,0.0,0.0,0.0,0.0,0.0,0.0,0.0,0.0,0.0,0.0,0.0,0.0,0.0,0.0,0.0,0.0,0.0,0.0,0.0,0.0,0.0,0.0,0.0,0.0,0.0,0.0,0.0,0.0,0.0,0.0,0.0,0.0,0.0,0.0,0.0,0.0,0.0,0.0,0.0,0.8869380839363469,0.0,0.0,0.0,0.0,0.0,0.0
B0BPCJM7TB,259.0,999.0,74.0,740.0,0.7407407407407407,-0.7839866555462885,0.0915178571428571,0,4.0,43,3.784189633918261,15.136758535673044,1.04,0.0513392857142857,0,24,0,0,0.875,0.9919,132,4,4,1.2,0.0,0.0,0.0,0,0.0,0.0,0.0,0.0,0.0,0.0,0.0,0.0,0.0,0.0,0.0,0.0,0.0,0.0,0.0,1.0,0.0,0.0,0.0,0.0,0.0,0.0,0.0,0.0,0.0,0.0,0.0,0.0,0.0,0.0,0.0,0.0,0.0,0.0,0.0,0.0,0.0,0.0,0.0,0.0,0.0,0.0,0.0,0.0,0.0,0.0,0.0,0.0,0.0,0.0
B08H673XKN,3249.0,7795.0,58.0,4546.0,0.5831943553559974,1.7097581317764805,0.8102678571428571,3,4.2,4664,8.447843113281444,35.48094107578206,1.7640000000000002,0.6607142857142857,0,12,1,1,0.9166666666666666,0.9946,114,4,4,1.2,0.0,0.0,0.0,0,0.0,0.0,0.0,1.0,0.0,0.0,0.0,0.0,0.0,0.0,0.0,0.0,0.0,0.0,0.0,0.0,0.0,0.0,0.0,0.0,0.0,0.0,0.0,0.0,0.0,0.0,0.0,0.0,0.0,0.0,0.0,0.0,0.0,0.0,0.0,0.0,0.0,0.0,0.0,0.0,0.0,0.0,0.0,0.0,0.0,0.0,0.0,0.0,0.0,0.0
B07DXRGWDJ,4280.0,5995.0,29.0,1715.0,0.2860717264386989,2.569641367806505,0.8638392857142857,3,3.8,2112,7.655864017616056,29.092283266941013,2.698,0.4754464285714285,0,15,1,0,0.8666666666666667,0.9154,77,6,4,0.0,0.0,0.0,0.0,4,0.0,0.0,0.0,0.0,0.0,0.0,0.0,0.0,0.0,0.0,0.0,0.0,0.0,0.0,0.0,0.0,0.0,0.0,0.0,0.0,0.0,0.0,0.0,0.0,0.0,0.0,0.0,0.0,0.0,0.0,0.0,0.0,0.0,0.0,0.0,0.0,0.0,0.0,0.0,0.0,0.0,0.0,0.0,0.0,0.0,0.0,1.0,0.0,0.0,0.0
B08243SKCK,189.0,299.0,37.0,110.0,0.3678929765886287,-0.8423686405337781,0.0334821428571428,0,4.2,2737,7.914983005848394,33.242928624563255,2.6460000000000004,0.5368303571428571,0,21,1,0,0.8571428571428571,0.9279,279,5,4,0.0,0.0,0.0,0.0,4,0.0,0.0,0.0,0.0,0.0,0.0,0.0,0.0,0.0,0.0,0.0,0.0,0.0,0.0,0.0,0.0,0.0,0.0,0.0,0.0,0.0,0.0,0.0,0.0,0.0,0.0,0.0,0.0,0.0,1.0,0.0,0.0,0.0,0.0,0.0,0.0,0.0,0.0,0.0,0.0,0.0,0.0,0.0,0.0,0.0,0.0,0.0,0.0,0.0,0.0
B09SPTNG58,1449.0,2349.0,38.0,900.0,0.3831417624521073,0.2085070892410342,0.5546875,2,3.9,9019,9.10719961305667,35.51807849092101,2.418,0.7946428571428571,0,17,1,0,0.9411764705882352,0.7615,91,4,4,0.0,0.0,0.0,0.0,4,0.0,0.0,0.0,0.0,0.0,0.0,0.0,0.0,0.0,0.0,0.0,0.0,0.0,0.0,0.0,0.0,0.0,0.0,0.0,0.0,0.0,0.0,0.0,0.0,0.0,0.0,0.0,0.0,0.0,0.5823700392847204,0.0,0.0,0.0,0.0,0.0,0.0,0.5904913271779031,0.0,0.0,0.0,0.0,0.5587173971438438,0.0,0.0,0.0,0.0,0.0,0.0,0.0,0.0
B083J64CBB,199.0,499.0,60.0,300.0,0.6012024048096193,-0.8340283569641368,0.0491071428571428,0,4.0,10234,9.23356849809539,36.93427399238156,1.6,0.8191964285714286,1,23,1,0,0.9130434782608696,0.5243,96,4,4,1.2,0.0,1.1,0.0,0,0.0,0.0,0.0,0.0,0.0,0.0,0.0,0.0,0.0,0.0,0.0,0.0,0.0,0.0,0.0,0.0,0.0,0.0,0.0,0.0,0.0,0.0,0.0,0.0,0.0,0.0,0.0,0.0,0.0,1.0,0.0,0.0,0.0,0.0,0.0,0.0,0.0,0.0,0.0,0.0,0.0,0.0,0.0,0.0,0.0,0.0,0.0,0.0,0.0,0.0
B08JV91JTK,474.0,1299.0,64.0,825.0,0.6351039260969977,-0.6046705587989991,0.1808035714285714,0,4.1,550,6.311734809152915,25.87811271752695,1.4759999999999998,0.2511160714285714,0,31,1,1,0.8387096774193549,0.9866,56,4,4,1.2,0.0,0.0,0.0,0,0.0,0.0,0.0,0.0,0.0,0.0,0.0,0.0,0.0,0.0,0.0,0.0,0.0,0.0,0.0,0.4032162066290555,0.0,0.0,0.0,0.0,0.0,0.0,0.0,0.0,0.0,0.0,0.0,0.0,0.0,0.0,0.0,0.0,0.0,0.0,0.0,0.0,0.8522937506838792,0.0,0.0,0.0,0.0,0.0,0.0,0.0,0.0,0.0,0.0,0.0,0.3331847134201695,0.0
B0BQ3K23Y1,279.0,499.0,44.0,220.0,0.4408817635270541,-0.7673060884070059,0.0982142857142857,0,4.8,28,3.367295829986474,16.163019983935076,2.688,0.0424107142857142,0,34,1,0,1.0,0.9996,195,4,4,0.0,0.0,0.0,1.0,1,0.0,0.0,0.0,0.0,0.0,0.0,0.0,0.0,0.0,0.0,0.0,0.0,0.0,0.0,0.0,0.9692533568593944,0.0,0.0,0.0,0.0,0.0,0.0,0.0,0.0,0.0,0.0,0.0,0.0,0.0,0.0,0.0,0.0,0.0,0.0,0.0,0.0,0.0,0.0,0.0,0.0,0.0,0.0,0.0,0.2460648902561999,0.0,0.0,0.0,0.0,0.0,0.0
B09MT94QLL,1999.0,4775.0,58.0,2776.0,0.5813612565445027,0.6672226855713094,0.6640625,2,4.2,1353,7.21081845347222,30.285437504583328,1.7640000000000002,0.3861607142857143,0,11,1,1,1.0,0.6891,20,4,4,1.2,0.0,0.0,0.0,0,0.0,0.0,0.0,0.0,0.0,0.0,0.0,0.0,0.0,0.0,0.0,0.0,0.0,0.0,0.0,0.0,0.0,0.0,0.0,0.0,0.0,0.0,0.0,0.0,0.0,0.0,0.0,0.0,0.0,0.0,0.0,0.0,0.0,0.0,0.0,0.0,0.0,0.0,0.0,0.0,0.0,0.0,0.0,0.0,0.0,0.0,0.0,0.0,0.0,0.0
B07NKNBTT3,799.0,1230.0,35.0,431.0,0.3504065040650406,-0.3336113427856547,0.3392857142857143,2,4.1,2138,7.668093709082406,31.43918420723786,2.665,0.4799107142857143,0,25,1,0,0.8,0.9968,170,5,4,0.0,0.0,0.0,0.0,4,0.0,0.0,0.0,0.0,0.0,0.0,0.0,0.0,0.0,0.0,0.0,0.0,0.0,0.0,0.0,0.0,0.0,0.0,0.0,0.0,0.0,0.0,0.0,0.0,0.0,0.0,0.0,0.0,0.0,0.0,0.0,0.0,0.0,0.0,0.0,0.0,0.0,0.0,0.0,0.0,0.0,0.0,0.0,0.0,0.0,0.0,0.0,0.0,0.0,0.0
B09KPXTZXN,949.0,1999.0,53.0,1050.0,0.5252626313156579,-0.2085070892410342,0.3850446428571428,2,4.0,1679,7.426549072397305,29.70619628958922,1.88,0.4285714285714285,0,28,1,0,0.9642857142857144,0.9783,213,4,4,1.2,0.0,0.0,0.0,0,0.4390150068309496,0.0,0.0,0.0,0.0,0.0,0.0,0.0,0.0,0.0,0.0,0.0,0.0,0.0,0.0,0.4493547889366119,0.0,0.0,0.0,0.0,0.0,0.0,0.0,0.0,0.0,0.0,0.0,0.0,0.0,0.0,0.0,0.0,0.0,0.0,0.0,0.0,0.0,0.0,0.0,0.0,0.0,0.0,0.0,0.4563118034857642,0.0,0.0,0.0,0.4621899899653256,0.0,0.4283760598030373
B078HG2ZPS,3657.66,5156.0,29.0,1498.34,0.2906012412723041,2.0505921601334443,0.8482142857142857,3,3.9,12837,9.460164801871723,36.89464272729972,2.769,0.8571428571428571,1,17,1,1,0.9411764705882352,0.8966,87,5,4,0.0,0.0,0.0,0.0,4,0.0,0.0,0.0,0.0,0.0,0.0,0.0,0.0,0.0,0.0,0.0,0.0,0.0,0.0,0.0,0.0,0.0,0.0,0.0,0.0,0.0,0.0,0.0,0.0,0.0,0.0,0.0,0.0,0.0,0.0,0.0,0.0,0.0,0.0,0.0,0.7104440941868765,0.0,0.0,0.0,0.0,0.0,0.0,0.0,0.0,0.0,0.0,0.0,0.0,0.7037536422889678,0.0
B07N2MGB3G,1699.0,1999.0,15.0,300.0,0.1500750375187594,0.4170141784820684,0.6205357142857143,2,4.1,8873,9.090880931938855,37.2726118209493,3.4849999999999994,0.7879464285714286,0,11,1,1,1.0,0.9965,33,4,4,0.0,0.0,1.1,0.0,3,0.0,0.0,0.0,1.0,0.0,0.0,0.0,0.0,0.0,0.0,0.0,0.0,0.0,0.0,0.0,0.0,0.0,0.0,0.0,0.0,0.0,0.0,0.0,0.0,0.0,0.0,0.0,0.0,0.0,0.0,0.0,0.0,0.0,0.0,0.0,0.0,0.0,0.0,0.0,0.0,0.0,0.0,0.0,0.0,0.0,0.0,0.0,0.0,0.0,0.0
B008LN8KDM,1849.0,2095.0,12.0,246.0,0.1174224343675417,0.5421184320266889,0.6450892857142857,2,4.3,7681,8.94663520890585,38.47053139829515,3.784,0.7566964285714286,0,7,1,0,1.0,0.9745,143,6,4,0.0,1.4,1.1,0.0,2,0.0,0.0,0.0,0.0,0.0,0.0,0.0,0.0,0.0,0.0,0.0,0.0,0.0,0.0,0.0,0.0,0.0,0.0,0.0,0.0,0.0,0.0,0.0,0.0,0.0,0.0,0.0,0.0,0.0,0.0,0.0,0.0,0.0,0.0,0.0,0.0,0.0,0.0,0.0,0.0,0.0,0.0,0.0,0.0,0.0,0.0,1.0,0.0,0.0,0.0
B08MZNT7GP,12499.0,19825.0,37.0,7326.0,0.3695334174022698,9.424520433694743,0.9821428571428572,1,4.1,322,5.777652323222656,23.68837452521289,2.583,0.1986607142857142,0,12,1,1,0.9166666666666666,0.9579,48,4,4,0.0,0.0,0.0,0.0,4,0.0,0.0,0.0,0.3440655842268603,0.0,0.0,0.0,0.0,0.0,0.0,0.0,0.0,0.0,0.0,0.0,0.0,0.0,0.0,0.0,0.6586268464320209,0.0,0.0,0.0,0.0,0.0,0.0,0.0,0.0,0.0,0.0,0.0,0.0,0.0,0.0,0.0,0.0,0.0,0.0,0.0,0.0,0.0,0.0,0.0,0.0,0.0,0.0,0.0,0.6692006805956197,0.0,0.0
B009P2L7CO,1099.0,1920.0,43.0,821.0,0.4276041666666667,-0.0834028356964136,0.4486607142857143,2,4.2,9772,9.187378760338836,38.58699079342311,2.394000000000001,0.8125,0,16,1,0,0.875,0.765,32,6,4,0.0,0.0,1.1,0.0,3,0.0,0.0,0.0,0.0,0.0,0.0,0.0,0.0,0.0,0.0,0.0,0.0,0.0,0.0,0.0,0.0,0.0,0.0,0.0,0.0,0.0,0.0,0.0,0.0,0.0,0.0,0.0,0.0,0.0,0.0,0.0,0.0,0.0,0.0,0.0,0.0,0.0,0.0,0.0,0.0,0.0,0.0,0.0,0.0,0.0,0.0,0.0,0.0,0.0,0.0
B07YC8JHMB,8199.0,16000.0,49.0,7801.0,0.4875625,5.838198498748957,0.9508928571428572,1,3.9,18497,9.825417897114203,38.3191297987454,1.989,0.9308035714285714,1,15,1,0,0.8,-0.7558,185,4,4,1.2,0.0,0.0,0.0,0,0.0,0.0,0.0,0.0,0.0,0.0,0.0,0.0,0.0,0.0,0.0,0.0,0.0,0.0,0.0,0.0,0.0,0.3899727100016023,0.0,0.0,0.0,0.0,0.0,0.0,0.0,0.0,0.0,0.0,0.0,0.0,0.0,0.0,0.0,0.0,0.0,0.0,0.0,0.4147958626135618,0.0,0.0,0.0,0.0,0.0,0.0,0.0,0.8221105021909629,0.0,0.0,0.0,0.0
B0BNQMF152,499.0,2199.0,77.0,1700.0,0.7730786721236926,-0.5838198498748958,0.203125,0,3.7,53,3.9889840465642745,14.759240972287817,0.851,0.0558035714285714,0,23,1,0,0.9565217391304348,0.9697,163,4,4,0.0,0.0,0.0,0.0,4,0.0,0.0,0.0,0.0,0.0,0.0,0.0,0.0,0.0,0.0,0.0,0.0,0.0,0.0,0.0,0.6367932937677628,0.0,0.0,0.0,0.0,0.0,0.0,0.0,0.0,0.0,0.0,0.0,0.0,0.0,0.0,0.6486960811169765,0.0,0.0,0.0,0.0,0.0,0.0,0.0,0.0,0.0,0.0,0.0,0.4167585576276519,0.0,0.0,0.0,0.0,0.0,0.0,0.0
B08J7VCT12,6999.0,14999.0,53.0,8000.0,0.5333688912594173,4.837364470391993,0.9386160714285714,3,4.1,1728,7.455298485683291,30.56672379130149,1.927,0.4330357142857143,0,31,1,1,0.8709677419354839,0.7579,72,6,4,1.2,0.0,0.0,0.0,0,0.0,0.0,0.0,0.0,0.6866005342118796,0.0,0.0,0.0,0.0,0.0,0.0,0.0,0.0,0.0,0.0,0.0,0.0,0.0,0.0,0.0,0.7270348729049807,0.0,0.0,0.0,0.0,0.0,0.0,0.0,0.0,0.0,0.0,0.0,0.0,0.0,0.0,0.0,0.0,0.0,0.0,0.0,0.0,0.0,0.0,0.0,0.0,0.0,0.0,0.0,0.0,0.0
B0989W6J2F,1595.0,1799.0,11.0,204.0,0.1133963312951639,0.3302752293577982,0.5915178571428571,2,4.0,2877,7.964850887447313,31.859403549789253,3.56,0.5491071428571429,0,43,1,1,0.9767441860465116,0.991,295,4,4,0.0,0.0,0.0,0.0,4,0.0,0.0,0.0,0.0,0.698474719031929,0.0,0.0,0.0,0.0,0.0,0.0,0.0,0.0,0.0,0.0,0.0,0.0,0.0,0.0,0.0,0.0,0.0,0.0,0.0,0.0,0.0,0.0,0.0,0.0,0.0,0.0,0.0,0.0,0.0,0.0,0.0,0.0,0.0,0.0,0.0,0.0,0.0,0.0,0.7156347300636463,0.0,0.0,0.0,0.0,0.0,0.0
B0B84KSH3X,1049.0,1950.0,46.0,901.0,0.462051282051282,-0.1251042535446205,0.4274553571428571,2,3.8,250,5.525452939131784,20.996721168700777,2.052,0.1607142857142857,0,23,1,1,1.0,0.9331,71,6,4,1.2,0.0,0.0,0.0,0,0.0,0.0,0.0,0.3478793980111466,0.0,0.0,0.0,0.0,0.0,0.0,0.0,0.0,0.0,0.0,0.0,0.0,0.0,0.0,0.0,0.0,0.0,0.0,0.0,0.0,0.0,0.0,0.0,0.0,0.0,0.0,0.0,0.0,0.0,0.0,0.0,0.0,0.0,0.0,0.0,0.0,0.0,0.0,0.0,0.6680131590808572,0.0,0.0,0.6578285063253305,0.0,0.0,0.0
B08HLC7Z3G,1182.0,2995.0,61.0,1813.0,0.6053422370617696,-0.0141784820683903,0.4709821428571428,2,4.2,5178,8.552367266423891,35.91994251898034,1.638,0.6897321428571429,0,25,1,1,0.92,0.9489,94,5,4,1.2,0.0,0.0,0.0,0,0.0,0.0,0.0,0.2977861226819518,0.0,0.0,0.0,0.0,0.0,0.0,0.0,0.0,0.0,0.0,0.0,0.5631037693183638,0.0,0.0,0.0,0.0,0.0,0.0,0.0,0.0,0.0,0.5169693579021771,0.0,0.0,0.0,0.0,0.0,0.0,0.0,0.0,0.0,0.0,0.0,0.0,0.0,0.0,0.0,0.0,0.0,0.5718218718339753,0.0,0.0,0.0,0.0,0.0,0.0
B0BN6M3TCM,499.0,999.0,50.0,500.0,0.5005005005005005,-0.5838198498748958,0.203125,0,4.6,79,4.382026634673881,20.157322519499854,2.3,0.0792410714285714,0,33,1,0,0.9090909090909092,0.9954,253,5,4,1.2,0.0,0.0,1.0,0,0.0,0.0,0.0,0.0,0.0,0.0,0.0,0.0,0.0,0.0,0.0,0.0,0.0,0.0,0.0,0.0,0.0,0.0,0.0,0.0,0.0,0.0,0.0,0.0,0.0,0.0,0.0,0.0,0.0,0.0,0.0,0.0,0.0,0.0,0.0,0.0,0.0,0.0,0.0,0.0,0.0,0.0,0.0,0.0,0.0,0.0,0.0,0.0,0.0,0.0
B01L6MT7E0,8799.0,11995.0,27.0,3196.0,0.2664443518132555,6.33861551292744,0.9631696428571428,1,4.1,4157,8.332789468417959,34.16443682051363,2.993,0.6339285714285714,0,15,1,1,0.9333333333333332,0.9934,152,4,4,0.0,0.0,0.0,0.0,4,0.0,0.0,0.0,0.0,0.0,0.0,0.0,0.0,0.0,0.0,0.0,0.0,0.0,0.0,0.0,0.0,0.0,0.0,0.0,0.0,0.0,0.0,0.0,0.0,0.0,0.0,0.0,0.0,0.0,0.0,0.0,0.0,0.0,0.0,0.0,0.0,0.0,0.0,0.0,0.0,0.0,0.0,0.0,0.0,0.0,0.0,0.0,0.0,1.0,0.0
B0B9F9PT8R,1529.0,2999.0,49.0,1470.0,0.490163387795932,0.2752293577981651,0.5848214285714286,2,3.3,29,3.4011973816621555,11.223951359485111,1.6829999999999998,0.0446428571428571,0,25,1,1,0.88,0.9975,240,4,4,0.0,0.0,0.0,0.0,4,0.0,0.0,0.0,0.0,0.0,0.0,0.0,0.0,0.0,0.0,0.0,0.0,0.0,0.0,0.0,0.3838580191365032,0.1491449803731176,0.0,0.0,0.7771678556781196,0.402859245177102,0.0,0.0,0.0,0.0,0.0,0.0,0.0,0.0,0.0,0.0,0.0,0.0,0.0,0.0,0.0,0.0,0.0,0.0,0.0,0.0,0.0,0.0,0.0,0.0,0.0,0.0,0.1974111975446613,0.1585943496285222,0.0
B0883LQJ6B,1199.0,1690.0,29.0,491.0,0.2905325443786982,0.0,0.4899553571428571,2,4.2,4580,8.429672593886743,35.40462489432432,2.982,0.65625,0,10,1,1,1.0,0.9206,40,6,4,0.0,0.0,0.0,0.0,4,0.0,0.0,0.0,0.0,0.0,0.0,0.0,0.0,0.0,0.0,0.0,0.0,0.0,0.0,0.0,0.0,0.0,0.0,0.0,0.0,0.0,0.0,0.0,0.0,0.0,0.0,0.0,0.0,0.0,0.0,0.0,0.0,0.0,0.0,0.0,0.0,0.0,0.0,0.0,0.0,0.0,0.0,0.0,0.0,0.0,0.0,1.0,0.0,0.0,0.0
B099Z83VRC,1052.0,1790.0,41.0,738.0,0.4122905027932961,-0.1226021684737281,0.4330357142857143,2,4.3,1404,7.247792581767846,31.165508101601738,2.5370000000000004,0.3950892857142857,0,30,1,1,0.8333333333333334,0.9743,123,4,4,0.0,0.0,0.0,0.0,4,0.0,0.0,0.0,0.0,0.0,0.0,0.0,0.0,0.0,0.0,0.0,0.0,0.0,0.0,0.0,0.6040400716576846,0.0,0.0,0.0,0.0,0.0,0.0,0.0,0.0,0.0,0.0,0.0,0.0,0.0,0.0,0.0,0.0,0.0,0.0,0.0,0.0,0.0,0.0,0.0,0.0,0.0,0.0,0.0,0.0,0.0,0.0,0.0,0.6212936448697832,0.4991290401050606,0.0
B00S9BSJC8,6499.0,8995.0,28.0,2496.0,0.2774874930516954,4.420350291909925,0.9207589285714286,3,4.3,2810,7.941295570906532,34.147570954898086,3.096,0.5446428571428571,0,8,1,1,1.0,0.9994,64,4,4,0.0,1.4,0.0,0.0,2,0.0,0.0,0.0,0.4674859239452618,0.0,0.0,0.0,0.0,0.0,0.0,0.0,0.0,0.0,0.0,0.0,0.0,0.0,0.0,0.0,0.0,0.0,0.0,0.0,0.0,0.0,0.0,0.0,0.0,0.0,0.0,0.0,0.0,0.0,0.0,0.0,0.0,0.0,0.0,0.0,0.0,0.0,0.0,0.0,0.0,0.0,0.0,0.8840005152221604,0.0,0.0,0.0
B0B4SJKRDF,239.0,239.0,0.0,0.0,0.0,-0.8006672226855713,0.078125,0,4.3,7,2.079441541679836,8.941598629223293,4.3,0.015625,0,15,1,0,1.0,0.991,41,5,4,0.0,0.0,0.0,1.0,1,0.6921798734389071,0.0,0.0,0.0,0.0,0.0,0.0,0.0,0.0,0.0,0.0,0.0,0.0,0.0,0.0,0.0,0.0,0.0,0.0,0.0,0.0,0.0,0.0,0.0,0.0,0.0,0.0,0.0,0.0,0.0,0.72172503268634,0.0,0.0,0.0,0.0,0.0,0.0,0.0,0.0,0.0,0.0,0.0,0.0,0.0,0.0,0.0,0.0,0.0,0.0,0.0
B0BM4KTNL1,699.0,1599.0,56.0,900.0,0.5628517823639775,-0.4170141784820684,0.2935267857142857,2,4.7,1729,7.455876687491824,35.042620431211574,2.068,0.4352678571428571,0,24,1,0,0.875,0.892,145,4,4,1.2,0.0,0.0,0.0,0,0.0,0.0,0.0,0.0,0.0,0.0,0.0,0.0,0.0,0.0,0.0,0.0,0.0,0.0,0.0,0.6872936716884397,0.0,0.0,0.0,0.0,0.0,0.0,0.0,0.0,0.0,0.0,0.0,0.0,0.0,0.0,0.0,0.0,0.0,0.0,0.0,0.0,0.7263796588954174,0.0,0.0,0.0,0.0,0.0,0.0,0.0,0.0,0.0,0.0,0.0,0.0,0.0
B08S6RKT4L,2599.0,4290.0,39.0,1691.0,0.3941724941724941,1.1676396997497915,0.7410714285714286,3,4.4,2116,7.6577552711348655,33.69412319299341,2.684,0.4776785714285714,0,13,1,1,1.0,0.958,199,3,4,0.0,0.0,0.0,0.0,4,0.0,0.0,0.0,0.0,0.0,0.0,0.0,0.0,0.0,0.0,0.0,0.0,0.0,0.0,0.0,0.0,0.0,0.0,0.0,0.0,0.0,0.0,0.0,0.0,0.0,0.0,0.0,0.0,0.0,0.0,0.0,0.0,0.0,0.0,0.0,0.0,0.7263796588954174,0.0,0.0,0.0,0.0,0.0,0.0,0.0,0.0,0.0,0.6872936716884397,0.0,0.0,0.0
B09SZ5TWHW,1547.0,2890.0,46.0,1343.0,0.4647058823529412,0.2902418682235196,0.5870535714285714,2,3.9,463,6.139884552226255,23.9455497536824,2.106,0.2321428571428571,0,29,1,0,0.9310344827586208,-0.3662,55,6,4,1.2,0.0,0.0,0.0,0,0.0,0.0,0.0,0.0,0.0,0.0,0.0,0.0,0.0,0.0,0.0,0.0,0.0,0.0,0.0,0.0,0.0,0.0,0.0,0.0,0.3445022159858905,0.0,0.0,0.0,0.0,0.0,0.0,0.0,0.0,0.0,0.0,0.0,0.0,0.0,0.0,0.0,0.0,0.0,0.0,0.0,0.0,0.0,0.0,0.0,0.0,0.0,0.0,0.0,0.0,0.9387855043516656
B0BLC2BYPX,499.0,1299.0,62.0,800.0,0.6158583525789069,-0.5838198498748958,0.203125,0,4.7,54,4.007333185232471,18.83446597059261,1.786,0.0580357142857142,0,21,0,1,0.9523809523809524,0.9965,239,4,4,1.2,0.0,0.0,1.0,0,0.0,0.0,0.0,0.4046448556322327,0.0,0.0,0.0,0.0,0.0,0.0,0.0,0.0,0.0,0.0,0.0,0.765170120721698,0.0,0.0,0.0,0.0,0.0,0.0,0.0,0.0,0.0,0.0,0.0,0.0,0.0,0.0,0.0,0.0,0.0,0.0,0.0,0.0,0.0,0.0,0.0,0.0,0.0,0.0,0.500776624020243,0.0,0.0,0.0,0.0,0.0,0.0,0.0
B00P0R95EA,510.0,640.0,20.0,130.0,0.203125,-0.5746455379482902,0.2165178571428571,2,4.1,7229,8.88599431515281,36.43257669212653,3.28,0.7477678571428571,0,6,1,1,1.0,0.8885,94,4,4,0.0,0.0,0.0,0.0,4,0.0,0.0,0.0,0.0,0.0,0.0,0.0,0.0,0.0,0.0,0.0,0.0,0.0,0.0,0.0,0.0,0.0,0.0,0.0,0.7114196454557208,0.0,0.0,0.0,0.0,0.0,0.0,0.0,0.0,0.0,0.0,0.0,0.0,0.0,0.0,0.0,0.0,0.0,0.0,0.0,0.0,0.0,0.0,0.0,0.0,0.0,0.0,0.7027674494878491,0.0,0.0,0.0
B07W4HTS8Q,1899.0,3790.0,50.0,1891.0,0.4989445910290237,0.5838198498748958,0.6473214285714286,2,3.8,3842,8.254008590564844,31.36523264414641,1.9,0.6138392857142857,0,22,1,1,0.9090909090909092,0.9493,85,4,4,1.2,0.0,0.0,0.0,0,0.0,0.0,0.0,0.0,0.0,0.0,0.0,0.0,0.0,0.0,0.0,0.0,0.0,0.0,0.0,0.0,0.0,0.0,0.0,0.0,0.0,0.0,0.0,0.0,0.0,0.0,0.0,0.0,0.0,0.0,0.0,0.0,0.0,0.0,0.0,0.0,0.0,0.0,0.0,0.0,0.0,0.0,0.0,0.775650827618536,0.0,0.0,0.0,0.0,0.6311622561708519,0.0
B078JBK4GX,2599.0,4560.0,43.0,1961.0,0.4300438596491228,1.1676396997497915,0.7410714285714286,3,4.4,646,6.472346294500901,28.478323695803965,2.5080000000000005,0.2857142857142857,0,10,1,1,1.0,0.9936,117,4,4,0.0,0.0,0.0,0.0,4,0.0,0.0,0.0,0.0,0.5163864101861679,0.0,0.0,0.0,0.0,0.0,0.0,0.0,0.0,0.0,0.0,0.0,0.0,0.0,0.0,0.5274209895449956,0.0,0.0,0.0,0.0,0.0,0.0,0.0,0.0,0.0,0.0,0.0,0.0,0.0,0.0,0.0,0.0,0.0,0.0,0.0,0.0,0.0,0.0,0.0,0.0,0.0,0.5194490430432043,0.0,0.0,0.4305169762551988,0.0
B08S7V8YTN,1199.0,3500.0,66.0,2301.0,0.6574285714285715,0.0,0.4899553571428571,2,4.3,1802,7.497207223203318,32.23799105977427,1.4619999999999995,0.4464285714285714,0,31,1,1,0.8709677419354839,0.9929,56,4,4,1.2,0.0,0.0,0.0,0,0.0,0.0,0.0,0.0,0.0,0.0,0.0,0.0,0.0,0.0,0.0,0.0,0.0,0.0,0.0,0.0,0.0,0.6871726738125904,0.0,0.0,0.0,0.0,0.0,0.0,0.0,0.0,0.0,0.0,0.0,0.0,0.0,0.0,0.0,0.0,0.0,0.0,0.0,0.0,0.0,0.0,0.0,0.0,0.0,0.0,0.0,0.0,0.7264941268621895,0.0,0.0,0.0
B07H5PBN54,999.0,2600.0,62.0,1601.0,0.6157692307692307,-0.1668056713928273,0.4118303571428571,2,3.4,252,5.53338948872752,18.813524261673567,1.292,0.1629464285714285,0,19,0,0,0.8421052631578947,0.993,118,4,4,0.0,0.0,0.0,0.0,4,0.0,0.0,0.0,0.0,0.0,0.0,0.0,0.0,0.0,0.0,0.0,0.0,0.0,0.0,0.0,0.0,0.0,0.0,0.0,0.0,0.0,0.0,0.0,0.0,0.0,0.0,0.0,0.0,0.0,0.0,0.0,0.0,0.0,0.0,0.0,0.0,0.0,0.0,0.0,0.0,0.0,0.0,0.0,0.0,0.0,1.0,0.0,0.0,0.0,0.0
B07YCBSCYB,1999.0,3300.0,39.0,1301.0,0.3942424242424242,0.6672226855713094,0.6640625,2,4.2,780,6.660575149839686,27.97441562932668,2.562,0.3035714285714285,0,6,1,1,1.0,0.9441,147,4,4,0.0,0.0,0.0,0.0,4,0.0,0.0,0.0,0.4674859239452618,0.0,0.0,0.0,0.0,0.0,0.0,0.0,0.0,0.0,0.0,0.0,0.0,0.0,0.0,0.0,0.0,0.0,0.0,0.0,0.0,0.0,0.0,0.0,0.0,0.0,0.0,0.0,0.0,0.0,0.0,0.0,0.0,0.0,0.0,0.0,0.0,0.0,0.0,0.0,0.0,0.0,0.0,0.8840005152221604,0.0,0.0,0.0
B098T9CJVQ,210.0,699.0,70.0,489.0,0.6995708154506438,-0.8248540450375312,0.0625,0,3.7,74,4.31748811353631,15.974706020084348,1.1100000000000003,0.0758928571428571,0,28,0,0,0.9642857142857144,0.991,229,4,4,0.0,0.0,0.0,0.0,4,0.0,0.0,0.0,0.0,0.0,0.0,0.0,0.0,0.0,0.0,0.0,0.0,0.0,0.0,0.0,0.8820487076789302,0.0,0.0,0.0,0.0,0.0,0.0,0.0,0.0,0.0,0.0,0.0,0.0,0.4711582295598043,0.0,0.0,0.0,0.0,0.0,0.0,0.0,0.0,0.0,0.0,0.0,0.0,0.0,0.0,0.0,0.0,0.0,0.0,0.0,0.0,0.0
B01KCSGBU2,14499.0,23559.0,38.0,9060.0,0.3845664077422641,11.09257714762302,0.9910714285714286,1,4.3,2026,7.614312146452,32.7415422297436,2.666,0.4709821428571428,0,22,1,0,0.9545454545454546,0.9511,118,4,4,0.0,0.0,0.0,0.0,4,0.0,0.0,0.0,0.0,0.0,0.0,0.0,0.0,0.0,0.0,0.0,0.0,0.0,0.0,0.0,0.0,0.0,0.0,0.0,0.0,0.0,0.0,0.0,0.0,0.0,0.0,0.0,0.0,0.0,0.0,0.0,0.0,0.0,0.0,0.0,0.0,0.0,0.0,0.0,0.0,0.0,0.0,0.0,0.0,0.0,0.0,0.0,0.0,0.0,0.0
B095XCRDQW,950.0,1599.0,41.0,649.0,0.4058786741713571,-0.20767306088407,0.390625,2,4.3,5911,8.684739462628038,37.34437968930056,2.5370000000000004,0.7131696428571429,0,7,1,0,1.0,0.9113,13,4,4,0.0,0.0,0.0,0.0,4,0.0,0.0,0.0,0.0,0.0,0.0,0.0,0.0,0.0,0.0,0.0,0.0,0.0,0.0,0.0,0.0,0.0,0.0,0.0,0.0,0.0,0.0,0.0,0.0,0.0,0.0,0.0,0.0,0.0,0.0,0.0,0.0,0.0,0.0,0.0,0.0,0.0,0.0,0.0,0.0,0.0,0.0,0.0,0.0,0.0,0.0,0.0,0.0,0.0,0.0
B09CTWFV5W,7199.0,9995.0,28.0,2796.0,0.2797398699349674,5.004170141784821,0.9419642857142856,3,4.4,1964,7.583247524303362,33.36628910693479,3.168,0.4642857142857143,0,19,1,1,0.8421052631578947,0.9709,82,5,4,0.0,1.4,0.0,0.0,2,0.0,0.0,0.0,1.0,0.0,0.0,0.0,0.0,0.0,0.0,0.0,0.0,0.0,0.0,0.0,0.0,0.0,0.0,0.0,0.0,0.0,0.0,0.0,0.0,0.0,0.0,0.0,0.0,0.0,0.0,0.0,0.0,0.0,0.0,0.0,0.0,0.0,0.0,0.0,0.0,0.0,0.0,0.0,0.0,0.0,0.0,0.0,0.0,0.0,0.0
B0B7NWGXS6,2439.0,2545.0,4.0,106.0,0.0416502946954813,1.0341951626355297,0.7209821428571429,3,4.1,25,3.258096538021482,13.358195805888077,3.936,0.0401785714285714,0,13,1,1,1.0,-0.296,19,4,4,0.0,0.0,0.0,0.0,4,0.0,0.0,0.0,0.3460294521288836,0.0,0.0,0.0,0.0,0.0,0.0,0.0,0.0,0.0,0.0,0.0,0.0,0.0,0.0,0.0,0.662386176578409,0.0,0.0,0.0,0.0,0.0,0.0,0.0,0.0,0.0,0.0,0.0,0.0,0.0,0.0,0.0,0.0,0.0,0.0,0.0,0.0,0.0,0.0,0.0,0.6644608124917687,0.0,0.0,0.0,0.0,0.0,0.0
B07DZ986Q2,7799.0,8995.0,13.0,1196.0,0.1329627570872707,5.504587155963303,0.9475446428571428,3,4.0,3160,8.058643712215618,32.23457484886247,3.48,0.5658482142857143,0,21,1,0,0.8571428571428571,0.7303,145,6,4,0.0,0.0,0.0,0.0,4,0.0,0.0,0.0,0.0,0.0,0.0,0.0,0.0,0.0,0.0,0.0,0.0,0.0,0.0,0.0,0.0,0.0,0.0,0.0,0.0,0.0,0.0,0.0,0.0,0.0,0.0,0.0,0.0,0.0,0.0,0.0,0.0,0.0,0.0,0.0,0.0,0.0,0.0,0.0,0.0,0.0,0.0,0.0,0.0,0.0,0.0,1.0,0.0,0.0,0.0
B07KKJPTWB,1599.0,1999.0,20.0,400.0,0.2001000500250125,0.3336113427856547,0.5948660714285714,2,4.4,1558,7.351799869057777,32.34791942385422,3.5200000000000005,0.4118303571428571,0,21,1,1,0.8571428571428571,0.9675,176,4,4,0.0,1.4,0.0,0.0,2,0.0,0.0,0.0,0.345884045437361,0.0,0.0,0.0,0.0,0.0,0.0,0.0,0.0,0.0,0.0,0.0,0.6540553601985117,0.0,0.0,0.0,0.0,0.0,0.0,0.0,0.0,0.0,0.0,0.0,0.0,0.0,0.0,0.0,0.0,0.0,0.0,0.0,0.0,0.0,0.0,0.0,0.0,0.0,0.0,0.0,0.0,0.0,0.0,0.0,0.6727375512839168,0.0,0.0
B071R3LHFM,2899.0,5500.0,47.0,2601.0,0.4729090909090909,1.4178482068390326,0.7756696428571429,3,3.8,8958,9.100413892597578,34.58157279187079,2.014,0.7924107142857143,0,34,1,1,0.9705882352941176,0.2711,159,4,4,1.2,0.0,0.0,0.0,0,0.0,0.0,0.0,0.461888336357741,0.0,0.0,0.0,0.0,0.0,0.0,0.0,0.0,0.0,0.0,0.0,0.0,0.0,0.0,0.0,0.0,0.0,0.0,0.0,0.0,0.0,0.0,0.0,0.0,0.0,0.0,0.0,0.0,0.0,0.0,0.0,0.0,0.0,0.0,0.0,0.0,0.0,0.0,0.0,0.8869380839363469,0.0,0.0,0.0,0.0,0.0,0.0
B086X18Q71,9799.0,12150.0,19.0,2351.0,0.1934979423868312,7.172643869891576,0.9776785714285714,1,4.3,13251,9.491903763419788,40.81518618270509,3.483,0.8705357142857143,1,23,1,1,0.8695652173913043,0.9446,91,4,4,0.0,1.4,1.1,0.0,2,0.0,0.0,0.0,0.0,0.6071154087144766,0.0,0.0,0.0,0.0,0.0,0.0,0.0,0.0,0.0,0.0,0.6125473203810525,0.0,0.0,0.0,0.0,0.0,0.0,0.0,0.0,0.0,0.0,0.0,0.0,0.0,0.0,0.0,0.0,0.0,0.0,0.0,0.0,0.0,0.0,0.0,0.0,0.0,0.0,0.0,0.0,0.0,0.0,0.0,0.0,0.5061587308300098,0.0
B07WVQG8WZ,3299.0,4995.0,34.0,1696.0,0.3395395395395395,1.7514595496246872,0.8203125,3,3.8,1393,7.239932591320469,27.511743847017783,2.508,0.3928571428571428,0,11,1,1,0.9090909090909092,0.9948,44,6,4,0.0,0.0,0.0,0.0,4,0.0,0.0,0.0,0.3431258148419024,0.0,0.0,0.0,0.0,0.0,0.0,0.0,0.0,0.0,0.0,0.0,0.0,0.0,0.0,0.0,0.0,0.0,0.0,0.0,0.0,0.0,0.0,0.0,0.0,0.0,0.0,0.6609675915105991,0.0,0.0,0.0,0.0,0.0,0.0,0.0,0.0,0.0,0.0,0.0,0.0,0.0,0.0,0.0,0.0,0.6673728479356636,0.0,0.0
B0BFBNXS94,669.0,1499.0,55.0,830.0,0.5537024683122082,-0.4420350291909924,0.2767857142857143,2,2.3,13,2.6390573296152584,6.069831858115094,1.035,0.0267857142857142,0,22,0,1,0.8636363636363636,-0.0258,217,4,4,0.0,0.0,0.0,0.0,4,0.0,0.0,0.5176662557654493,0.0,0.0,0.0,0.0,0.0,0.0,0.0,0.0,0.0,0.0,0.0,0.0,0.0,0.0,0.0,0.0,0.0,0.0,0.0,0.0,0.0,0.0,0.0,0.0,0.0,0.5660620940832477,0.0,0.5397624370479617,0.0,0.0,0.0,0.0,0.0,0.0,0.0,0.0,0.0,0.0,0.0,0.3467735065369239,0.0,0.0,0.0,0.0,0.0,0.0,0.0
B071113J7M,5890.0,7506.0,22.0,1616.0,0.2152944311217692,3.9124270225187656,0.8973214285714286,3,4.5,7241,8.887652690325586,39.994437106465135,3.51,0.75,0,8,1,0,1.0,0.9859,55,4,4,0.0,1.4,0.0,0.0,2,0.0,0.0,0.0,0.0,0.0,0.0,0.0,0.0,0.0,0.0,0.0,0.0,0.0,0.0,0.0,0.0,0.0,0.0,0.0,0.0,0.0,0.0,0.0,0.0,0.0,0.0,0.0,0.0,0.0,0.0,0.0,0.0,0.0,0.0,0.0,0.0,0.0,0.0,0.0,0.0,0.0,0.0,0.0,0.0,0.0,0.0,0.0,1.0,0.0,0.0
B09YLWT89W,9199.0,18000.0,49.0,8801.0,0.4889444444444444,6.672226855713094,0.9709821428571428,1,4.0,16020,9.681655640646714,38.72662256258685,2.04,0.9151785714285714,1,17,1,1,0.8235294117647058,0.9935,126,4,4,1.2,0.0,1.1,0.0,0,0.0,0.0,0.0,0.256345896510504,0.0,0.0,0.0,0.0,0.0,0.0,0.0,0.0,0.0,0.0,0.0,0.0,0.0,0.0,0.0,0.0,0.0,0.0,0.0,0.0,0.0,0.0,0.0,0.0,0.0,0.0,0.0,0.0,0.0,0.0,0.0,0.0,0.0,0.0,0.0,0.0,0.0,0.0,0.0,0.0,0.0,0.9665851133460652,0.0,0.0,0.0,0.0
B0814LP6S9,351.0,1099.0,68.0,748.0,0.6806187443130118,-0.707256046705588,0.1339285714285714,0,3.7,1470,7.293697720601438,26.98668156622532,1.184,0.4040178571428571,0,14,1,0,0.8571428571428571,0.9395,69,4,4,0.0,0.0,0.0,0.0,4,0.0,0.0,0.0,0.0,0.0,0.0,0.0,0.0,0.0,0.0,0.0,0.0,0.0,0.0,0.0,0.0,0.0,1.0,0.0,0.0,0.0,0.0,0.0,0.0,0.0,0.0,0.0,0.0,0.0,0.0,0.0,0.0,0.0,0.0,0.0,0.0,0.0,0.0,0.0,0.0,0.0,0.0,0.0,0.0,0.0,0.0,0.0,0.0,0.0,0.0
B07BKSSDR2,899.0,1900.0,53.0,1001.0,0.5268421052631579,0.0,1.0,2,4.0,3663,8.20631072579402,32.82524290317608,1.88,1.0,0,9,0,1,1.0,0.9719,267,5,3,1.2,0.0,0.0,0.0,0,0.0,0.0,0.0,0.0,1.0,0.0,0.0,0.0,0.0,0.0,0.0,0.0,0.0,0.0,0.0,0.0,0.0,0.0,0.0,0.0,0.0,0.0,0.0,0.0,0.0,0.0,0.0,0.0,0.0,0.0,0.0,0.0,0.0,0.0,0.0,0.0,0.0,0.0,0.0,0.0,0.0,0.0,0.0,0.0,0.0,0.0,0.0,0.0,0.0,0.0
B09VGS66FV,1349.0,1850.0,27.0,501.0,0.2708108108108108,0.1251042535446205,0.5290178571428571,2,4.4,638,6.459904454377535,28.423579599261156,3.212,0.2823660714285714,0,35,1,1,0.9428571428571428,0.9917,200,5,4,0.0,1.4,0.0,0.0,2,0.0,0.0,0.0,0.0,0.0,0.0,0.0,0.0,0.0,0.0,0.0,0.0,0.0,0.0,0.0,0.4559758619430348,0.0,0.0,0.0,0.0,0.0,0.0,0.0,0.0,0.0,0.0,0.0,0.0,0.0,0.0,0.4644988532719318,0.0,0.0,0.0,0.0,0.0,0.0,0.0,0.0,0.0,0.0,0.0,0.0,0.4630353854725536,0.0,0.0,0.0,0.4690001848085589,0.3767809537173928,0.0
B07RCGTZ4M,6236.0,9999.0,38.0,3763.0,0.3763376337633763,4.201000834028357,0.9151785714285714,3,4.1,3552,8.175547596021026,33.5197451436862,2.542,0.5959821428571429,0,24,1,0,0.9166666666666666,0.9956,62,6,4,0.0,0.0,0.0,0.0,4,0.0,0.0,0.0,0.0,0.0,0.0,0.0,0.0,0.0,0.0,0.0,0.0,0.0,0.0,0.0,0.0,0.0,0.0,0.0,0.0,0.0,0.0,0.0,0.0,0.0,0.0,0.0,0.0,0.0,0.0,0.0,0.0,0.0,0.0,0.0,0.0,0.0,0.0,0.0,0.0,0.0,0.0,0.0,0.0,0.0,0.0,0.0,1.0,0.0,0.0
B0747VDH9L,2742.0,3995.0,31.0,1253.0,0.3136420525657071,1.286905754795663,0.7633928571428571,3,4.4,11148,9.319105086767571,41.00406238177732,3.036,0.8348214285714286,1,26,1,0,0.9230769230769232,0.974,219,4,4,0.0,1.4,1.1,0.0,2,0.0,0.0,0.0,0.0,0.0,0.0,0.0,0.0,0.0,0.0,0.0,0.0,0.0,0.0,0.0,0.0,0.0,0.0,0.0,0.0,0.0,0.0,0.0,0.0,0.0,0.0,0.0,0.0,0.0,0.0,0.0,0.0,0.0,0.0,0.0,0.0,0.8291342379721807,0.0,0.0,0.0,0.0,0.0,0.0,0.398332601822897,0.0,0.0,0.3922595489561634,0.0,0.0,0.0
B08XLR6DSB,721.0,1499.0,52.0,778.0,0.5190126751167445,-0.3986655546288574,0.3058035714285714,2,3.1,2449,7.803843303538772,24.191914240970195,1.488,0.5111607142857143,0,28,0,1,0.9285714285714286,0.9895,153,4,4,0.0,0.0,0.0,0.0,4,0.0,0.3590540631054897,0.0,0.0,0.0,0.0,0.0,0.0,0.0,0.0,0.0,0.0,0.0,0.0,0.0,0.3524658559551444,0.0,0.0,0.0,0.0,0.369913149138344,0.0,0.0,0.0,0.0,0.0,0.0,0.0,0.3765487942476667,0.0,0.3590540631054897,0.0,0.0,0.0,0.0,0.0,0.0,0.0,0.0,0.0,0.0,0.0,0.0,0.0,0.0,0.0,0.0,0.0,0.5824975944721721,0.0
B08H6CZSHT,2903.0,3295.0,12.0,392.0,0.11896813353566,1.421184320266889,0.7790178571428571,3,4.3,2299,7.7406644019172415,33.28485692824414,3.784,0.4977678571428571,0,27,1,0,0.8518518518518519,0.9578,64,6,4,0.0,1.4,0.0,0.0,2,0.0,0.0,0.0,0.0,0.0,0.0,0.0,0.0,0.0,0.0,0.0,0.0,0.0,0.0,0.0,0.0,0.0,0.0,0.0,0.0,0.0,0.0,0.0,0.0,0.0,0.0,0.0,0.0,0.0,0.0,0.0,0.0,0.0,0.0,0.0,0.0,0.0,0.0,0.0,0.0,0.0,0.0,0.0,0.0,0.0,0.0,0.0,0.0,0.0,0.0
B07CVR2L5K,1656.0,2695.0,39.0,1039.0,0.3855287569573284,0.3811509591326105,0.609375,2,4.4,6027,8.704170559746386,38.2983504628841,2.684,0.71875,0,30,1,1,0.9666666666666668,0.9838,236,4,4,0.0,0.0,0.0,0.0,4,0.0,0.0,0.0,0.345884045437361,0.0,0.0,0.0,0.0,0.0,0.0,0.0,0.0,0.0,0.0,0.0,0.6540553601985117,0.0,0.0,0.0,0.0,0.0,0.0,0.0,0.0,0.0,0.0,0.0,0.0,0.0,0.0,0.0,0.0,0.0,0.0,0.0,0.0,0.0,0.0,0.0,0.0,0.0,0.0,0.0,0.0,0.0,0.0,0.0,0.6727375512839168,0.0,0.0
B09J4YQYX3,1399.0,2290.0,39.0,891.0,0.3890829694323144,0.1668056713928273,0.5368303571428571,2,4.4,461,6.135564891081739,26.99648552075965,2.684,0.2299107142857142,0,22,1,0,0.9545454545454546,0.9929,209,4,4,0.0,0.0,0.0,0.0,4,0.0,0.0,0.0,0.0,0.0,0.0,0.0,0.0,0.0,0.0,0.0,0.0,0.0,0.0,0.0,0.697081112576441,0.0,0.0,0.0,0.0,0.0,0.0,0.0,0.0,0.0,0.0,0.0,0.0,0.0,0.0,0.0,0.0,0.0,0.0,0.0,0.0,0.0,0.0,0.0,0.0,0.0,0.0,0.0,0.0,0.0,0.0,0.0,0.7169922750554507,0.0,0.0
B0B2DD8BQ8,2079.0,3099.0,33.0,1020.0,0.3291384317521781,0.7339449541284404,0.6741071428571429,3,4.1,282,5.645446897643238,23.146332280337276,2.7469999999999994,0.1696428571428571,0,25,1,0,1.0,0.9691,97,4,4,0.0,0.0,0.0,0.0,4,0.0,0.0,0.0,0.0,0.0,0.0,0.0,0.0,0.0,0.0,0.0,0.0,0.0,0.0,0.0,0.0,0.0,0.0,0.0,0.0,0.0,0.0,0.0,0.0,0.0,0.0,0.0,0.0,0.0,0.0,0.0,0.0,0.0,0.0,0.0,0.0,0.0,0.0,0.0,0.0,0.0,0.0,0.0,0.7125175068721861,0.0,0.0,0.7016543325603032,0.0,0.0,0.0
B0123P3PWE,999.0,1075.0,7.0,76.0,0.0706976744186046,-0.1668056713928273,0.4118303571428571,2,4.1,9275,9.135185698375423,37.45426136333924,3.8129999999999993,0.796875,0,27,1,0,0.9629629629629628,0.4885,78,4,4,0.0,0.0,1.1,0.0,3,0.0,0.0,0.0,0.0,0.0,0.0,0.0,0.0,0.0,0.0,0.0,0.0,0.0,0.0,0.0,0.4449937629066431,0.0,0.0,0.0,0.4504723508007676,0.0,0.0,0.0,0.0,0.0,0.0,0.0,0.0,0.0,0.0,0.0,0.0,0.0,0.0,0.0,0.0,0.0,0.0,0.0,0.0,0.0,0.0,0.0,0.4518832590443158,0.0,0.4436634797996003,0.4449937629066431,0.0,0.0,0.0
B08HDCWDXD,3179.0,6999.0,55.0,3820.0,0.5457922560365767,1.651376146788991,0.7901785714285714,3,4.0,743,6.612041034833092,26.448164139332366,1.7999999999999998,0.296875,0,29,1,1,0.9310344827586208,0.8767,191,6,4,1.2,0.0,0.0,0.0,0,0.0,0.0,0.0,0.3435983389256341,0.0,0.0,0.0,0.0,0.0,0.0,0.0,0.0,0.0,0.0,0.0,0.0,0.0,0.0,0.0,0.0,0.0,0.0,0.0,0.0,0.0,0.0,0.0,0.0,0.0,0.0,0.0,0.0,0.0,0.0,0.0,0.0,0.0,0.0,0.0,0.0,0.0,0.0,0.0,0.659792483121675,0.0,0.0,0.0,0.6682918978288449,0.0,0.0
B0836JGZ74,1049.0,2499.0,58.0,1450.0,0.5802320928371348,-0.1251042535446205,0.4274553571428571,2,3.6,328,5.796057750765372,20.86580790275534,1.5120000000000002,0.203125,0,19,1,1,0.9473684210526316,-0.4473,279,4,4,0.0,0.0,0.0,0.0,4,0.0,0.0,0.0,0.0,0.0,0.0,0.0,0.0,0.0,0.0,0.0,0.0,0.0,0.0,0.0,0.0,0.0,0.0,0.0,0.5268830140236993,0.0,0.0,0.0,0.0,0.0,0.0,0.0,0.0,0.0,0.0,0.2651018627158024,0.0,0.0,0.0,0.0,0.0,0.0,0.0,0.0,0.0,0.0,0.0,0.0,0.0,0.0,0.7783787984995826,0.0,0.0,0.2150389219752098,0.0
B0BCKJJN8R,3599.0,7290.0,51.0,3691.0,0.5063100137174211,2.001668056713928,0.8381696428571429,3,3.9,942,6.849066282633458,26.711358502270485,1.911,0.3191964285714285,0,18,1,0,0.8888888888888888,0.8172,97,4,4,1.2,0.0,0.0,0.0,0,0.0,0.0,0.0,0.0,0.0,0.0,0.0,0.0,0.0,0.0,0.0,0.0,0.0,0.0,0.0,0.0,0.0,0.0,0.0,0.712470763082025,0.0,0.0,0.0,0.0,0.0,0.0,0.0,0.0,0.0,0.0,0.0,0.0,0.0,0.0,0.0,0.0,0.0,0.0,0.0,0.0,0.0,0.0,0.0,0.0,0.0,0.7017017968861966,0.0,0.0,0.0,0.0
B008P7IF02,4799.0,5795.0,17.0,996.0,0.1718723037100949,3.0025020850708923,0.8683035714285714,3,3.9,3815,8.246958032568177,32.16313632701589,3.237,0.609375,0,12,1,1,0.9166666666666666,0.9991,72,4,4,0.0,0.0,0.0,0.0,4,0.0,0.0,0.0,0.4674859239452618,0.0,0.0,0.0,0.0,0.0,0.0,0.0,0.0,0.0,0.0,0.0,0.0,0.0,0.0,0.0,0.0,0.0,0.0,0.0,0.0,0.0,0.0,0.0,0.0,0.0,0.0,0.0,0.0,0.0,0.0,0.0,0.0,0.0,0.0,0.0,0.0,0.0,0.0,0.0,0.0,0.0,0.0,0.8840005152221604,0.0,0.0,0.0
B08CNLYKW5,1699.0,3398.0,50.0,1699.0,0.5,0.4170141784820684,0.6205357142857143,2,3.8,7988,8.985820874482043,34.14611932303176,1.9,0.7723214285714286,0,29,1,1,0.896551724137931,0.7509,107,4,4,1.2,0.0,0.0,0.0,0,0.0,0.0,0.0,0.0,0.0,0.0,0.0,0.0,0.0,0.0,0.0,0.0,0.0,0.0,0.0,0.0,0.0,0.3212443870039773,0.0,0.0,0.0,0.0,0.0,0.0,0.0,0.0,0.0,0.0,0.0,0.0,0.0,0.3299609104485335,0.0,0.0,0.0,0.0,0.358941029174188,0.0,0.0,0.0,0.0,0.0,0.0,0.344884838917338,0.0,0.0,0.6792533211513678,0.0,0.2806395420456403,0.0
B08C7TYHPB,664.0,1490.0,55.0,826.0,0.5543624161073826,-0.4462051709758132,0.2734375,2,4.1,925,6.83087423464618,28.00658436204933,1.845,0.3169642857142857,0,13,1,1,1.0,0.9762,10,5,4,1.2,0.0,0.0,0.0,0,0.0,0.0,0.0,0.0,0.0,0.0,0.0,0.0,0.0,0.0,0.0,0.0,0.0,0.0,0.0,1.0,0.0,0.0,0.0,0.0,0.0,0.0,0.0,0.0,0.0,0.0,0.0,0.0,0.0,0.0,0.0,0.0,0.0,0.0,0.0,0.0,0.0,0.0,0.0,0.0,0.0,0.0,0.0,0.0,0.0,0.0,0.0,0.0,0.0,0.0
B08VJFYH6N,948.0,1620.0,41.0,672.0,0.4148148148148148,-0.2093411175979983,0.3794642857142857,2,4.1,4370,8.382747094863314,34.36926308893958,2.419,0.6473214285714286,0,16,1,0,1.0,0.9964,65,4,4,0.0,0.0,0.0,0.0,4,0.4755835633070466,0.0,0.0,0.0,0.0,0.0,0.0,0.0,0.0,0.0,0.3704064786080308,0.0,0.0,0.0,0.0,0.0,0.0,0.0,0.0,0.0,0.0,0.0,0.0,0.0,0.0,0.0,0.0,0.0,0.520045154110135,0.0,0.0,0.0,0.0,0.0,0.0,0.0,0.5144677715080609,0.0,0.0,0.0,0.0,0.0,0.3185832146919648,0.0,0.0,0.0,0.0,0.0,0.0,0.0
B08235JZFB,850.0,1000.0,15.0,150.0,0.15,-0.2910758965804837,0.3571428571428571,2,4.1,7619,8.938531648680692,36.64797975959084,3.4849999999999994,0.7544642857142857,0,13,1,0,0.8461538461538461,0.9472,88,6,4,0.0,0.0,1.1,0.0,3,0.0,0.0,0.0,0.0,0.0,0.0,0.0,0.0,0.0,0.0,0.0,0.0,0.0,0.0,0.0,0.0,0.0,0.0,0.0,0.0,0.0,0.0,0.0,0.0,0.0,0.0,0.0,0.0,0.0,0.7117928718165825,0.0,0.0,0.0,0.0,0.0,0.0,0.0,0.0,0.0,0.0,0.0,0.0,0.0,0.0,0.0,0.0,0.0,0.7023894273343686,0.0,0.0
B078XFKBZL,600.0,640.0,6.0,40.0,0.0625,-0.4995829858215179,0.2421875,2,3.8,2593,7.860956364876389,29.87163418653028,3.572,0.5245535714285714,0,6,0,0,1.0,0.5778,37,4,4,0.0,0.0,0.0,0.0,4,0.0,0.0,0.0,0.0,0.0,0.0,0.0,0.0,0.0,0.0,0.0,0.0,0.0,0.0,0.0,0.0,0.0,0.0,0.0,0.0,0.725004632321736,0.0,0.0,0.0,0.0,0.0,0.0,0.0,0.0,0.0,0.0,0.0,0.0,0.0,0.0,0.0,0.0,0.0,0.0,0.0,0.0,0.0,0.0,0.0,0.0,0.6887439895287831,0.0,0.0,0.0,0.0
B01M265AAK,3711.0,4495.0,17.0,784.0,0.1744160177975528,2.0950792326939114,0.8571428571428571,3,4.3,356,5.877735781779639,25.274263861652447,3.5689999999999995,0.2098214285714285,0,9,1,1,1.0,0.9955,83,4,4,0.0,0.0,0.0,0.0,4,0.0,0.0,0.0,0.0,0.0,0.0,0.0,0.0,0.0,0.0,0.0,0.0,0.0,0.0,0.0,0.0,0.0,0.0,0.0,0.6087316684800678,0.0,0.0,0.0,0.0,0.0,0.0,0.0,0.0,0.0,0.0,0.0,0.0,0.0,0.0,0.0,0.0,0.0,0.0,0.0,0.0,0.0,0.0,0.0,0.0,0.0,0.0,0.0,0.6185044673684037,0.4968882969388595,0.0
B0B694PXQJ,799.0,2999.0,73.0,2200.0,0.7335778592864288,-0.3336113427856547,0.3392857142857143,2,4.5,63,4.158883083359672,18.71497387511852,1.215,0.0669642857142857,0,23,1,0,0.9565217391304348,0.9717,115,4,4,1.2,0.0,0.0,1.0,0,0.5560451940932664,0.0,0.0,0.0,0.0,0.0,0.0,0.0,0.0,0.0,0.0,0.0,0.0,0.0,0.0,0.0,0.0,0.0,0.0,0.0,0.5973141689960841,0.0,0.0,0.0,0.0,0.0,0.0,0.0,0.0,0.0,0.0,0.0,0.0,0.0,0.0,0.0,0.0,0.0,0.0,0.0,0.0,0.0,0.0,0.5779528749321168,0.0,0.0,0.0,0.0,0.0,0.0
B00B3VFJY2,980.0,980.0,0.0,0.0,0.0,-0.1826522101751459,0.3973214285714285,2,4.2,4740,8.464003362902119,35.5488141241889,4.2,0.6651785714285714,0,16,1,0,0.9375,0.5423,82,4,4,0.0,0.0,0.0,0.0,4,0.0,0.0,0.0,0.0,0.0,0.0,0.0,0.0,0.0,0.0,0.0,0.0,0.0,0.0,0.0,0.0,0.0,0.0,0.0,0.0,0.0,0.0,0.0,0.0,0.0,0.0,0.0,0.0,0.0,0.0,0.0,0.0,0.0,0.0,0.0,0.0,0.0,0.0,0.0,0.0,0.0,0.0,0.0,0.0,0.0,1.0,0.0,0.0,0.0,0.0
B08W9BK4MD,351.0,899.0,61.0,548.0,0.6095661846496107,-0.707256046705588,0.1339285714285714,0,3.9,296,5.6937321388027,22.20555534133053,1.521,0.1830357142857142,0,17,1,0,0.8823529411764706,0.977,121,4,4,1.2,0.0,0.0,0.0,0,0.0,0.0,0.0,0.0,0.0,0.0,0.0,0.0,0.0,0.0,0.0,0.0,0.0,0.0,0.0,0.0,0.0,0.0,0.0,0.0,0.0,0.0,0.0,0.0,0.0,0.0,0.0,0.0,0.0,0.0,0.0,0.0,0.0,0.0,0.0,0.0,0.0,0.0,0.0,0.0,0.0,0.0,0.0,0.0,0.0,0.0,0.0,0.0,0.0,0.0
B09X5HD5T1,229.0,499.0,54.0,270.0,0.5410821643286573,-0.8090075062552127,0.0703125,0,3.5,185,5.225746673713202,18.290113357996205,1.61,0.1395089285714285,0,14,0,1,1.0,0.9936,26,4,4,0.0,0.0,0.0,0.0,4,0.0,0.0,0.0,1.0,0.0,0.0,0.0,0.0,0.0,0.0,0.0,0.0,0.0,0.0,0.0,0.0,0.0,0.0,0.0,0.0,0.0,0.0,0.0,0.0,0.0,0.0,0.0,0.0,0.0,0.0,0.0,0.0,0.0,0.0,0.0,0.0,0.0,0.0,0.0,0.0,0.0,0.0,0.0,0.0,0.0,0.0,0.0,0.0,0.0,0.0
B08H6B3G96,3349.0,3995.0,16.0,646.0,0.1617021276595744,1.793160967472894,0.8247767857142857,3,4.3,1954,7.578145472419466,32.586025531403706,3.612,0.4620535714285714,0,25,1,0,0.84,0.963,57,6,4,0.0,1.4,0.0,0.0,2,0.0,0.0,0.0,0.0,0.0,0.0,0.0,0.0,0.0,0.0,0.0,0.0,0.0,0.0,0.0,0.0,0.0,0.0,0.0,0.0,0.0,0.0,0.0,0.0,0.0,0.0,0.0,0.0,0.0,0.0,0.0,0.0,0.0,0.0,0.0,0.0,0.0,0.0,0.0,0.0,0.0,0.0,0.0,0.0,0.0,0.0,0.0,0.0,0.0,0.0
B09N3BFP4M,5499.0,11500.0,52.0,6001.0,0.5218260869565218,3.586321934945788,0.890625,3,3.9,959,6.866933284461882,26.78103980940134,1.872,0.3214285714285714,0,19,1,1,0.9473684210526316,0.6378,43,4,4,1.2,0.0,0.0,0.0,0,0.0,0.0,0.0,0.0,0.0,0.0,0.0,0.0,0.0,0.0,0.0,0.0,0.0,0.0,0.0,0.0,0.0,0.0,0.0,0.5252963659529724,0.0,0.0,0.0,0.0,0.0,0.0,0.0,0.0,0.0,0.0,0.0,0.0,0.0,0.0,0.0,0.0,0.0,0.5220644884914296,0.0,0.0,0.0,0.0,0.0,0.0,0.0,0.5173565330491375,0.0,0.0,0.4287827136023086,0.0
B09DSQXCM8,299.0,499.0,40.0,200.0,0.4008016032064128,-0.7506255212677231,0.1149553571428571,0,3.9,1015,6.923628628138427,27.002151649739865,2.34,0.3303571428571428,0,31,1,0,0.9032258064516128,0.9341,81,5,4,0.0,0.0,0.0,0.0,4,0.0,0.0,0.0,0.0,0.0,0.0,0.0,0.0,0.0,0.0,0.0,0.0,0.0,0.0,0.0,0.0,0.0,0.0,0.0,0.0,0.0,0.0,0.0,0.0,0.0,0.0,0.0,0.0,0.0,0.0,0.0,0.0,0.0,0.0,0.0,0.0,0.0,0.0,0.0,0.0,0.0,0.0,0.0,0.0,0.0,0.0,0.0,0.0,0.0,0.0
B01M69WCZ6,2249.0,3550.0,37.0,1301.0,0.3664788732394366,0.8757297748123436,0.7075892857142857,3,4.0,3973,8.287528423111763,33.15011369244705,2.52,0.6227678571428571,0,26,1,0,0.9230769230769232,0.974,234,3,4,0.0,0.0,0.0,0.0,4,0.0,0.0,0.0,0.0,0.0,0.0,0.0,0.0,0.0,0.0,0.0,0.0,0.0,0.0,0.0,0.0,0.0,0.0,0.0,0.0,0.0,0.0,0.0,0.0,0.0,0.0,0.0,0.0,0.0,0.0,0.0,0.0,0.0,0.0,0.0,0.0,0.0,0.0,0.0,0.0,0.0,0.0,0.0,1.0,0.0,0.0,0.0,0.0,0.0,0.0
B0BM9H2NY9,699.0,1599.0,56.0,900.0,0.5628517823639775,-0.4170141784820684,0.2935267857142857,2,4.7,2300,7.741099090035366,36.38316572316622,2.068,0.5,0,27,1,0,0.8888888888888888,0.9594,3,4,4,1.2,0.0,0.0,0.0,0,0.0,0.0,0.0,0.0,0.0,0.0,0.0,0.0,0.0,0.0,0.0,0.0,0.0,0.0,0.0,1.0,0.0,0.0,0.0,0.0,0.0,0.0,0.0,0.0,0.0,0.0,0.0,0.0,0.0,0.0,0.0,0.0,0.0,0.0,0.0,0.0,0.0,0.0,0.0,0.0,0.0,0.0,0.0,0.0,0.0,0.0,0.0,0.0,0.0,0.0
B099FDW2ZF,1235.0,1499.0,18.0,264.0,0.1761174116077385,0.0300250208507089,0.5044642857142857,2,4.1,203,5.318119993844216,21.804291974761284,3.362,0.1450892857142857,0,13,1,1,1.0,0.9631,50,4,4,0.0,0.0,0.0,0.0,4,0.0,0.0,0.0,0.3030466817078664,0.0,0.0,0.0,0.0,0.0,0.0,0.0,0.0,0.0,0.0,0.0,0.0,0.0,0.0,0.0,0.5801064955201602,0.0,0.0,0.0,0.0,0.0,0.0,0.0,0.0,0.0,0.0,0.0,0.0,0.0,0.0,0.0,0.0,0.0,0.0,0.0,0.0,0.0,0.0,0.0,0.0,0.0,0.0,0.0,0.5894197355043579,0.473522478831937,0.0
B0B935YNR7,1349.0,2999.0,55.0,1650.0,0.5501833944648216,0.1251042535446205,0.5290178571428571,2,3.8,441,6.091309882077698,23.14697755189525,1.7099999999999995,0.2220982142857142,0,33,1,1,0.9696969696969696,0.7828,94,4,4,1.2,0.0,0.0,0.0,0,0.0,0.0,0.0,0.3502522046379415,0.0,0.0,0.0,0.0,0.0,0.0,0.0,0.0,0.0,0.0,0.0,0.6623154056589132,0.0,0.0,0.0,0.0,0.0,0.0,0.0,0.0,0.0,0.0,0.0,0.0,0.0,0.0,0.0,0.0,0.0,0.0,0.0,0.0,0.0,0.0,0.0,0.0,0.0,0.0,0.0,0.0,0.0,0.0,0.6623154056589132,0.0,0.0,0.0
B07JGCGNDG,6800.0,11500.0,41.0,4700.0,0.408695652173913,4.67139282735613,0.9308035714285714,3,4.1,10308,9.240772579096385,37.88716757429518,2.419,0.8214285714285714,1,14,1,1,0.9285714285714286,0.8253,63,4,4,0.0,0.0,1.1,0.0,3,0.0,0.0,0.0,0.0,0.0,0.0,0.0,0.0,0.0,0.0,0.0,0.0,0.0,0.0,0.0,0.0,0.0,0.0,0.0,0.5252963659529724,0.0,0.0,0.0,0.0,0.0,0.0,0.0,0.0,0.0,0.0,0.0,0.0,0.0,0.0,0.0,0.0,0.0,0.5220644884914296,0.0,0.0,0.0,0.0,0.0,0.0,0.0,0.5173565330491375,0.0,0.0,0.4287827136023086,0.0
B08L12N5H1,2099.0,2499.0,16.0,400.0,0.1600640256102441,0.7506255212677231,0.6852678571428571,3,0.0,992,6.900730664045173,0.0,0.0,0.3258928571428571,0,24,1,1,0.875,0.9737,22,6,4,0.0,0.0,0.0,0.0,4,0.0,0.0,0.0,0.4572484125251648,0.0,0.0,0.0,0.0,0.0,0.0,0.0,0.0,0.0,0.0,0.0,0.0,0.0,0.0,0.0,0.0,0.0,0.0,0.0,0.0,0.0,0.0,0.0,0.0,0.0,0.0,0.0,0.0,0.0,0.0,0.0,0.0,0.0,0.0,0.0,0.0,0.0,0.0,0.0,0.0,0.0,0.0,0.0,0.8893390181720449,0.0,0.0
B07GWTWFS2,1699.0,1975.0,14.0,276.0,0.1397468354430379,0.4170141784820684,0.6205357142857143,2,4.1,4716,8.458928283284262,34.68160596146547,3.526,0.6629464285714286,0,23,1,1,0.9565217391304348,0.9852,99,4,4,0.0,0.0,0.0,0.0,4,0.0,0.0,0.0,0.0,0.0,0.0,0.0,0.0,0.0,0.0,0.0,0.0,0.0,0.0,0.0,0.0,0.0,0.0,0.0,0.0,0.0,0.0,0.0,0.0,0.0,1.0,0.0,0.0,0.0,0.0,0.0,0.0,0.0,0.0,0.0,0.0,0.0,0.0,0.0,0.0,0.0,0.0,0.0,0.0,0.0,0.0,0.0,0.0,0.0,0.0
B09KRHXTLN,1069.0,1699.0,37.0,630.0,0.3708063566804002,-0.1084236864053377,0.4352678571428571,2,3.9,313,5.749392985908253,22.422632645042185,2.457,0.1941964285714285,0,19,1,1,0.7894736842105263,-0.6561,37,4,4,0.0,0.0,0.0,0.0,4,0.0,0.0,0.0,0.0,0.0,0.0,0.0,0.0,0.0,0.0,0.0,0.0,0.0,0.0,0.0,0.0,0.0,0.0,0.0,0.6087316684800678,0.0,0.0,0.0,0.0,0.0,0.0,0.0,0.0,0.0,0.0,0.0,0.0,0.0,0.0,0.0,0.0,0.0,0.0,0.0,0.0,0.0,0.0,0.0,0.0,0.0,0.0,0.0,0.6185044673684037,0.4968882969388595,0.0
B09H34V36W,1349.0,2495.0,46.0,1146.0,0.4593186372745491,0.1251042535446205,0.5290178571428571,2,3.8,166,5.117993812416755,19.44837648718367,2.052,0.1294642857142857,0,22,1,1,0.9545454545454546,0.9916,140,4,4,1.2,0.0,0.0,0.0,0,0.0,0.0,0.0,0.0,0.0,0.0,0.0,0.0,0.0,0.0,0.0,0.0,0.0,0.0,0.0,0.5153325571229052,0.0,0.0,0.0,0.5216771285399524,0.0,0.0,0.0,0.0,0.0,0.0,0.0,0.0,0.0,0.0,0.0,0.0,0.0,0.0,0.0,0.0,0.0,0.0,0.0,0.0,0.0,0.0,0.0,0.0,0.0,0.0,0.0,0.5300523222843412,0.4258284452317091,0.0
B09J2QCKKM,1499.0,3500.0,57.0,2001.0,0.5717142857142857,0.250208507089241,0.5770089285714286,2,4.1,303,5.717027701406222,23.43981357576551,1.763,0.1875,0,8,1,0,1.0,0.9382,56,4,4,1.2,0.0,0.0,0.0,0,0.0,0.0,0.0,0.0,0.0,0.0,0.0,0.0,0.0,0.0,0.0,0.0,0.0,0.0,0.0,0.0,0.0,0.0,0.0,0.0,0.0,0.0,0.0,0.0,0.0,0.0,0.0,0.0,0.0,0.0,0.0,0.0,0.0,0.0,0.0,0.0,0.0,0.0,0.0,0.0,0.0,0.0,0.0,0.0,0.0,0.0,0.0,1.0,0.0,0.0
B09XRBJ94N,2092.0,4600.0,55.0,2508.0,0.5452173913043479,0.7447873227689742,0.6808035714285714,3,4.3,562,6.333279628139691,27.233102401000668,1.935,0.2589285714285714,0,18,1,1,0.8888888888888888,0.9662,57,4,4,1.2,0.0,0.0,0.0,0,0.0,0.0,0.0,0.4674859239452618,0.0,0.0,0.0,0.0,0.0,0.0,0.0,0.0,0.0,0.0,0.0,0.0,0.0,0.0,0.0,0.0,0.0,0.0,0.0,0.0,0.0,0.0,0.0,0.0,0.0,0.0,0.0,0.0,0.0,0.0,0.0,0.0,0.0,0.0,0.0,0.0,0.0,0.0,0.0,0.0,0.0,0.0,0.8840005152221604,0.0,0.0,0.0
B07SLNG3LW,3859.0,10295.0,63.0,6436.0,0.6251578436134045,2.218515429524604,0.8616071428571429,3,3.9,8095,8.999125391527247,35.096589026956266,1.443,0.7790178571428571,0,19,1,1,0.8421052631578947,0.9828,190,6,4,1.2,0.0,0.0,0.0,0,0.0,0.0,0.0,0.4410004202590735,0.0,0.0,0.0,0.0,0.0,0.0,0.0,0.0,0.0,0.0,0.0,0.0,0.0,0.0,0.0,0.0,0.0,0.0,0.0,0.0,0.0,0.0,0.0,0.8975068965369128,0.0,0.0,0.0,0.0,0.0,0.0,0.0,0.0,0.0,0.0,0.0,0.0,0.0,0.0,0.0,0.0,0.0,0.0,0.0,0.0,0.0,0.0
B0BNDGL26T,499.0,2199.0,77.0,1700.0,0.7730786721236926,-0.5838198498748958,0.203125,0,2.8,109,4.700480365792417,13.161345024218766,0.6439999999999999,0.0982142857142857,0,24,1,0,0.9583333333333334,0.8978,125,4,4,0.0,0.0,0.0,0.0,4,0.0,0.0,0.0,0.0,0.0,0.0,0.0,0.0,0.0,0.0,0.0,0.0,0.0,0.0,0.0,0.5163270377305237,0.0,0.0,0.0,0.0,0.0,0.0,0.0,0.0,0.0,0.0,0.0,0.0,0.0,0.0,0.5259780987465607,0.0,0.0,0.0,0.0,0.0,0.0,0.0,0.0,0.0,0.0,0.0,0.6758353569822872,0.0,0.0,0.0,0.0,0.0,0.0,0.0
B095PWLLY6,1804.0,2380.0,24.0,576.0,0.242016806722689,0.5045871559633027,0.640625,2,4.0,15382,9.64101828255575,38.564073130223,3.04,0.90625,1,14,1,0,1.0,0.7372,87,4,4,0.0,0.0,1.1,0.0,3,0.0,0.0,0.0,0.0,0.0,0.0,0.0,0.0,0.0,0.0,0.0,0.0,0.0,0.0,0.0,0.0,0.0,0.0,0.0,0.0,0.0,0.0,0.0,0.0,0.0,0.0,0.0,0.0,0.0,0.0,0.0,0.0,0.0,0.0,0.0,0.0,1.0,0.0,0.0,0.0,0.0,0.0,0.0,0.0,0.0,0.0,0.0,0.0,0.0,0.0
B07Y9PY6Y1,6525.0,8820.0,26.0,2295.0,0.2602040816326531,4.4420350291909925,0.9241071428571428,3,4.5,5137,8.544419177669829,38.44988629951423,3.33,0.6852678571428571,0,14,1,1,0.9285714285714286,0.9942,84,4,4,0.0,1.4,0.0,0.0,2,0.0,0.0,0.0,0.0,0.0,0.0,0.0,0.0,0.0,0.0,0.0,0.0,0.0,0.0,0.0,0.0,0.0,0.0,0.0,0.0,0.0,0.0,0.0,0.0,0.0,0.0,0.0,0.0,0.0,0.0,0.0,0.0,0.0,0.0,0.0,0.0,0.0,0.0,0.0,0.0,0.0,0.0,0.0,0.0,0.0,0.0,0.0,0.7795853801745977,0.6262959643954509,0.0
B0BJ966M5K,4999.0,24999.0,80.0,20000.0,0.8000320012800513,3.16930775646372,0.8772321428571429,3,4.6,124,4.8283137373023015,22.210243191590585,0.9199999999999996,0.1082589285714285,0,32,1,1,0.84375,0.9523,264,4,4,1.2,0.0,0.0,1.0,0,0.4652962794117286,0.0,0.0,0.2518579180434526,0.0,0.0,0.0,0.0,0.4947445586270906,0.0,0.0,0.0,0.0,0.0,0.0,0.0,0.0,0.0,0.0,0.0,0.4998299840123592,0.0,0.0,0.0,0.0,0.0,0.0,0.0,0.0,0.0,0.0,0.0,0.0,0.0,0.0,0.0,0.0,0.0,0.0,0.0,0.0,0.0,0.0,0.0,0.0,0.4748313071770966,0.0,0.0,0.0,0.0
B086GVRP63,1189.0,2400.0,50.0,1211.0,0.5045833333333334,-0.0083402835696413,0.4732142857142857,2,4.1,618,6.428105272684596,26.355231618006844,2.05,0.2767857142857143,0,10,1,0,0.9,0.9947,92,4,4,1.2,0.0,0.0,0.0,0,0.0,0.0,0.0,0.0,0.0,0.0,0.0,0.0,0.0,0.0,0.0,0.0,0.0,0.0,0.0,0.0,0.0,0.0,0.0,0.0,0.0,0.0,0.0,0.0,0.0,0.0,0.0,0.0,0.0,0.0,0.0,0.0,0.0,0.0,0.0,0.0,0.0,0.0,0.0,0.0,0.0,0.0,0.0,0.0,0.0,0.0,1.0,0.0,0.0,0.0
B08MVXPTDG,2590.0,4200.0,38.0,1610.0,0.3833333333333333,1.1601334445371143,0.734375,3,4.1,63,4.158883083359672,17.05142064177465,2.542,0.0669642857142857,0,17,1,1,0.9411764705882352,0.8523,97,4,4,0.0,0.0,0.0,0.0,4,0.0,0.0,0.0,0.2956657786340696,0.0,0.0,0.0,0.0,0.0,0.0,0.0,0.0,0.0,0.0,0.0,0.0,0.0,0.5288333231332356,0.0,0.5659776167883952,0.0,0.0,0.0,0.0,0.0,0.0,0.0,0.0,0.0,0.0,0.0,0.0,0.0,0.0,0.0,0.0,0.0,0.0,0.0,0.0,0.0,0.0,0.0,0.0,0.0,0.0,0.5590942684226844,0.0,0.0,0.0
B0BMZ6SY89,899.0,1599.0,44.0,700.0,0.4377736085053158,-0.250208507089241,0.3671875,2,3.4,15,2.772588722239781,9.426801655615256,1.904,0.0290178571428571,0,9,1,1,0.8888888888888888,0.9769,42,4,4,0.0,0.0,0.0,0.0,4,0.0,0.0,0.0,0.0,0.0,0.0,0.0,0.0,0.0,0.0,0.0,0.0,0.0,0.0,0.0,0.0,0.0,0.0,0.0,0.6832033121553999,0.0,0.0,0.0,0.0,0.0,0.0,0.0,0.0,0.0,0.0,0.0,0.0,0.0,0.0,0.0,0.0,0.0,0.0,0.0,0.0,0.0,0.0,0.0,0.0,0.0,0.0,0.6748942796730583,0.0,0.2788385653464655,0.0
B09P1MFKG1,998.0,2999.0,67.0,2001.0,0.6672224074691564,-0.1676396997497914,0.3995535714285714,2,4.6,9,2.302585092994046,10.59189142777261,1.5179999999999998,0.0200892857142857,0,20,1,1,0.9,0.9766,81,4,4,1.2,0.0,0.0,1.0,0,0.0,0.0,0.0,0.0,0.0,0.0,0.0,0.0,0.0,0.0,0.0,0.0,0.0,0.0,0.0,0.3839938801331969,0.0,0.0,0.0,0.7774429230056389,0.0,0.0,0.0,0.0,0.0,0.0,0.0,0.0,0.0,0.0,0.0,0.0,0.0,0.0,0.0,0.0,0.0,0.0,0.0,0.0,0.0,0.0,0.0,0.0,0.0,0.0,0.3839938801331969,0.0,0.3173009636117608,0.0
B01LY9W8AF,998.06,1282.0,22.0,283.94000000000005,0.2214820592823713,-0.1675896580483737,0.4017857142857143,2,4.2,7274,8.892199092039693,37.34723618656671,3.276,0.7522321428571429,0,9,1,0,1.0,0.9756,42,4,4,0.0,0.0,1.1,0.0,3,0.0,0.0,0.0,0.0,0.0,0.0,0.0,0.0,0.0,0.0,0.0,0.0,0.0,0.0,0.0,0.0,0.0,1.0,0.0,0.0,0.0,0.0,0.0,0.0,0.0,0.0,0.0,0.0,0.0,0.0,0.0,0.0,0.0,0.0,0.0,0.0,0.0,0.0,0.0,0.0,0.0,0.0,0.0,0.0,0.0,0.0,0.0,0.0,0.0,0.0
B07ZJND9B9,1099.0,1990.0,45.0,891.0,0.4477386934673367,-0.0834028356964136,0.4486607142857143,2,3.9,5911,8.684739462628038,33.87048390424935,2.145,0.7131696428571429,0,19,1,0,1.0,0.9488,58,4,4,0.0,0.0,0.0,0.0,4,0.0,0.0,0.0,0.0,0.0,0.0,0.0,0.0,0.0,0.0,0.0,0.0,0.0,0.0,0.0,0.0,0.0,0.0,0.0,0.0,0.0,0.0,0.0,0.0,0.0,0.0,0.0,0.0,0.0,0.0,0.0,0.0,0.0,0.0,0.0,0.0,0.7210847085540455,0.0,0.0,0.0,0.0,0.0,0.0,0.6928469117269177,0.0,0.0,0.0,0.0,0.0,0.0
B0B2CWRDB1,5999.0,9999.0,40.0,4000.0,0.4000400040004,4.003336113427856,0.9017857142857144,3,4.2,170,5.14166355650266,21.594986937311173,2.52,0.1339285714285714,0,19,1,0,0.8947368421052632,0.9818,61,4,4,0.0,0.0,0.0,1.0,1,0.6886954647021027,0.0,0.0,0.0,0.0,0.0,0.0,0.0,0.0,0.0,0.0,0.0,0.0,0.0,0.0,0.0,0.0,0.0,0.0,0.0,0.0,0.0,0.0,0.0,0.0,0.0,0.0,0.0,0.0,0.0,0.0,0.0,0.0,0.0,0.0,0.0,0.0,0.0,0.0,0.0,0.0,0.0,0.0,0.0,0.0,0.0,0.0,0.7250507271210441,0.0,0.0
B072NCN9M4,8886.0,11850.0,25.0,2964.0,0.250126582278481,6.41117597998332,0.9665178571428572,1,4.2,3065,8.028129059431759,33.71814204961339,3.1500000000000004,0.5602678571428571,0,31,1,1,0.935483870967742,0.9998,336,6,4,0.0,0.0,0.0,0.0,4,0.0,0.0,0.0,0.4572484125251648,0.0,0.0,0.0,0.0,0.0,0.0,0.0,0.0,0.0,0.0,0.0,0.0,0.0,0.0,0.0,0.0,0.0,0.0,0.0,0.0,0.0,0.0,0.0,0.0,0.0,0.0,0.0,0.0,0.0,0.0,0.0,0.0,0.0,0.0,0.0,0.0,0.0,0.0,0.0,0.0,0.0,0.0,0.0,0.8893390181720449,0.0,0.0
B08SKZ2RMG,475.0,999.0,52.0,524.0,0.5245245245245245,-0.603836530442035,0.1830357142857142,0,4.1,1021,6.92951677076365,28.41101876013096,1.968,0.3370535714285714,0,22,1,0,0.8181818181818182,0.9912,181,5,4,1.2,0.0,0.0,0.0,0,0.0,0.0,0.0,0.0,0.0,0.0,0.0,0.0,0.0,0.0,0.0,0.0,0.0,0.0,0.0,0.0,0.0,0.0,0.0,0.0,0.0,0.0,0.0,0.0,0.0,0.0,0.0,0.0,0.0,1.0,0.0,0.0,0.0,0.0,0.0,0.0,0.0,0.0,0.0,0.0,0.0,0.0,0.0,0.0,0.0,0.0,0.0,0.0,0.0,0.0
B0B53DS4TF,4995.0,20049.0,75.0,15054.0,0.7508603920395032,3.165971643035863,0.8727678571428571,3,4.8,3964,8.285261134068948,39.76925344353095,1.2,0.6205357142857143,0,27,1,1,1.0,0.998,151,5,4,1.2,0.0,0.0,0.0,0,0.0,0.0,0.0,1.0,0.0,0.0,0.0,0.0,0.0,0.0,0.0,0.0,0.0,0.0,0.0,0.0,0.0,0.0,0.0,0.0,0.0,0.0,0.0,0.0,0.0,0.0,0.0,0.0,0.0,0.0,0.0,0.0,0.0,0.0,0.0,0.0,0.0,0.0,0.0,0.0,0.0,0.0,0.0,0.0,0.0,0.0,0.0,0.0,0.0,0.0
B08BJN4MP3,13999.0,24850.0,44.0,10851.0,0.4366599597585513,10.67556296914095,0.9866071428571428,1,4.4,8948,9.09929707318286,40.036907122004585,2.4640000000000004,0.7901785714285714,0,15,1,1,0.9333333333333332,0.9937,225,4,4,0.0,0.0,1.1,0.0,3,0.0,0.0,0.0,0.256345896510504,0.0,0.0,0.0,0.0,0.0,0.0,0.0,0.0,0.0,0.0,0.0,0.0,0.0,0.0,0.0,0.0,0.0,0.0,0.0,0.0,0.0,0.0,0.0,0.0,0.0,0.0,0.0,0.0,0.0,0.0,0.0,0.0,0.0,0.0,0.0,0.0,0.0,0.0,0.0,0.0,0.0,0.9665851133460652,0.0,0.0,0.0,0.0
B0BCYQY9X5,8499.0,16490.0,48.0,7991.0,0.4845967252880533,6.088407005838199,0.953125,1,4.3,97,4.584967478670572,19.71536015828346,2.236,0.0915178571428571,0,16,1,1,0.9375,0.9909,161,4,4,1.2,0.0,0.0,1.0,0,0.0,0.0,0.0,0.2873334624703524,0.0,0.0,0.0,0.0,0.0,0.0,0.0,0.0,0.0,0.0,0.0,0.0,0.0,0.0,0.0,0.0,0.5702337296697334,0.0,0.0,0.0,0.0,0.0,0.0,0.0,0.0,0.0,0.0,0.0,0.0,0.0,0.0,0.0,0.0,0.5466434621284719,0.0,0.0,0.0,0.0,0.0,0.0,0.0,0.5417138545430991,0.0,0.0,0.0,0.0
B009UORDX4,949.0,975.0,3.0,26.0,0.0266666666666666,-0.2085070892410342,0.3850446428571428,2,4.3,7223,8.88516409509682,38.20620560891633,4.170999999999999,0.7455357142857143,0,12,1,0,0.9166666666666666,0.9891,36,6,4,0.0,1.4,0.0,0.0,2,0.0,0.0,0.0,0.0,0.0,0.0,0.0,0.0,0.0,0.0,0.0,0.0,0.0,0.0,0.0,0.0,0.0,0.0,0.0,0.0,0.0,0.0,0.0,0.0,0.0,0.0,0.0,0.0,0.0,0.7216087978400123,0.0,0.0,0.0,0.0,0.0,0.0,0.0,0.0,0.0,0.0,0.0,0.0,0.0,0.0,0.0,0.0,0.6923010493130084,0.0,0.0,0.0
B08VGDBF3B,395.0,499.0,21.0,104.0,0.2084168336673346,-0.6705587989991659,0.1584821428571428,0,4.0,330,5.802118375377063,23.20847350150825,3.16,0.2053571428571428,0,21,1,1,0.9523809523809524,0.8271,99,4,4,0.0,0.0,0.0,0.0,4,0.0,0.0,0.0,0.2313926356071152,0.0,0.0,0.0,0.0,0.0,0.0,0.0,0.0,0.0,0.0,0.0,0.0,0.0,0.4138731814077048,0.0,0.0,0.0,0.0,0.0,0.0,0.0,0.0,0.0,0.0,0.0,0.0,0.0,0.0,0.0,0.0,0.0,0.0,0.0,0.8804353683821758,0.0,0.0,0.0,0.0,0.0,0.0,0.0,0.0,0.0,0.0,0.0,0.0
B012ELCYUG,635.0,635.0,0.0,0.0,0.0,-0.4703919933277731,0.2522321428571428,2,4.3,4570,8.427487278331744,36.2381952968265,4.3,0.6540178571428571,0,13,1,1,0.8461538461538461,0.7814,40,5,4,0.0,1.4,0.0,0.0,2,0.0,0.0,0.0,0.0,0.0,0.0,0.0,0.0,0.0,0.0,0.0,0.0,0.0,0.0,0.0,0.0,0.0,0.0,0.0,0.0,0.0,0.0,0.0,0.0,0.0,0.0,0.0,0.0,0.0,0.0,0.0,0.0,0.0,0.0,0.0,0.0,0.0,0.0,0.0,0.0,0.0,0.0,0.0,0.0,0.0,0.0,0.0,0.0,1.0,0.0
B07S9M8YTY,717.0,1390.0,48.0,673.0,0.4841726618705036,-0.4020016680567139,0.3013392857142857,2,4.0,4867,8.490438454107418,33.96175381642967,2.08,0.6696428571428571,0,16,1,1,0.9375,0.9402,134,6,4,1.2,0.0,0.0,0.0,0,0.0,0.0,0.0,0.0,0.0,0.0,0.0,0.0,0.0,0.0,0.0,0.0,0.0,0.0,0.0,0.0,0.0,0.7530984443225246,0.0,0.0,0.0,0.0,0.0,0.0,0.0,0.0,0.0,0.0,0.0,0.0,0.0,0.0,0.0,0.0,0.0,0.0,0.0,0.0,0.0,0.0,0.0,0.0,0.0,0.0,0.0,0.0,0.0,0.0,0.6579078454912919,0.0
B0B19VJXQZ,27900.0,59900.0,53.0,32000.0,0.5342237061769616,22.269391159299417,0.9977678571428572,1,4.4,5298,8.575273402492762,37.73120297096816,2.068,0.6964285714285714,0,30,1,1,0.9,0.9981,176,6,4,1.2,0.0,0.0,0.0,0,0.0,0.0,0.0,0.0,0.0,0.0,0.0,0.0,0.7826078404218877,0.0,0.0,0.0,0.0,0.0,0.0,0.0,0.0,0.0,0.0,0.0,0.0,0.0,0.0,0.0,0.0,0.0,0.0,0.0,0.0,0.0,0.0,0.0,0.0,0.0,0.0,0.0,0.0,0.0,0.0,0.0,0.0,0.0,0.0,0.0,0.0,0.0,0.0,0.0,0.6225150344451041,0.0
B00SMFPJG0,649.0,670.0,3.0,21.0,0.0313432835820895,-0.4587155963302752,0.2622767857142857,2,4.1,7786,8.960210955576986,36.73686491786564,3.977,0.7589285714285714,0,6,0,1,1.0,0.943,22,4,4,0.0,0.0,1.1,0.0,3,0.0,0.0,0.0,0.0,0.0,0.0,0.0,0.0,0.0,0.0,0.0,0.0,0.0,0.0,0.0,0.0,0.0,0.0,0.0,0.0,0.0,0.0,0.0,0.0,0.0,0.0,0.0,0.0,0.0,0.0,0.0,0.0,0.0,0.0,0.0,0.0,0.0,0.0,0.0,0.0,0.0,0.0,0.0,0.0,0.0,0.0,0.0,0.0,0.0,0.0
B0BHYLCL19,193.0,399.0,52.0,206.0,0.5162907268170426,-0.8390325271059216,0.0379464285714285,0,3.6,37,3.6375861597263857,13.095310175014989,1.728,0.046875,0,28,1,0,0.9285714285714286,0.9625,111,4,4,0.0,0.0,0.0,0.0,4,0.0,0.0,0.0,0.0,0.0,0.0,0.0,0.0,0.0,0.0,0.0,0.0,0.0,0.0,0.0,0.0,0.0,0.0,0.0,0.0,0.0,0.0,0.0,0.0,0.0,0.0,0.0,0.0,0.0,0.0,0.0,0.0,0.0,0.0,0.0,0.0,0.0,0.0,0.0,0.0,0.0,0.0,0.0,0.0,0.0,1.0,0.0,0.0,0.0,0.0
B0BPJBTB3F,1299.0,2495.0,48.0,1196.0,0.4793587174348697,0.0834028356964136,0.5167410714285714,2,2.0,2,1.0986122886681098,2.19722457733622,1.04,0.0033482142857142,0,9,1,0,0.7777777777777778,0.7902,23,4,4,0.0,0.0,0.0,0.0,4,0.0,0.0,0.0,0.0,0.0,0.0,0.0,0.0,0.0,0.0,0.0,0.0,0.0,0.0,0.0,0.0,0.0,0.0,0.0,0.6942397240137206,0.719743847213266,0.0,0.0,0.0,0.0,0.0,0.0,0.0,0.0,0.0,0.0,0.0,0.0,0.0,0.0,0.0,0.0,0.0,0.0,0.0,0.0,0.0,0.0,0.0,0.0,0.0,0.0,0.0,0.0,0.0
B08MXJYB2V,2449.0,3390.0,28.0,941.0,0.2775811209439528,1.042535446205171,0.7232142857142857,3,4.0,5206,8.557759153162898,34.23103661265159,2.88,0.6919642857142857,0,15,1,1,0.8666666666666667,0.9859,54,4,4,0.0,0.0,0.0,0.0,4,0.0,0.0,0.0,0.0,0.0,0.0,0.0,0.0,0.0,0.0,0.0,0.0,0.0,0.0,0.0,0.0,0.0,0.0,0.0,0.0,0.0,0.0,0.0,0.0,0.0,0.0,0.0,0.0,0.0,0.0,0.0,0.0,0.0,0.0,0.0,0.0,0.0,0.0,0.0,0.0,0.0,0.0,0.0,0.6164061886066992,0.0,0.0,0.6070083453127811,0.0,0.5015817773484221,0.0
B081B1JL35,1049.0,2499.0,58.0,1450.0,0.5802320928371348,-0.1251042535446205,0.4274553571428571,2,3.7,638,6.459904454377535,23.90164648119688,1.5540000000000005,0.2823660714285714,0,19,1,1,0.9473684210526316,0.9697,279,4,4,0.0,0.0,0.0,0.0,4,0.0,0.0,0.0,0.0,0.0,0.0,0.0,0.0,0.0,0.0,0.0,0.0,0.0,0.0,0.0,0.0,0.0,0.0,0.0,0.5395044623816644,0.0,0.0,0.0,0.0,0.0,0.0,0.0,0.0,0.0,0.0,0.2714523606077639,0.0,0.0,0.0,0.0,0.0,0.0,0.0,0.0,0.0,0.0,0.0,0.0,0.0,0.0,0.7970248120295528,0.0,0.0,0.0,0.0
B09VL9KFDB,2399.0,4200.0,43.0,1801.0,0.4288095238095238,1.000834028356964,0.7176339285714286,3,3.8,397,5.986452005284438,22.74851762008086,2.166,0.2165178571428571,0,8,1,1,1.0,0.6809,31,4,4,0.0,0.0,0.0,0.0,4,0.0,0.0,0.0,0.0,1.0,0.0,0.0,0.0,0.0,0.0,0.0,0.0,0.0,0.0,0.0,0.0,0.0,0.0,0.0,0.0,0.0,0.0,0.0,0.0,0.0,0.0,0.0,0.0,0.0,0.0,0.0,0.0,0.0,0.0,0.0,0.0,0.0,0.0,0.0,0.0,0.0,0.0,0.0,0.0,0.0,0.0,0.0,0.0,0.0,0.0
B0B1MDZV9C,2286.0,4495.0,49.0,2209.0,0.4914349276974416,0.9065888240200168,0.7120535714285714,3,3.9,326,5.7899601708972535,22.58084466649929,1.989,0.2008928571428571,0,23,1,1,0.9130434782608696,0.9953,288,6,4,1.2,0.0,0.0,0.0,0,0.0,0.0,0.0,0.350549784111415,0.0,0.0,0.0,0.0,0.0,0.0,0.0,0.0,0.0,0.0,0.0,0.0,0.0,0.6269998784158116,0.0,0.0,0.6956910243247343,0.0,0.0,0.0,0.0,0.0,0.0,0.0,0.0,0.0,0.0,0.0,0.0,0.0,0.0,0.0,0.0,0.0,0.0,0.0,0.0,0.0,0.0,0.0,0.0,0.0,0.0,0.0,0.0,0.0
B08TT63N58,499.0,2199.0,77.0,1700.0,0.7730786721236926,-0.5838198498748958,0.203125,0,3.1,3527,8.168486417126681,25.322307893092717,0.713,0.5915178571428571,0,23,1,0,0.9565217391304348,0.629,161,4,4,0.0,0.0,0.0,0.0,4,0.0,0.0,0.0,0.0,0.0,0.0,0.0,0.0,0.0,0.0,0.0,0.0,0.0,0.0,0.0,0.6367932937677628,0.0,0.0,0.0,0.0,0.0,0.0,0.0,0.0,0.0,0.0,0.0,0.0,0.0,0.0,0.6486960811169765,0.0,0.0,0.0,0.0,0.0,0.0,0.0,0.0,0.0,0.0,0.0,0.4167585576276519,0.0,0.0,0.0,0.0,0.0,0.0,0.0
B08YK7BBD2,429.0,999.0,57.0,570.0,0.5705705705705706,-0.6422018348623854,0.1674107142857142,0,3.0,617,6.42648845745769,19.27946537237307,1.29,0.2745535714285714,0,31,1,0,0.9032258064516128,0.793,162,4,4,0.0,0.0,0.0,0.0,4,0.0,0.0,0.4798300971624961,0.0,0.0,0.0,0.0,0.0,0.0,0.0,0.0,0.0,0.0,0.0,0.0,0.0,0.0,0.0,0.0,0.0,0.0,0.0,0.0,0.0,0.0,0.0,0.0,0.0,0.5246886900177571,0.0,0.5003112714589175,0.0,0.0,0.0,0.0,0.0,0.0,0.49411890074722,0.0,0.0,0.0,0.0,0.0,0.0,0.0,0.0,0.0,0.0,0.0,0.0
B07YQ5SN4H,299.0,595.0,50.0,296.0,0.4974789915966386,-0.7506255212677231,0.1149553571428571,0,4.0,314,5.752572638825633,23.01029055530253,2.0,0.1964285714285714,0,6,0,1,1.0,0.9117,80,4,4,1.2,0.0,0.0,0.0,0,0.0,0.0,0.0,1.0,0.0,0.0,0.0,0.0,0.0,0.0,0.0,0.0,0.0,0.0,0.0,0.0,0.0,0.0,0.0,0.0,0.0,0.0,0.0,0.0,0.0,0.0,0.0,0.0,0.0,0.0,0.0,0.0,0.0,0.0,0.0,0.0,0.0,0.0,0.0,0.0,0.0,0.0,0.0,0.0,0.0,0.0,0.0,0.0,0.0,0.0
B0B7FJNSZR,5395.0,19990.0,73.0,14595.0,0.7301150575287644,3.499582985821518,0.8839285714285714,3,4.4,535,6.284134161070802,27.65019030871153,1.1880000000000002,0.2455357142857142,0,32,1,1,0.84375,0.5859,289,4,4,1.2,0.0,0.0,0.0,0,0.4652962794117286,0.0,0.0,0.2518579180434526,0.0,0.0,0.0,0.0,0.4947445586270906,0.0,0.0,0.0,0.0,0.0,0.0,0.0,0.0,0.0,0.0,0.0,0.4998299840123592,0.0,0.0,0.0,0.0,0.0,0.0,0.0,0.0,0.0,0.0,0.0,0.0,0.0,0.0,0.0,0.0,0.0,0.0,0.0,0.0,0.0,0.0,0.0,0.0,0.4748313071770966,0.0,0.0,0.0,0.0
B01N6IJG0F,559.0,1010.0,45.0,451.0,0.4465346534653465,-0.5337781484570475,0.2276785714285714,2,4.1,17325,9.759963542450086,40.01585052404535,2.255,0.921875,1,13,1,1,0.9230769230769232,0.9392,36,6,4,0.0,0.0,1.1,0.0,3,0.0,0.0,0.0,0.0,0.0,0.0,0.0,0.0,0.0,0.0,0.0,0.0,0.0,0.0,0.0,0.0,0.0,0.0,0.0,0.0,0.0,0.0,0.0,0.0,0.0,0.0,0.0,0.0,0.0,0.0,0.0,0.0,0.0,0.0,0.0,0.0,0.0,0.0,0.0,0.0,0.0,0.0,0.0,0.0,0.0,0.0,0.0,0.0,1.0,0.0
B0B84QN4CN,660.0,1100.0,40.0,440.0,0.4,-0.4495412844036697,0.2700892857142857,2,3.6,91,4.5217885770490405,16.278438877376548,2.16,0.0848214285714285,0,25,1,0,1.0,0.7906,15,6,4,0.0,0.0,0.0,0.0,4,0.0,0.0,0.0,0.0,0.0,0.0,0.0,0.0,0.0,0.0,0.0,0.0,0.0,0.0,0.0,0.0,0.0,0.0,0.0,0.0,0.0,0.0,0.0,0.0,0.0,0.0,0.0,0.0,0.0,0.0,0.0,0.0,0.0,0.0,0.0,0.0,0.0,0.0,0.0,0.0,0.0,0.0,0.0,0.7125175068721861,0.0,0.0,0.7016543325603032,0.0,0.0,0.0
B0B8ZM9RVV,419.0,999.0,58.0,580.0,0.5805805805805806,-0.6505421184320267,0.1629464285714285,0,4.4,227,5.429345628954441,23.889120767399543,1.8480000000000003,0.1540178571428571,0,15,1,0,0.9333333333333332,0.991,40,4,4,1.2,0.0,0.0,0.0,0,0.0,0.0,0.0,0.0,0.0,0.0,0.0,0.0,0.0,0.0,0.0,0.0,0.0,0.0,0.0,0.0,0.0,0.0,0.0,0.0,0.0,0.0,0.0,0.0,0.0,0.0,0.0,0.0,0.0,0.0,0.0,0.0,0.0,0.0,0.0,0.0,0.0,0.0,0.0,0.0,0.0,0.0,0.0,0.0,0.0,0.0,0.0,0.0,0.0,0.0
B01892MIPA,7349.0,10900.0,33.0,3551.0,0.3257798165137615,5.129274395329441,0.9441964285714286,3,4.2,11957,9.38915578944085,39.43445431565157,2.814,0.8549107142857143,1,13,1,1,1.0,0.6357,91,4,4,0.0,0.0,1.1,0.0,3,0.0,0.0,0.0,0.0,0.0,0.0,0.0,0.0,0.0,0.0,0.0,0.0,0.0,0.0,0.0,0.0,0.0,0.0,0.0,0.5252963659529724,0.0,0.0,0.0,0.0,0.0,0.0,0.0,0.0,0.0,0.0,0.0,0.0,0.0,0.0,0.0,0.0,0.0,0.5220644884914296,0.0,0.0,0.0,0.0,0.0,0.0,0.0,0.5173565330491375,0.0,0.0,0.4287827136023086,0.0
B08ZHYNTM1,2899.0,4005.0,28.0,1106.0,0.2761548064918851,1.4178482068390326,0.7756696428571429,3,4.3,7140,8.87360810154911,38.15651483666117,3.096,0.7410714285714286,0,9,1,1,1.0,0.8705,29,4,4,0.0,1.4,0.0,0.0,2,0.0,0.0,0.0,0.0,0.0,0.0,0.0,0.0,0.0,0.0,0.0,0.0,0.0,0.0,0.0,0.0,0.0,0.0,0.0,0.0,0.0,0.0,0.0,0.0,0.0,0.0,0.0,0.0,0.0,0.0,0.0,0.0,0.0,0.0,0.0,0.0,0.0,0.0,0.0,0.0,0.0,0.0,0.0,0.0,0.0,0.0,0.0,0.0,0.0,0.0
B09SDDQQKP,1799.0,3295.0,45.0,1496.0,0.4540212443095599,0.5004170141784821,0.6339285714285714,2,3.8,687,6.533788837933344,24.828397584146703,2.09,0.2879464285714285,0,25,1,1,0.96,0.9926,233,6,4,0.0,0.0,0.0,0.0,4,0.0,0.0,0.0,0.4879990338929981,0.0,0.0,0.0,0.0,0.0,0.0,0.0,0.0,0.0,0.0,0.0,0.0,0.0,0.8728441687492107,0.0,0.0,0.0,0.0,0.0,0.0,0.0,0.0,0.0,0.0,0.0,0.0,0.0,0.0,0.0,0.0,0.0,0.0,0.0,0.0,0.0,0.0,0.0,0.0,0.0,0.0,0.0,0.0,0.0,0.0,0.0,0.0
B0B5RP43VN,1474.0,4650.0,68.0,3176.0,0.683010752688172,0.2293577981651376,0.5625,2,4.1,1045,6.952728644624869,28.50618744296196,1.3119999999999996,0.3415178571428571,0,14,1,1,0.9285714285714286,0.9889,85,4,4,1.2,0.0,0.0,0.0,0,0.0,0.0,0.0,1.0,0.0,0.0,0.0,0.0,0.0,0.0,0.0,0.0,0.0,0.0,0.0,0.0,0.0,0.0,0.0,0.0,0.0,0.0,0.0,0.0,0.0,0.0,0.0,0.0,0.0,0.0,0.0,0.0,0.0,0.0,0.0,0.0,0.0,0.0,0.0,0.0,0.0,0.0,0.0,0.0,0.0,0.0,0.0,0.0,0.0,0.0
B096NTB9XT,15999.0,24500.0,35.0,8501.0,0.3469795918367347,12.343619683069225,0.9933035714285714,1,4.0,11206,9.324293862052029,37.29717544820812,2.6,0.8392857142857143,1,21,1,1,0.8095238095238095,-0.9469,337,4,4,0.0,0.0,1.1,0.0,3,0.0,0.0,0.0,0.256345896510504,0.0,0.0,0.0,0.0,0.0,0.0,0.0,0.0,0.0,0.0,0.0,0.0,0.0,0.0,0.0,0.0,0.0,0.0,0.0,0.0,0.0,0.0,0.0,0.0,0.0,0.0,0.0,0.0,0.0,0.0,0.0,0.0,0.0,0.0,0.0,0.0,0.0,0.0,0.0,0.0,0.0,0.9665851133460652,0.0,0.0,0.0,0.0
B078JF6X9B,3645.0,6070.0,40.0,2425.0,0.3995057660626029,2.0400333611342787,0.8459821428571429,3,4.2,561,6.331501849893691,26.592307769553504,2.52,0.2566964285714285,0,10,1,1,1.0,0.9942,62,4,4,0.0,0.0,0.0,0.0,4,0.0,0.0,0.0,0.0,0.5163864101861679,0.0,0.0,0.0,0.0,0.0,0.0,0.0,0.0,0.0,0.0,0.0,0.0,0.0,0.0,0.5274209895449956,0.0,0.0,0.0,0.0,0.0,0.0,0.0,0.0,0.0,0.0,0.0,0.0,0.0,0.0,0.0,0.0,0.0,0.0,0.0,0.0,0.0,0.0,0.0,0.0,0.0,0.5194490430432043,0.0,0.0,0.4305169762551988,0.0
B08CGW4GYR,375.0,999.0,62.0,624.0,0.6246246246246246,-0.6872393661384487,0.1473214285714285,0,3.6,1988,7.595387278853972,27.3433942038743,1.368,0.4665178571428571,0,27,1,0,0.8888888888888888,0.9926,282,4,4,0.0,0.0,0.0,0.0,4,0.0,0.0,0.0,0.0,0.0,0.0,0.0,0.0,0.0,0.0,0.0,0.0,0.0,0.0,0.0,0.0,0.0,0.0,0.0,0.0,0.0,0.0,0.0,0.0,0.0,0.0,0.0,0.0,0.6517801778606364,0.0,0.0,0.0,0.0,0.0,0.0,0.0,0.6447899628847906,0.0,0.0,0.0,0.0,0.0,0.3992849903402174,0.0,0.0,0.0,0.0,0.0,0.0,0.0
B00A328ENA,2976.0,3945.0,25.0,969.0,0.2456273764258555,1.4820683903252712,0.7834821428571429,3,4.2,3740,8.227108234348146,34.55385458426221,3.1500000000000004,0.6071428571428571,0,10,1,0,1.0,0.9708,52,4,4,0.0,0.0,0.0,0.0,4,0.0,0.0,0.0,0.0,0.0,0.0,0.0,0.0,0.0,0.0,0.0,0.0,0.0,0.0,0.0,0.0,0.0,0.0,0.0,0.0,0.0,0.0,0.0,0.0,0.0,0.0,0.0,0.0,0.0,0.0,0.0,0.0,0.0,0.0,0.0,0.0,0.0,0.0,0.0,0.0,0.0,0.0,0.0,0.0,0.0,0.0,0.0,0.0,0.0,0.0
B0763K5HLQ,1099.0,1499.0,27.0,400.0,0.266844563042028,-0.0834028356964136,0.4486607142857143,2,4.1,4401,8.389814262086407,34.39823847455427,2.993,0.6517857142857143,0,28,0,0,0.8214285714285714,0.997,93,4,4,0.0,0.0,0.0,0.0,4,0.0,0.0,0.5647960470649153,0.0,0.0,0.0,0.0,0.0,0.0,0.0,0.0,0.0,0.0,0.0,0.0,0.5780982530713705,0.0,0.0,0.0,0.0,0.0,0.0,0.0,0.0,0.0,0.0,0.0,0.0,0.0,0.0,0.5889039268129189,0.0,0.0,0.0,0.0,0.0,0.0,0.0,0.0,0.0,0.0,0.0,0.0,0.0,0.0,0.0,0.0,0.0,0.0,0.0
B09PDZNSBG,2575.0,6700.0,62.0,4125.0,0.6156716417910447,1.1476230191826522,0.7321428571428571,3,4.2,611,6.416732282512326,26.95027558655177,1.596,0.2723214285714285,0,29,1,0,0.896551724137931,0.9981,189,6,4,1.2,0.0,0.0,0.0,0,0.0,0.0,0.0,0.0,0.0,0.0,0.0,0.0,0.0,0.0,0.0,0.0,0.0,0.0,0.0,0.0,0.4821227906829098,0.0,0.0,0.0,0.0,0.0,0.0,0.0,0.0,0.0,0.0,0.0,0.0,0.0,0.0,0.0,0.0,0.0,0.0,0.0,0.0,0.0,0.0,0.0,0.0,0.0,0.0,0.0,0.0,0.6185707784482605,0.620425504596673,0.0,0.0,0.0
B085LPT5F4,1649.0,2800.0,41.0,1151.0,0.4110714285714286,0.3753127606338615,0.6071428571428571,2,3.9,2162,7.679251425953058,29.949080561216928,2.301,0.4832589285714285,0,9,1,1,0.8888888888888888,0.296,73,4,4,0.0,0.0,0.0,0.0,4,0.0,0.0,0.0,0.4674859239452618,0.0,0.0,0.0,0.0,0.0,0.0,0.0,0.0,0.0,0.0,0.0,0.0,0.0,0.0,0.0,0.0,0.0,0.0,0.0,0.0,0.0,0.0,0.0,0.0,0.0,0.0,0.0,0.0,0.0,0.0,0.0,0.0,0.0,0.0,0.0,0.0,0.0,0.0,0.0,0.0,0.0,0.0,0.8840005152221604,0.0,0.0,0.0
B0B9RZ4G4W,799.0,1699.0,53.0,900.0,0.5297233666862861,-0.3336113427856547,0.3392857142857143,2,4.0,97,4.584967478670572,18.33986991468229,1.88,0.0915178571428571,0,19,1,1,0.8421052631578947,0.9984,109,4,4,1.2,0.0,0.0,0.0,0,0.0,0.0,0.0,1.0,0.0,0.0,0.0,0.0,0.0,0.0,0.0,0.0,0.0,0.0,0.0,0.0,0.0,0.0,0.0,0.0,0.0,0.0,0.0,0.0,0.0,0.0,0.0,0.0,0.0,0.0,0.0,0.0,0.0,0.0,0.0,0.0,0.0,0.0,0.0,0.0,0.0,0.0,0.0,0.0,0.0,0.0,0.0,0.0,0.0,0.0
B0085W2MUQ,765.0,970.0,21.0,205.0,0.211340206185567,-0.3619683069224353,0.3236607142857143,2,4.2,6055,8.708804795117285,36.5769801394926,3.3180000000000005,0.7209821428571429,0,6,1,1,1.0,0.9859,38,4,4,0.0,0.0,0.0,0.0,4,0.0,0.0,0.0,0.0,0.0,0.0,0.0,0.0,0.0,0.0,0.0,0.0,0.0,0.0,0.0,0.0,0.0,0.0,0.0,0.0,0.0,0.0,0.0,0.0,0.0,0.0,0.0,0.0,0.0,0.0,0.0,0.0,0.0,0.0,0.0,0.0,0.0,0.0,0.0,0.0,0.0,0.0,0.0,0.0,0.0,0.0,0.7708743826987915,0.0,0.6369871946112865,0.0
B09474JWN6,999.0,1500.0,33.0,501.0,0.334,-0.1668056713928273,0.4118303571428571,2,4.2,386,5.958424693029782,25.025383710725084,2.814,0.2120535714285714,0,29,1,0,0.896551724137931,0.995,119,5,4,0.0,0.0,0.0,0.0,4,0.0,0.0,0.0,0.0,0.0,0.0,0.0,0.0,0.0,0.0,0.0,0.0,0.0,0.0,0.0,0.7016543325603032,0.0,0.0,0.0,0.0,0.0,0.0,0.0,0.0,0.0,0.0,0.0,0.0,0.0,0.0,0.0,0.0,0.0,0.0,0.0,0.0,0.0,0.0,0.0,0.0,0.0,0.0,0.0,0.7125175068721861,0.0,0.0,0.0,0.0,0.0,0.0
B09G2VTHQM,587.0,1295.0,55.0,708.0,0.5467181467181467,-0.5104253544620517,0.2299107142857142,2,4.1,557,6.324358962381311,25.92987174576337,1.845,0.2544642857142857,0,14,1,1,0.9285714285714286,0.9822,21,4,4,1.2,0.0,0.0,0.0,0,0.0,0.0,0.0,0.0,0.0,0.0,0.0,0.0,0.0,0.0,0.0,0.0,0.0,0.0,0.0,0.5259361474807724,0.0,0.497469883590142,0.0,0.0,0.0,0.0,0.0,0.0,0.0,0.0,0.0,0.0,0.0,0.0,0.5357668196690561,0.0,0.0,0.0,0.0,0.0,0.0,0.0,0.0,0.0,0.0,0.0,0.0,0.0,0.0,0.0,0.0,0.0,0.4345903802842382,0.0
B07R679HTT,12609.0,23999.0,47.0,11390.0,0.4746031084628526,9.5162635529608,0.984375,1,4.4,2288,7.735870319952567,34.0378294077913,2.3320000000000003,0.4955357142857143,0,9,1,0,0.8888888888888888,0.9457,77,5,4,1.2,0.0,0.0,0.0,0,0.0,0.0,0.0,0.0,0.0,0.0,0.0,0.0,0.0,0.0,0.0,0.0,0.0,0.0,0.0,0.0,0.0,0.0,0.0,0.0,0.0,0.0,0.0,0.0,0.0,0.0,0.0,0.0,0.0,0.0,0.0,0.0,0.0,0.0,0.0,0.0,0.0,0.0,0.0,0.0,0.0,0.0,0.0,0.0,0.0,0.0,1.0,0.0,0.0,0.0
B00B7GKXMG,699.0,850.0,18.0,151.0,0.1776470588235294,-0.4170141784820684,0.2935267857142857,2,4.1,1106,7.009408932708637,28.73857662410541,3.362,0.359375,0,7,1,0,1.0,0.9342,41,6,4,0.0,0.0,0.0,0.0,4,0.0,0.0,0.0,0.0,0.0,0.0,0.0,0.0,0.0,0.0,0.0,0.0,0.0,0.0,0.0,0.0,0.0,0.0,0.0,0.0,0.0,0.0,0.0,0.0,0.0,0.0,0.0,0.0,0.0,0.0,0.0,0.0,0.0,0.0,0.0,0.0,0.0,0.0,0.0,0.0,0.0,0.0,0.0,0.0,0.0,0.0,0.0,0.0,0.0,0.0
B07H3N8RJH,3799.0,6000.0,37.0,2201.0,0.3668333333333333,2.1684737281067554,0.859375,3,4.2,11935,9.387314322443542,39.42672015426288,2.6460000000000004,0.8526785714285714,1,19,1,1,0.8947368421052632,0.9957,141,6,4,0.0,0.0,1.1,0.0,3,0.0,0.0,0.0,0.461888336357741,0.0,0.0,0.0,0.0,0.0,0.0,0.0,0.0,0.0,0.0,0.0,0.0,0.0,0.0,0.0,0.0,0.0,0.0,0.0,0.0,0.0,0.0,0.0,0.0,0.0,0.0,0.0,0.0,0.0,0.0,0.0,0.0,0.0,0.0,0.0,0.0,0.0,0.0,0.0,0.8869380839363469,0.0,0.0,0.0,0.0,0.0,0.0
B07K2HVKLL,640.0,1020.0,37.0,380.0,0.3725490196078431,-0.4662218515429525,0.2544642857142857,2,4.1,5059,8.52912176228151,34.96939922535419,2.583,0.6830357142857143,0,15,1,0,0.8666666666666667,0.8804,14,4,4,0.0,0.0,0.0,0.0,4,0.0,0.0,0.0,0.0,0.0,0.0,0.0,0.0,0.0,0.0,0.0,0.0,0.0,0.0,0.0,0.0,0.0,0.0,0.0,0.5826351706634415,0.0,0.0,0.0,0.0,0.0,0.0,0.0,0.0,0.0,0.0,0.0,0.0,0.0,0.0,0.0,0.0,0.0,0.0,0.0,0.0,0.0,0.0,0.0,0.0,0.0,0.573828664091532,0.575549235229194,0.0,0.0,0.0
B09MQ9PDHR,979.0,1999.0,51.0,1020.0,0.5102551275637819,-0.1834862385321101,0.3939732142857143,2,3.9,157,5.062595033026967,19.74412062880517,1.911,0.125,0,31,1,0,0.8387096774193549,0.9858,176,4,4,1.2,0.0,0.0,0.0,0,0.0,0.0,0.0,0.0,0.0,0.0,0.0,0.0,0.0,0.0,0.0,0.0,0.0,0.0,0.0,0.0,0.0,0.0,0.0,0.7660159946159935,0.5294379639780983,0.0,0.0,0.0,0.0,0.0,0.0,0.0,0.0,0.0,0.0,0.0,0.0,0.0,0.0,0.0,0.0,0.0,0.0,0.0,0.0,0.0,0.0,0.2561384019180653,0.0,0.0,0.0,0.2594379643653869,0.0,0.0
B014HDJ7ZE,5365.0,7445.0,28.0,2080.0,0.2793821356615178,3.4745621351125937,0.8816964285714286,3,3.9,3584,8.184513753033722,31.919603636831518,2.808,0.6004464285714286,0,12,1,1,1.0,-0.9287,9,4,4,0.0,0.0,0.0,0.0,4,0.0,0.0,0.0,0.0,0.0,0.0,0.0,0.0,0.0,0.0,0.0,0.0,0.0,0.0,0.0,0.0,0.0,0.0,0.0,0.6158900944762237,0.0,0.0,0.0,0.0,0.0,0.0,0.0,0.0,0.0,0.0,0.0,0.0,0.0,0.0,0.0,0.0,0.0,0.0,0.0,0.0,0.0,0.0,0.0,0.0,0.0,0.6065809411025905,0.0,0.0,0.5027314923666151,0.0
B07D2NMTTV,3199.0,3500.0,9.0,301.0,0.086,1.6680567139282736,0.7991071428571429,3,4.2,1899,7.549609165154532,31.70835849364904,3.822000000000001,0.4598214285714285,0,12,1,1,1.0,0.9919,106,6,4,0.0,0.0,0.0,0.0,4,0.0,0.0,0.0,0.4674859239452618,0.0,0.0,0.0,0.0,0.0,0.0,0.0,0.0,0.0,0.0,0.0,0.0,0.0,0.0,0.0,0.0,0.0,0.0,0.0,0.0,0.0,0.0,0.0,0.0,0.0,0.0,0.0,0.0,0.0,0.0,0.0,0.0,0.0,0.0,0.0,0.0,0.0,0.0,0.0,0.0,0.0,0.0,0.8840005152221604,0.0,0.0,0.0
B075K76YW1,979.0,1395.0,30.0,416.0,0.2982078853046595,-0.1834862385321101,0.3939732142857143,2,4.2,15252,9.632531483999934,40.45663223279972,2.94,0.9017857142857144,1,23,1,1,1.0,0.9433,203,4,4,0.0,0.0,1.1,0.0,3,0.0,0.0,0.0,0.0,0.0,0.0,0.0,0.0,0.0,0.0,0.0,0.0,0.0,0.0,0.0,0.0,0.0,0.0,0.0,0.0,0.0,0.0,0.0,0.0,0.0,0.0,0.0,0.0,0.0,0.0,0.0,0.0,0.0,0.0,0.0,0.0,0.5399660948783938,0.0,0.0,0.0,0.0,0.0,0.0,0.5188209330134463,0.0,0.0,0.5109108926598838,0.0,0.4221747453487894,0.0
B0BNLFQDG2,929.0,2199.0,58.0,1270.0,0.5775352432924057,-0.2251876563803169,0.3761160714285714,2,3.7,4,1.6094379124341005,5.954920276006171,1.5540000000000005,0.0089285714285714,0,11,1,1,1.0,0.2023,4,4,4,0.0,0.0,0.0,0.0,4,0.0,0.0,0.0,0.0,0.0,0.0,0.0,0.0,0.0,0.0,0.0,0.0,0.0,0.0,0.0,0.0,0.0,0.0,0.0,0.6087316684800678,0.0,0.0,0.0,0.0,0.0,0.0,0.0,0.0,0.0,0.0,0.0,0.0,0.0,0.0,0.0,0.0,0.0,0.0,0.0,0.0,0.0,0.0,0.0,0.0,0.0,0.0,0.0,0.6185044673684037,0.4968882969388595,0.0
B082ZQ4479,3710.0,4330.0,14.0,620.0,0.1431870669745958,2.0942452043369477,0.8549107142857143,3,3.7,1662,7.416378479192928,27.440600373013837,3.182,0.4241071428571428,0,16,1,0,0.875,0.8435,22,5,4,0.0,0.0,0.0,0.0,4,0.0,0.0,0.0,0.0,0.0,0.0,0.0,0.0,0.0,0.0,0.0,0.0,0.0,0.0,0.0,0.0,0.0,0.0,0.0,0.0,0.0,0.0,0.0,0.0,0.0,0.0,0.0,0.0,0.0,0.0,0.0,0.0,0.0,0.0,0.0,0.0,0.0,0.0,0.0,0.0,0.0,0.0,0.0,0.0,0.0,0.0,1.0,0.0,0.0,0.0
B09Y358DZQ,2033.0,4295.0,53.0,2262.0,0.5266589057043073,0.69557964970809,0.671875,3,3.4,422,6.0473721790462776,20.561065408757344,1.598,0.21875,0,31,1,1,0.8709677419354839,0.8082,205,4,4,0.0,0.0,0.0,0.0,4,0.0,0.0,0.0,0.0,0.5629873990734902,0.0,0.0,0.0,0.0,0.0,0.0,0.0,0.0,0.0,0.0,0.0,0.0,0.0,0.0,0.0,0.0,0.0,0.0,0.0,0.0,0.0,0.0,0.0,0.0,0.0,0.0,0.0,0.0,0.0,0.0,0.0,0.600327712947117,0.0,0.0,0.0,0.0,0.0,0.0,0.0,0.0,0.0,0.5680244937959547,0.0,0.0,0.0
B09M3F4HGB,9495.0,18990.0,50.0,9495.0,0.5,6.919099249374479,0.9732142857142856,1,4.2,79,4.382026634673881,18.4045118656303,2.1,0.0792410714285714,0,12,1,1,1.0,0.9987,186,4,4,1.2,0.0,0.0,1.0,0,0.0,0.0,0.0,0.4630252271636651,0.0,0.0,0.0,0.0,0.0,0.0,0.0,0.0,0.0,0.0,0.0,0.0,0.0,0.0,0.0,0.8863451015321494,0.0,0.0,0.0,0.0,0.0,0.0,0.0,0.0,0.0,0.0,0.0,0.0,0.0,0.0,0.0,0.0,0.0,0.0,0.0,0.0,0.0,0.0,0.0,0.0,0.0,0.0,0.0,0.0,0.0,0.0
B07VZH6ZBB,7799.0,12500.0,38.0,4701.0,0.37608,5.504587155963303,0.9475446428571428,3,4.0,5160,8.548885638148727,34.19554255259491,2.48,0.6875,0,20,1,1,0.85,-0.8925,66,4,4,0.0,0.0,0.0,0.0,4,0.0,0.0,0.0,0.2646310304375527,0.0,0.0,0.0,0.0,0.0,0.0,0.0,0.0,0.0,0.0,0.0,0.0,0.0,0.0,0.0,0.5065694130285957,0.0,0.0,0.0,0.0,0.0,0.0,0.0,0.0,0.0,0.0,0.0,0.0,0.0,0.0,0.0,0.0,0.0,0.5034527528443891,0.0,0.0,0.0,0.0,0.0,0.0,0.0,0.4989126372457591,0.0,0.0,0.413496497643343,0.0
B07F366Z51,949.0,2385.0,60.0,1436.0,0.6020964360587002,-0.2085070892410342,0.3850446428571428,2,4.1,2311,7.7458682297922685,31.758059742148298,1.64,0.5022321428571429,0,27,1,1,0.8148148148148148,0.9836,96,5,4,1.2,0.0,0.0,0.0,0,0.0,0.0,0.0,0.345884045437361,0.0,0.0,0.0,0.0,0.0,0.0,0.0,0.0,0.0,0.0,0.0,0.6540553601985117,0.0,0.0,0.0,0.0,0.0,0.0,0.0,0.0,0.0,0.0,0.0,0.0,0.0,0.0,0.0,0.0,0.0,0.0,0.0,0.0,0.0,0.0,0.0,0.0,0.0,0.0,0.0,0.0,0.0,0.0,0.0,0.6727375512839168,0.0,0.0
B077BTLQ67,2790.0,4890.0,43.0,2100.0,0.4294478527607362,1.3269391159299415,0.765625,3,3.9,588,6.3784261836515865,24.875862116241187,2.2230000000000003,0.2633928571428571,0,18,1,1,1.0,0.9621,74,4,4,0.0,0.0,0.0,0.0,4,0.0,0.0,0.0,0.0,0.0,0.0,0.0,0.0,0.0,0.0,0.0,0.0,0.0,0.0,0.0,0.5197624628057095,0.0,0.0,0.0,0.5261615734762676,0.0,0.0,0.0,0.0,0.0,0.0,0.0,0.0,0.0,0.0,0.0,0.0,0.0,0.0,0.0,0.0,0.0,0.0,0.0,0.0,0.0,0.0,0.0,0.0,0.0,0.5182086629964063,0.0,0.0,0.4294889549809151,0.0
B07YSJ7FF1,645.0,1100.0,41.0,455.0,0.4136363636363636,-0.4620517097581317,0.2566964285714285,2,4.0,3271,8.093156697722637,32.37262679089055,2.3600000000000003,0.5848214285714286,0,12,1,1,0.8333333333333334,0.4404,103,6,4,0.0,0.0,0.0,0.0,4,0.0,0.0,0.0,0.0,0.6006214344764571,0.0,0.0,0.0,0.0,0.0,0.0,0.0,0.0,0.0,0.0,0.0,0.0,0.0,0.0,0.0,0.0,0.0,0.0,0.0,0.0,0.0,0.0,0.0,0.0,0.0,0.0,0.0,0.0,0.0,0.0,0.0,0.0,0.0,0.0,0.0,0.0,0.0,0.0,0.0,0.0,0.0,0.0,0.6233046640389892,0.5007446337552565,0.0
B07TXCY3YK,2237.81,3899.0,43.0,1661.19,0.4260553988202103,0.8663969974979149,0.7053571428571429,3,3.9,11004,9.30610499396056,36.293809476446185,2.2230000000000003,0.8325892857142857,1,8,1,0,1.0,0.4435,128,4,4,0.0,0.0,0.0,0.0,4,0.0,0.0,0.0,0.0,0.0,0.0,0.0,0.0,0.0,0.0,0.0,0.0,0.0,0.0,0.0,0.0,0.0,1.0,0.0,0.0,0.0,0.0,0.0,0.0,0.0,0.0,0.0,0.0,0.0,0.0,0.0,0.0,0.0,0.0,0.0,0.0,0.0,0.0,0.0,0.0,0.0,0.0,0.0,0.0,0.0,0.0,0.0,0.0,0.0,0.0
B07TC9F7PN,8699.0,16899.0,49.0,8200.0,0.4852358127699864,6.255212677231026,0.9587053571428572,1,4.2,3195,8.069655306886165,33.8925522889219,2.1420000000000003,0.5725446428571429,0,19,1,0,0.8947368421052632,0.9489,223,4,4,1.2,0.0,0.0,0.0,0,0.0,0.0,0.0,0.0,0.0,0.0,0.0,0.0,0.0,0.0,0.0,0.0,0.0,0.0,0.0,0.0,0.0,0.0,0.0,0.5077514623355798,0.0,0.0,0.0,0.0,0.0,0.0,0.0,0.0,0.0,0.0,0.0,0.4873014293291804,0.0,0.0,0.0,0.0,0.0,0.5046275296119815,0.0,0.0,0.0,0.0,0.0,0.0,0.0,0.5000768199262255,0.0,0.0,0.0,0.0
B09NS5TKPN,42990.0,75990.0,43.0,33000.0,0.4342676667982629,34.85487906588824,1.0,1,4.3,3231,8.080856419640986,34.74768260445624,2.451,0.5758928571428571,0,24,1,1,0.9583333333333334,0.9891,123,4,4,0.0,0.0,0.0,0.0,4,0.0,0.0,0.0,0.0,0.0,0.0,0.0,0.0,0.0,0.0,0.0,0.0,0.0,0.0,0.0,0.0,0.0,0.0,0.7332014574454513,0.0,0.0,0.0,0.0,0.0,0.0,0.0,0.0,0.0,0.0,0.0,0.0,0.0,0.0,0.0,0.0,0.0,0.0,0.0,0.0,0.0,0.0,0.0,0.0,0.0,0.0,0.0,0.0,0.0,0.6800114872558155,0.0
B00LP9RFSU,825.0,825.0,0.0,0.0,0.0,-0.3119266055045872,0.3526785714285714,2,4.0,3246,8.085486772102845,32.34194708841138,4.0,0.5825892857142857,0,10,1,1,0.9,0.9884,40,4,4,0.0,0.0,0.0,0.0,4,0.0,0.0,0.0,0.0,0.0,0.0,0.0,0.0,0.0,0.0,0.0,0.0,0.0,0.0,0.0,0.0,0.0,0.0,0.0,0.0,0.0,0.0,0.0,0.0,0.0,0.0,0.0,0.0,0.0,0.7836297175160931,0.0,0.0,0.0,0.0,0.0,0.0,0.0,0.0,0.0,0.0,0.0,0.0,0.0,0.0,0.0,0.0,0.0,0.0,0.621228191428599,0.0
B0B7L86YCB,161.0,300.0,46.0,139.0,0.4633333333333333,-0.8657214345287739,0.0200892857142857,0,2.6,24,3.218875824868201,8.369077144657322,1.404,0.0368303571428571,0,13,0,0,0.9230769230769232,-0.5364,89,4,4,0.0,0.0,0.0,0.0,4,0.0,0.0,0.0,0.0,0.0,0.0,0.0,0.0,0.0,0.0,0.0,0.0,0.0,0.0,0.0,0.0,0.0,0.0,0.0,0.0,0.0,0.0,0.0,0.0,0.0,0.0,0.0,0.0,1.0,0.0,0.0,0.0,0.0,0.0,0.0,0.0,0.0,0.0,0.0,0.0,0.0,0.0,0.0,0.0,0.0,0.0,0.0,0.0,0.0,0.0
B09VPH38JS,697.0,1499.0,54.0,802.0,0.5350233488992662,-0.4186822351959967,0.2834821428571428,2,3.8,144,4.976733742420574,18.91158822119818,1.7479999999999998,0.1194196428571428,0,22,1,0,0.9090909090909092,0.9153,71,4,4,1.2,0.0,0.0,0.0,0,0.0,0.0,0.0,0.0,0.0,0.0,0.0,0.0,0.0,0.0,0.0,0.0,0.0,0.0,0.0,0.4020781982041281,0.0,0.0,0.0,0.8140568531462744,0.0,0.0,0.0,0.0,0.0,0.0,0.0,0.0,0.0,0.4190997045745879,0.0,0.0,0.0,0.0,0.0,0.0,0.0,0.0,0.0,0.0,0.0,0.0,0.0,0.0,0.0,0.0,0.0,0.0,0.0,0.0
B01MUAUOCX,688.0,747.0,8.0,59.0,0.0789825970548862,-0.4261884904086739,0.28125,2,4.5,2280,7.732369222284388,34.79566150027974,4.140000000000001,0.4910714285714285,0,9,1,1,1.0,0.9709,17,4,4,0.0,1.4,0.0,0.0,2,0.0,0.0,0.0,0.0,0.0,0.0,0.0,0.0,0.0,0.0,0.0,0.0,0.0,0.0,0.0,0.0,0.0,0.0,0.0,0.0,0.0,0.0,0.0,0.0,0.0,0.0,0.0,0.0,0.0,0.0,0.0,0.0,0.0,0.0,0.0,0.0,0.0,0.0,0.0,0.0,0.0,0.0,0.0,0.0,0.0,0.0,0.0,0.0,1.0,0.0
B09MB3DKG1,2199.0,3999.0,45.0,1800.0,0.450112528132033,0.8340283569641368,0.6964285714285714,3,3.5,340,5.831882477283517,20.41158867049231,1.9250000000000005,0.2075892857142857,0,11,1,0,1.0,0.9932,16,4,4,0.0,0.0,0.0,0.0,4,0.0,0.0,0.0,0.0,0.0,0.0,0.0,0.0,0.0,0.0,0.0,0.0,0.0,0.0,0.0,0.0,0.0,0.4742794121353619,0.0,0.5075919380075523,0.0,0.0,0.0,0.0,0.0,0.0,0.0,0.0,0.0,0.0,0.0,0.0,0.0,0.0,0.0,0.0,0.0,0.0,0.0,0.0,0.0,0.0,0.0,0.0,0.0,0.0,0.5014186689006248,0.5157410029968514,0.0,0.0
B08QHLXWV3,6850.0,11990.0,43.0,5140.0,0.4286905754795663,4.713094245204337,0.9330357142857144,3,3.9,144,4.976733742420574,19.40926159544024,2.2230000000000003,0.1194196428571428,0,14,1,1,0.9285714285714286,0.9621,47,4,4,0.0,0.0,0.0,0.0,4,0.0,0.0,0.0,0.3440655842268603,0.0,0.0,0.0,0.0,0.0,0.0,0.0,0.0,0.0,0.0,0.0,0.0,0.0,0.0,0.0,0.6586268464320209,0.0,0.0,0.0,0.0,0.0,0.0,0.0,0.0,0.0,0.0,0.0,0.0,0.0,0.0,0.0,0.0,0.0,0.0,0.0,0.0,0.0,0.0,0.0,0.0,0.0,0.0,0.0,0.6692006805956197,0.0,0.0
B07G147SZD,2699.0,3799.0,29.0,1100.0,0.2895498815477757,1.2510425354462051,0.7566964285714286,3,4.0,727,6.590301048196686,26.361204192786744,2.84,0.2946428571428571,0,13,1,0,0.9230769230769232,0.9862,84,4,4,0.0,0.0,0.0,0.0,4,0.0,0.0,0.0,0.0,0.0,0.0,0.0,0.0,0.0,0.0,0.0,0.0,0.0,0.0,0.0,0.0,0.0,0.0,0.0,0.0,0.0,0.0,0.0,0.0,0.0,0.0,0.0,0.0,0.0,0.0,0.0,0.0,0.0,0.0,0.0,0.0,0.0,0.0,0.0,0.0,0.0,0.0,0.0,0.0,0.0,1.0,0.0,0.0,0.0,0.0
B09LH32678,899.0,1999.0,55.0,1100.0,0.5502751375687844,-0.250208507089241,0.3671875,2,4.0,832,6.725033642166843,26.90013456866737,1.7999999999999998,0.3102678571428571,0,27,1,1,0.8888888888888888,0.9909,127,4,4,1.2,0.0,0.0,0.0,0,0.0,0.0,0.0,0.0,0.4846853648774224,0.0,0.0,0.0,0.0,0.0,0.0,0.0,0.0,0.0,0.0,0.4890218848377228,0.0,0.0,0.0,0.0,0.0,0.0,0.0,0.0,0.0,0.0,0.0,0.0,0.5224352883696058,0.0,0.0,0.0,0.0,0.0,0.0,0.0,0.0,0.0,0.0,0.0,0.0,0.0,0.0,0.0,0.0,0.0,0.0,0.502990121860825,0.0,0.0
B09R1YFL6S,1090.0,2999.0,64.0,1909.0,0.6365455151717239,-0.0909090909090909,0.4375,2,3.5,57,4.060443010546419,14.211550536912467,1.26,0.0625,0,16,1,1,0.875,0.9583,76,4,4,0.0,0.0,0.0,0.0,4,0.0,0.0,0.0,0.0,0.0,0.0,0.0,0.0,0.0,0.0,0.0,0.0,0.0,0.0,0.0,0.0,0.0,0.0,0.0,0.6087316684800678,0.0,0.0,0.0,0.0,0.0,0.0,0.0,0.0,0.0,0.0,0.0,0.0,0.0,0.0,0.0,0.0,0.0,0.0,0.0,0.0,0.0,0.0,0.0,0.0,0.0,0.0,0.0,0.6185044673684037,0.4968882969388595,0.0
B07Q4NJQC5,295.0,599.0,51.0,304.0,0.5075125208681135,-0.7539616346955796,0.109375,0,4.0,1644,7.405495663199472,29.62198265279789,1.96,0.4174107142857143,0,31,1,1,0.8709677419354839,-0.1118,41,4,4,1.2,0.0,0.0,0.0,0,0.0,0.0,0.0,0.0,0.0,0.0,0.0,0.0,0.0,0.0,0.0,0.0,0.0,0.0,0.0,0.0,0.0,0.0,0.0,0.0,0.0,0.0,0.0,0.0,0.0,0.0,0.0,0.0,0.0,0.0,0.0,0.0,0.0,0.0,0.0,0.0,0.0,0.0,0.0,0.0,0.0,0.0,0.0,0.0,0.0,0.0,0.0,0.0,0.0,0.0
B097RN7BBK,479.0,1999.0,76.0,1520.0,0.7603801900950475,-0.6005004170141784,0.1863839285714285,0,3.4,1066,6.9726062513017535,23.706861254425963,0.816,0.3482142857142857,0,22,1,0,0.8636363636363636,0.9723,37,5,4,0.0,0.0,0.0,0.0,4,0.0,0.0,0.0,0.0,0.0,0.0,0.0,0.0,0.0,0.0,0.0,0.0,0.0,0.0,0.0,0.6204255045966729,0.4821227906829097,0.0,0.0,0.0,0.0,0.0,0.0,0.0,0.0,0.0,0.0,0.0,0.0,0.0,0.0,0.0,0.0,0.0,0.0,0.0,0.0,0.0,0.0,0.0,0.0,0.0,0.0,0.0,0.0,0.6185707784482604,0.0,0.0,0.0,0.0
B097MKZHNV,2949.0,4849.0,39.0,1900.0,0.3918333677046813,1.4595496246872393,0.78125,3,4.2,7968,8.983314293397749,37.72992003227055,2.562,0.7700892857142857,0,10,1,0,1.0,0.7307,158,4,4,0.0,0.0,1.1,0.0,3,0.0,0.0,0.0,0.0,0.0,0.0,0.0,0.0,0.0,0.0,0.0,0.0,0.0,0.0,0.0,0.0,0.0,0.0,0.0,0.5881264983378279,0.0,0.0,0.0,0.0,0.0,0.0,0.0,0.0,0.0,0.0,0.0,0.5644393064829324,0.0,0.0,0.0,0.0,0.0,0.0,0.0,0.0,0.0,0.0,0.0,0.0,0.0,0.5792369905746275,0.0,0.0,0.0,0.0
B07LG96SDB,335.0,510.0,34.0,175.0,0.3431372549019608,-0.7206005004170142,0.1272321428571428,0,3.8,3195,8.069655306886165,30.66469016616743,2.508,0.5725446428571429,0,10,1,1,1.0,-0.5994,33,4,4,0.0,0.0,0.0,0.0,4,0.0,0.0,0.0,0.348816472278823,0.0,0.0,0.0,0.0,0.0,0.0,0.0,0.0,0.0,0.0,0.0,0.0,0.0,0.0,0.0,0.6677212242450387,0.0,0.0,0.0,0.0,0.0,0.0,0.0,0.0,0.0,0.0,0.0,0.0,0.0,0.0,0.0,0.0,0.0,0.0,0.0,0.0,0.0,0.0,0.0,0.0,0.0,0.6576286454828922,0.0,0.0,0.0,0.0
B08KS2KQTK,293.0,499.0,41.0,206.0,0.4128256513026052,-0.755629691409508,0.1060267857142857,0,4.1,1456,7.284134806195205,29.864952705400334,2.419,0.4017857142857143,0,81,1,1,0.925925925925926,0.9845,113,4,4,0.0,0.0,0.0,0.0,4,0.0,0.0,0.0,0.3427094204212836,0.0,0.0,0.0,0.0,0.0,0.0,0.0,0.0,0.0,0.0,0.0,0.6480522486477602,0.0,0.0,0.0,0.0,0.6801312639315218,0.0,0.0,0.0,0.0,0.0,0.0,0.0,0.0,0.0,0.0,0.0,0.0,0.0,0.0,0.0,0.0,0.0,0.0,0.0,0.0,0.0,0.0,0.0,0.0,0.0,0.0,0.0,0.0,0.0
B095K14P86,599.0,1299.0,54.0,700.0,0.5388760585065435,-0.5004170141784821,0.2354910714285714,2,4.2,590,6.3818160174060985,26.80362727310561,1.932,0.265625,0,19,1,1,1.0,0.984,179,4,4,1.2,0.0,0.0,0.0,0,0.0,0.0,0.0,0.0,0.0,0.0,0.0,0.0,0.0,0.0,0.0,0.0,0.0,0.0,0.0,0.0,0.0,0.0,0.0,0.0,0.0,0.0,0.0,0.0,0.0,0.0,0.0,0.0,0.0,0.0,0.0,0.0,0.0,0.0,0.0,0.0,0.0,0.0,0.0,0.0,0.0,0.0,0.0,0.0,0.0,0.0,0.0,0.0,0.0,0.0
B08K36NZSV,499.0,999.0,50.0,500.0,0.5005005005005005,-0.5838198498748958,0.203125,0,4.3,1436,7.270312886079025,31.262345410139805,2.15,0.3995535714285714,0,23,1,0,0.8695652173913043,0.9204,121,4,4,1.2,0.0,0.0,0.0,0,0.7566735496421625,0.0,0.0,0.0,0.0,0.0,0.0,0.0,0.0,0.0,0.0,0.0,0.3397847269918086,0.0,0.0,0.0,0.0,0.0,0.0,0.0,0.0,0.0,0.0,0.0,0.0,0.0,0.0,0.0,0.0,0.4036411133975821,0.0,0.0,0.0,0.0,0.0,0.0,0.0,0.0,0.0,0.0,0.0,0.0,0.0,0.0,0.0,0.3860897954494423,0.0,0.0,0.0,0.0
B07LDPLSZC,849.0,1190.0,29.0,341.0,0.2865546218487395,-0.2919099249374479,0.3549107142857143,2,4.2,4184,8.339261982923576,35.02490032827902,2.982,0.6361607142857143,0,25,1,1,0.96,0.9817,52,6,4,0.0,0.0,0.0,0.0,4,0.0,0.0,0.0,0.0,0.5709428044214918,0.0,0.0,0.0,0.0,0.0,0.0,0.0,0.0,0.0,0.0,0.0,0.0,0.0,0.0,0.0,0.0,0.0,0.0,0.0,0.0,0.0,0.0,0.0,0.0,0.0,0.0,0.0,0.0,0.0,0.0,0.0,0.0,0.0,0.0,0.0,0.0,0.0,0.0,0.5849696325305054,0.0,0.0,0.5760510768121588,0.0,0.0,0.0
B07F1T31ZZ,249.0,400.0,38.0,151.0,0.3775,-0.79232693911593,0.0859375,0,4.1,693,6.542471960506805,26.8241350380779,2.542,0.2901785714285714,0,14,1,0,1.0,0.7515,34,4,4,0.0,0.0,0.0,0.0,4,0.0,0.0,0.0,0.0,0.0,0.0,0.0,0.0,0.0,0.0,0.0,0.0,0.0,0.0,0.0,0.0,0.0,0.0,0.0,0.0,0.0,0.0,0.0,0.0,0.0,0.0,0.0,0.0,0.0,0.0,0.0,0.0,0.0,0.0,0.0,0.0,0.0,0.0,0.0,0.0,0.0,0.0,0.0,0.0,0.0,0.0,0.0,0.0,0.0,0.0
B0BNDRK886,185.0,599.0,69.0,414.0,0.6911519198664441,-0.8457047539616347,0.03125,0,3.9,1306,7.175489713624222,27.984409883134465,1.209,0.3816964285714285,0,28,1,0,0.9642857142857144,0.8831,100,4,4,1.2,0.0,0.0,0.0,0,0.0,0.0,0.0,0.0,0.0,0.0,0.0,0.0,0.0,0.0,0.0,0.0,0.0,0.0,0.0,0.0,0.0,0.0,0.0,0.0,0.3145238337459858,0.0,0.0,0.0,0.0,0.0,0.0,0.0,0.0,0.3123760100709384,0.0,0.0,0.0,0.0,0.0,0.0,0.0,0.0,0.0,0.0,0.0,0.0,0.0,0.0,0.0,0.8963793763456902,0.0,0.0,0.0,0.0
B09ZVJXN5L,778.0,999.0,22.0,221.0,0.2212212212212212,-0.3511259382819016,0.328125,2,3.3,8,2.19722457733622,7.250841105209524,2.574,0.0178571428571428,0,22,1,0,0.9545454545454546,0.8151,76,4,4,0.0,0.0,0.0,0.0,4,0.0,0.0,0.0,0.0,0.0,0.0,0.0,0.0,0.0,0.0,0.0,0.0,0.0,0.0,0.4523130419246148,0.4339425939368814,0.0,0.0,0.0,0.439285124192494,0.0,0.0,0.0,0.0,0.0,0.0,0.0,0.0,0.4635925941729579,0.0,0.0,0.0,0.0,0.0,0.0,0.0,0.0,0.0,0.0,0.0,0.0,0.0,0.0,0.0,0.0,0.0,0.0,0.4463375668296417,0.0,0.0
B08JKPVDKL,279.0,699.0,60.0,420.0,0.6008583690987125,-0.7673060884070059,0.0982142857142857,0,4.3,2326,7.752335163302292,33.335041202199854,1.72,0.5044642857142857,0,29,1,0,0.8275862068965517,0.9158,147,5,4,1.2,0.0,0.0,0.0,0,0.0,0.0,0.0,0.0,0.0,0.0,0.0,0.0,0.0,0.0,0.0,0.0,0.0,0.0,0.0,0.0,0.0,0.0,0.0,0.0,0.0,0.0,0.0,0.0,0.0,0.0,0.0,0.0,0.0,0.0,0.0,0.0,0.0,0.0,0.0,0.0,0.0,0.0,0.0,0.0,0.0,0.0,0.0,0.0,0.0,0.0,0.0,0.0,0.0,0.0
B09JFR8H3Q,215.0,1499.0,86.0,1284.0,0.85657104736491,-0.8206839032527106,0.0647321428571428,0,3.9,1004,6.912742820493176,26.959696999923388,0.546,0.328125,0,21,1,0,0.8571428571428571,0.886,181,4,4,1.2,0.0,0.0,0.0,0,0.8347086416458445,0.0,0.0,0.0,0.0,0.0,0.0,0.0,0.0,0.0,0.0,0.0,0.0,0.0,0.0,0.0,0.0,0.0,0.0,0.0,0.0,0.0,0.0,0.0,0.0,0.0,0.0,0.0,0.0,0.0,0.0,0.0,0.0,0.0,0.0,0.0,0.0,0.0,0.0,0.0,0.3490913818186971,0.0,0.0,0.0,0.0,0.4259069037966655,0.0,0.0,0.0,0.0
B07LDN9Q2P,889.0,1295.0,31.0,406.0,0.3135135135135135,-0.2585487906588824,0.359375,2,4.3,6400,8.764209507142004,37.68610088071062,2.967,0.7276785714285714,0,22,1,0,0.9545454545454546,0.5965,40,6,4,0.0,1.4,0.0,0.0,2,0.0,0.0,0.0,0.0,0.0,0.0,0.0,0.0,0.0,0.0,0.0,0.0,0.0,0.0,0.0,0.0,0.0,0.0,0.0,0.0,0.0,0.0,0.0,0.0,0.0,0.0,0.0,0.0,0.0,0.0,0.0,0.0,0.0,0.0,0.0,0.0,0.0,0.0,0.0,0.0,0.0,0.0,0.0,0.7125175068721861,0.0,0.0,0.7016543325603032,0.0,0.0,0.0
B08T8KWNQ9,1449.0,4999.0,71.0,3550.0,0.7101420284056812,0.2085070892410342,0.5546875,2,3.6,63,4.158883083359672,14.971979100094815,1.0440000000000005,0.0669642857142857,0,15,0,1,0.8666666666666667,0.7722,46,4,4,0.0,0.0,0.0,0.0,4,0.0,0.0,0.0,0.0,0.0,0.0,0.0,0.0,0.0,0.0,0.0,0.0,0.0,0.0,0.4013318116885067,0.3850319386159206,0.0,0.0,0.0,0.0,0.0,0.0,0.0,0.0,0.0,0.0,0.0,0.0,0.0,0.0,0.0,0.0,0.0,0.0,0.0,0.0,0.0,0.0,0.0,0.0,0.0,0.0,0.0,0.0,0.0,0.7677618158264541,0.0,0.0,0.3181587297739176,0.0
B07Y1RCCW5,1190.0,2550.0,53.0,1360.0,0.5333333333333333,-0.0075062552126772,0.4754464285714285,2,3.8,1181,7.074963197966044,26.884860152270967,1.7859999999999998,0.3683035714285714,0,25,1,0,0.96,0.9474,16,4,4,1.2,0.0,0.0,0.0,0,0.0,0.0,0.0,0.0,0.0,0.0,0.0,0.0,0.0,0.0,0.0,0.0,0.0,0.0,0.0,0.0,0.0,0.0,0.0,0.5395044623816644,0.0,0.0,0.0,0.0,0.0,0.0,0.0,0.0,0.0,0.0,0.2714523606077639,0.0,0.0,0.0,0.0,0.0,0.0,0.0,0.0,0.0,0.0,0.0,0.0,0.0,0.0,0.7970248120295528,0.0,0.0,0.0,0.0
B0762HXMTF,1799.0,1950.0,8.0,151.0,0.0774358974358974,0.5004170141784821,0.6339285714285714,2,3.9,1888,7.543802867501509,29.420831183255885,3.588,0.4553571428571428,0,31,1,0,0.8709677419354839,0.9912,96,4,4,0.0,0.0,0.0,0.0,4,0.0,0.0,0.0,0.0,0.0,0.0,0.0,0.0,0.0,0.0,0.0,0.0,0.0,0.0,0.0,0.0,0.0,0.4285817086855212,0.0,0.0,0.0,0.0,0.0,0.0,0.0,0.0,0.0,0.0,0.0,0.0,0.0,0.0,0.0,0.0,0.0,0.0,0.0,0.0,0.0,0.0,0.0,0.0,0.0,0.0,0.0,0.9035030265473376,0.0,0.0,0.0,0.0
B00K57MR22,6120.0,8478.0,28.0,2358.0,0.2781316348195329,4.1042535446205175,0.9073660714285714,3,4.6,6550,8.787372988731876,40.42191574816663,3.312,0.734375,0,9,1,1,1.0,0.9856,83,4,4,0.0,1.4,0.0,0.0,2,0.0,0.0,0.0,0.0,0.0,0.0,0.0,0.0,0.0,0.0,0.0,0.0,0.0,0.0,0.0,0.0,0.0,0.0,0.0,0.0,0.0,0.0,0.0,0.0,0.0,0.0,0.0,0.0,0.0,0.0,0.0,0.0,0.0,0.0,0.0,0.0,0.0,0.0,0.0,0.0,0.0,0.0,0.0,0.0,0.0,0.0,0.0,0.0,1.0,0.0
B07TTSS5MP,1799.0,3299.0,45.0,1500.0,0.4546832373446499,0.5004170141784821,0.6339285714285714,2,3.8,1846,7.52131798019924,28.58100832475711,2.09,0.4508928571428571,0,12,1,1,0.8333333333333334,0.9938,3,4,4,0.0,0.0,0.0,0.0,4,0.0,0.0,0.0,0.0,0.0,0.0,0.0,0.0,0.0,0.0,0.0,0.0,0.0,0.0,0.0,0.0,0.0,0.5891638140508657,0.0,0.0,0.0,0.0,0.0,0.0,0.0,0.0,0.0,0.0,0.0,0.0,0.0,0.0,0.0,0.0,0.0,0.0,0.0,0.0,0.0,0.0,0.0,0.0,0.0,0.0,0.0,0.0,0.622876995810829,0.0,0.5146943251122101,0.0
B09ZDVL7L8,2199.0,3895.0,44.0,1696.0,0.4354300385109114,0.8340283569641368,0.6964285714285714,3,3.9,1085,6.990256500493881,27.262000351926133,2.184,0.3549107142857143,0,14,1,1,1.0,0.9702,14,4,4,0.0,0.0,0.0,0.0,4,0.0,0.0,0.0,0.0,0.0,0.0,0.0,0.0,0.0,0.0,0.0,0.0,0.0,0.0,0.0,0.0,0.0,0.0,0.0,0.0,0.0,0.0,0.0,0.0,0.0,0.0,0.0,0.0,0.0,0.0,0.0,0.0,0.0,0.0,0.0,0.0,0.0,0.0,0.0,0.0,0.0,0.0,0.0,0.0,0.0,0.0,0.0,1.0,0.0,0.0
B09XHXXCFH,3685.0,5495.0,33.0,1810.0,0.3293903548680619,2.073394495412844,0.8504464285714286,3,4.1,290,5.673323267171493,23.26062539540312,2.7469999999999994,0.1774553571428571,0,29,1,1,0.9310344827586208,0.9077,119,4,4,0.0,0.0,0.0,0.0,4,0.0,0.0,0.0,0.2952111873540198,0.0,0.0,0.0,0.0,0.0,0.0,0.0,0.0,0.0,0.0,0.5818668569181612,0.5582346512552024,0.0,0.0,0.0,0.0,0.0,0.0,0.0,0.0,0.0,0.5124991607985251,0.0,0.0,0.0,0.0,0.0,0.0,0.0,0.0,0.0,0.0,0.0,0.0,0.0,0.0,0.0,0.0,0.0,0.0,0.0,0.0,0.0,0.0,0.0,0.0
B0BL3R4RGS,649.0,999.0,35.0,350.0,0.3503503503503503,-0.4587155963302752,0.2622767857142857,2,3.6,4,1.6094379124341005,5.793976484762761,2.3400000000000003,0.0089285714285714,0,29,1,0,0.896551724137931,0.8899,350,4,4,0.0,0.0,0.0,0.0,4,0.0,0.0,0.0,0.0,0.0,0.0,0.0,0.0,0.0,0.0,0.0,0.0,0.0,0.0,0.0,0.0,0.0,0.0,0.0,0.0,0.0,0.0,0.0,0.0,0.0,0.0,0.0,0.0,0.6616100771879867,0.0,0.6308711912901188,0.0,0.0,0.0,0.0,0.0,0.0,0.0,0.0,0.0,0.0,0.0,0.4053068538323681,0.0,0.0,0.0,0.0,0.0,0.0,0.0
B07P1BR7L8,8599.0,8995.0,4.0,396.0,0.0440244580322401,6.171809841534612,0.9553571428571428,1,4.4,9734,9.1834829178063,40.407324838347726,4.224,0.8102678571428571,0,11,1,0,1.0,0.9744,48,4,4,0.0,1.4,1.1,0.0,2,0.0,0.0,0.0,0.0,0.0,0.0,0.0,0.0,0.0,0.0,0.0,0.0,0.0,0.0,0.0,0.0,0.0,1.0,0.0,0.0,0.0,0.0,0.0,0.0,0.0,0.0,0.0,0.0,0.0,0.0,0.0,0.0,0.0,0.0,0.0,0.0,0.0,0.0,0.0,0.0,0.0,0.0,0.0,0.0,0.0,0.0,0.0,0.0,0.0,0.0
B078WB1VWJ,1110.0,1599.0,31.0,489.0,0.3058161350844278,-0.0742285237698081,0.4598214285714285,2,4.3,4022,8.299783171949787,35.689067639384085,2.967,0.625,0,15,1,1,0.9333333333333332,0.8644,29,6,4,0.0,1.4,0.0,0.0,2,0.0,0.0,0.0,0.0,0.0,0.0,0.0,0.0,0.0,0.0,0.0,0.0,0.0,0.0,0.0,0.0,0.0,0.0,0.0,0.0,0.0,0.0,0.0,0.0,0.0,0.0,0.0,0.0,0.0,0.0,0.0,0.0,0.0,0.0,0.0,0.0,0.0,0.0,0.0,0.0,0.0,0.0,0.0,0.0,0.0,0.0,0.7708743826987915,0.0,0.6369871946112865,0.0
B0BP89YBC1,1499.0,3500.0,57.0,2001.0,0.5717142857142857,0.250208507089241,0.5770089285714286,2,4.7,2591,7.860185057472165,36.94286977011918,2.0210000000000004,0.5223214285714286,0,33,1,0,0.9393939393939394,0.9041,260,4,4,1.2,0.0,0.0,0.0,0,0.0,0.0,0.0,0.0,0.0,0.0,0.0,0.0,0.0,0.0,0.0,0.0,0.0,0.0,0.0,0.0,0.0,0.0,0.0,0.4964465855546857,0.5146844282508352,0.0,0.0,0.0,0.0,0.0,0.0,0.0,0.0,0.0,0.4995754695691419,0.0,0.0,0.0,0.0,0.0,0.0,0.0,0.0,0.0,0.0,0.0,0.0,0.0,0.0,0.4889428158915686,0.0,0.0,0.0,0.0
B09W9V2PXG,759.0,1999.0,62.0,1240.0,0.6203101550775387,-0.3669724770642202,0.3214285714285714,2,4.3,532,6.278521424165844,26.997642123913128,1.634,0.2410714285714285,0,9,1,0,1.0,0.9933,165,4,4,1.2,0.0,0.0,0.0,0,0.0,0.0,0.0,0.0,0.0,0.0,0.0,0.0,0.0,0.0,0.0,0.0,0.0,0.0,0.0,0.0,0.0,0.0,0.0,0.0,0.0,0.0,0.0,0.0,0.0,0.0,0.0,0.0,0.0,0.0,0.0,0.0,0.0,0.0,0.0,0.0,0.0,0.0,0.0,0.0,0.0,0.0,0.0,0.0,0.0,0.0,0.0,0.0,0.0,0.0
B09XTQFFCG,2669.0,3199.0,17.0,530.0,0.1656767739918724,1.2260216847372811,0.7477678571428571,3,3.9,260,5.564520407322694,21.701629588558504,3.237,0.1674107142857142,0,27,1,0,0.8888888888888888,0.997,347,6,4,0.0,0.0,0.0,0.0,4,0.0,0.0,0.0,0.0,0.0,0.0,0.0,0.0,0.0,0.0,0.0,0.0,0.0,0.0,0.0,0.0,0.0,0.0,0.0,0.0,0.4883967733495716,0.0,0.0,0.0,0.0,0.0,0.0,0.0,0.4971578235259037,0.0,0.4740595090692256,0.0,0.0,0.0,0.0,0.0,0.0,0.0,0.0,0.0,0.0,0.0,0.3045622795950522,0.0,0.0,0.0,0.0,0.0,0.0,0.4436350865267797
B08LVVTGZK,929.0,1300.0,29.0,371.0,0.2853846153846154,-0.2251876563803169,0.3761160714285714,2,3.9,1672,7.422373700986824,28.947257433848613,2.769,0.4263392857142857,0,26,1,1,0.8461538461538461,0.997,51,4,4,0.0,0.0,0.0,0.0,4,0.0,0.0,0.0,0.2886633525212385,0.0,0.0,0.0,0.0,0.0,0.0,0.0,0.0,0.0,0.0,0.0,0.0,0.0,0.0,0.0,0.0,0.5728729912344936,0.0,0.0,0.0,0.0,0.0,0.0,0.0,0.0,0.0,0.0,0.5303179765717044,0.0,0.0,0.0,0.0,0.0,0.0,0.0,0.0,0.0,0.0,0.0,0.5543039315665513,0.0,0.0,0.0,0.0,0.0,0.0
B07J2BQZD6,199.0,399.0,50.0,200.0,0.5012531328320802,-0.8340283569641368,0.0491071428571428,0,3.7,7945,8.980423936374544,33.227568564585816,1.85,0.7633928571428571,0,23,1,0,1.0,0.9318,67,4,4,0.0,0.0,0.0,0.0,4,0.0,0.0,0.0,0.0,0.0,0.0,0.0,0.0,0.0,0.0,0.0,0.0,0.0,0.0,0.0,0.0,0.0,0.0,0.0,0.0,0.0,0.0,0.0,0.0,0.0,0.0,0.0,0.0,0.0,0.0,0.0,0.0,0.0,0.0,0.0,0.0,0.0,0.0,0.0,0.0,0.0,0.0,0.0,0.0,0.0,0.0,0.0,0.0,0.0,0.0
B07HK53XM4,279.0,599.0,53.0,320.0,0.5342237061769616,-0.7673060884070059,0.0982142857142857,0,3.5,1367,7.221105098182496,25.273867843638733,1.645,0.3883928571428571,0,31,1,0,0.9032258064516128,-0.7524,108,5,4,0.0,0.0,0.0,0.0,4,0.0,0.0,0.0,0.0,0.0,0.0,0.0,0.0,0.0,0.0,0.0,0.0,0.0,0.0,0.0,0.0,0.0,0.0,0.0,0.0,0.0,0.0,0.0,0.0,0.0,0.0,0.0,0.0,0.0,0.0,0.0,0.0,0.0,0.0,0.0,0.0,0.0,0.0,0.0,0.0,0.0,0.0,0.0,0.0,0.0,0.0,0.0,0.0,0.0,0.0
B08RDWBYCQ,549.0,999.0,45.0,450.0,0.4504504504504504,-0.5421184320266889,0.2232142857142857,2,4.0,1313,7.180831199044556,28.723324796178225,2.2,0.3839285714285714,0,34,1,0,0.8235294117647058,0.6486,62,4,4,0.0,0.0,0.0,0.0,4,0.0,0.0,0.0,0.0,0.0,0.0,0.0,0.0,0.0,0.0,0.0,0.0,0.0,0.0,0.0,0.6872936716884397,0.0,0.0,0.0,0.0,0.0,0.0,0.0,0.0,0.0,0.0,0.0,0.0,0.0,0.0,0.0,0.0,0.0,0.0,0.0,0.0,0.7263796588954174,0.0,0.0,0.0,0.0,0.0,0.0,0.0,0.0,0.0,0.0,0.0,0.0,0.0
B09FHHTL8L,85.0,199.0,57.0,114.0,0.5728643216080402,-0.9291075896580484,0.0044642857142857,0,4.1,212,5.3612921657094255,21.981297879408643,1.763,0.1484375,0,13,1,0,0.8461538461538461,0.899,57,5,4,1.2,0.0,0.0,0.0,0,0.0,0.0,0.0,0.0,0.0,0.0,0.0,0.0,0.0,0.0,0.0,0.0,0.0,0.0,0.0,0.0,0.0,0.0,0.0,0.0,0.0,0.0,0.0,0.0,0.0,0.0,0.0,0.0,0.0,1.0,0.0,0.0,0.0,0.0,0.0,0.0,0.0,0.0,0.0,0.0,0.0,0.0,0.0,0.0,0.0,0.0,0.0,0.0,0.0,0.0
B0BHNHMR3H,499.0,1299.0,62.0,800.0,0.6158583525789069,-0.5838198498748958,0.203125,0,3.9,65,4.189654742026425,16.339653493903057,1.482,0.0714285714285714,0,20,0,0,0.9,0.9423,52,4,4,1.2,0.0,0.0,0.0,0,0.0,0.0,0.0,0.0,0.0,0.0,0.0,0.0,0.0,0.0,0.0,0.0,0.0,0.0,0.0,0.5219176877155394,0.0,0.0,0.0,0.0,0.5477529587388678,0.0,0.0,0.0,0.0,0.0,0.0,0.0,0.5575787631208938,0.0,0.0,0.0,0.0,0.0,0.0,0.0,0.0,0.0,0.0,0.0,0.0,0.0,0.3415765600257942,0.0,0.0,0.0,0.0,0.0,0.0,0.0
B07D8VBYB4,5865.0,7776.0,25.0,1911.0,0.2457561728395061,3.8915763135946624,0.8950892857142857,3,4.4,2737,7.914983005848394,34.82592522573294,3.3000000000000003,0.5368303571428571,0,11,1,1,1.0,0.929,75,4,4,0.0,1.4,0.0,0.0,2,0.0,0.0,0.0,0.0,0.0,0.0,0.0,0.0,0.0,0.0,0.0,0.0,0.0,0.0,0.0,0.0,0.0,0.0,0.0,0.0,0.0,0.0,0.0,0.0,0.0,0.0,0.0,0.0,0.0,0.0,0.0,0.0,0.0,0.0,0.0,0.0,0.0,0.0,0.0,0.0,0.0,0.0,0.0,0.0,0.0,0.0,0.0,0.7795853801745977,0.6262959643954509,0.0
B0B3TBY2YX,1260.0,2299.0,45.0,1039.0,0.451935624184428,0.0508757297748123,0.5078125,2,4.3,55,4.02535169073515,17.309012270161144,2.365,0.0602678571428571,0,16,1,1,1.0,0.994,43,5,4,0.0,0.0,0.0,1.0,1,0.0,0.0,0.0,1.0,0.0,0.0,0.0,0.0,0.0,0.0,0.0,0.0,0.0,0.0,0.0,0.0,0.0,0.0,0.0,0.0,0.0,0.0,0.0,0.0,0.0,0.0,0.0,0.0,0.0,0.0,0.0,0.0,0.0,0.0,0.0,0.0,0.0,0.0,0.0,0.0,0.0,0.0,0.0,0.0,0.0,0.0,0.0,0.0,0.0,0.0
B088WCFPQF,1099.0,1500.0,27.0,401.0,0.2673333333333333,-0.0834028356964136,0.4486607142857143,2,4.5,1065,6.97166860472579,31.37250872126605,3.285,0.3459821428571428,0,20,1,1,0.9,0.998,270,4,4,0.0,1.4,0.0,0.0,2,0.0,0.0,0.0,1.0,0.0,0.0,0.0,0.0,0.0,0.0,0.0,0.0,0.0,0.0,0.0,0.0,0.0,0.0,0.0,0.0,0.0,0.0,0.0,0.0,0.0,0.0,0.0,0.0,0.0,0.0,0.0,0.0,0.0,0.0,0.0,0.0,0.0,0.0,0.0,0.0,0.0,0.0,0.0,0.0,0.0,0.0,0.0,0.0,0.0,0.0
B07JZSG42Y,1928.0,2590.0,26.0,662.0,0.2555984555984556,0.6080066722268557,0.6495535714285714,2,4.0,2377,7.774015077250727,31.096060309002908,2.96,0.5066964285714286,0,6,0,0,1.0,0.9898,62,4,4,0.0,0.0,0.0,0.0,4,0.0,0.0,0.0,0.0,0.0,0.0,0.0,0.0,0.0,0.0,0.0,0.0,0.0,0.0,0.0,0.0,0.0,1.0,0.0,0.0,0.0,0.0,0.0,0.0,0.0,0.0,0.0,0.0,0.0,0.0,0.0,0.0,0.0,0.0,0.0,0.0,0.0,0.0,0.0,0.0,0.0,0.0,0.0,0.0,0.0,0.0,0.0,0.0,0.0,0.0
B08YRMBK9R,3249.0,6299.0,48.0,3050.0,0.4842038418796634,1.7097581317764805,0.8102678571428571,3,3.9,2569,7.851661177889265,30.62147859376813,2.028,0.5200892857142857,0,26,1,0,0.9230769230769232,0.4767,293,4,4,1.2,0.0,0.0,0.0,0,0.4375572346887136,0.0,0.0,0.0,0.0,0.0,0.0,0.0,0.0,0.0,0.0,0.0,0.0,0.0,0.0,0.4478626830106195,0.0,0.0,0.0,0.4533765919187919,0.0,0.0,0.0,0.0,0.0,0.0,0.0,0.0,0.0,0.0,0.0,0.0,0.0,0.0,0.0,0.0,0.0,0.4505871997128222,0.0,0.0,0.0,0.0,0.0,0.0,0.0,0.4465238234329204,0.0,0.0,0.0,0.0
B00935MGHS,1199.0,1795.0,33.0,596.0,0.332033426183844,0.0,0.4899553571428571,2,4.2,5967,8.694167141883597,36.51550199591111,2.814,0.7165178571428571,0,10,1,1,0.9,0.9497,15,4,4,0.0,0.0,0.0,0.0,4,0.0,0.0,0.0,0.4674859239452618,0.0,0.0,0.0,0.0,0.0,0.0,0.0,0.0,0.0,0.0,0.0,0.0,0.0,0.0,0.0,0.0,0.0,0.0,0.0,0.0,0.0,0.0,0.0,0.0,0.0,0.0,0.0,0.0,0.0,0.0,0.0,0.0,0.0,0.0,0.0,0.0,0.0,0.0,0.0,0.0,0.0,0.0,0.8840005152221604,0.0,0.0,0.0
B07B5XJ572,1456.0,3190.0,54.0,1734.0,0.5435736677115988,0.2143452877397831,0.5580357142857143,2,4.1,1776,7.482681828154651,30.678995495434062,1.886,0.4441964285714285,0,14,1,1,0.9285714285714286,0.9714,13,5,4,1.2,0.0,0.0,0.0,0,0.0,0.0,0.0,0.0,0.0,0.0,0.0,0.0,0.0,0.0,0.0,0.0,0.0,0.0,0.0,0.0,0.0,0.0,0.0,0.0,0.0,0.0,0.0,0.0,0.0,0.0,0.0,0.0,0.0,0.0,0.0,0.0,0.0,0.0,0.0,0.0,0.0,0.0,0.0,0.0,0.0,0.0,0.0,0.0,0.0,0.0,0.0,0.0,0.0,0.0
B086199CWG,3349.0,4799.0,30.0,1450.0,0.302146280475099,1.793160967472894,0.8247767857142857,3,3.7,4200,8.343077871169383,30.86938812332672,2.59,0.6383928571428571,0,12,1,1,0.9166666666666666,0.9778,53,4,4,0.0,0.0,0.0,0.0,4,0.0,0.0,0.0,0.4674859239452618,0.0,0.0,0.0,0.0,0.0,0.0,0.0,0.0,0.0,0.0,0.0,0.0,0.0,0.0,0.0,0.0,0.0,0.0,0.0,0.0,0.0,0.0,0.0,0.0,0.0,0.0,0.0,0.0,0.0,0.0,0.0,0.0,0.0,0.0,0.0,0.0,0.0,0.0,0.0,0.0,0.0,0.0,0.8840005152221604,0.0,0.0,0.0
B0BBWJFK5C,4899.0,8999.0,46.0,4100.0,0.4556061784642738,3.085904920767306,0.8705357142857143,3,4.1,297,5.697093486505405,23.35808329467216,2.214,0.1852678571428571,0,20,1,0,0.9,0.9746,108,4,4,1.2,0.0,0.0,0.0,0,0.0,0.0,0.0,0.0,0.0,0.0,0.0,0.0,0.0,0.0,0.0,0.0,0.0,0.0,0.0,0.0,0.0,0.0,0.0,0.0,0.7141948176527767,0.0,0.0,0.0,0.0,0.0,0.0,0.0,0.0,0.0,0.0,0.0,0.0,0.0,0.0,0.0,0.0,0.0,0.0,0.0,0.0,0.0,0.0,0.0,0.0,0.0,0.0,0.6999469711613281,0.0,0.0
B07GLS2563,1199.0,1899.0,37.0,700.0,0.3686150605581885,0.0,0.4899553571428571,2,4.2,3858,8.258163361537619,34.684286118458004,2.6460000000000004,0.6183035714285714,0,19,1,1,0.9473684210526316,0.8897,25,5,4,0.0,0.0,0.0,0.0,4,0.0,0.0,0.0,0.0,0.0,0.0,0.0,0.0,0.0,0.0,0.0,0.0,0.0,0.0,0.0,0.5724132045169487,0.0,0.0,0.0,0.0,0.0,0.0,0.0,0.0,0.0,0.0,0.0,0.0,0.0,0.0,0.0,0.0,0.0,0.0,0.0,0.0,0.0,0.0,0.0,0.0,0.0,0.0,0.0,0.0,0.0,0.5707020083616513,0.0,0.5887633998021748,0.0,0.0
B09P182Z2H,3290.0,5799.0,43.0,2509.0,0.4326608035868253,1.74395329441201,0.8169642857142857,3,4.3,168,5.1298987149230735,22.058564474169216,2.451,0.1316964285714285,0,28,1,0,0.9642857142857144,0.9618,149,3,4,0.0,0.0,0.0,1.0,1,0.0,0.0,0.0,0.0,0.0,0.0,0.0,0.0,0.0,0.0,0.0,0.0,0.0,0.0,0.0,0.0,0.0,0.5464536801404494,0.0,0.0,0.6063205649153489,0.0,0.0,0.0,0.0,0.0,0.0,0.0,0.0,0.0,0.0,0.0,0.0,0.0,0.0,0.0,0.0,0.0,0.0,0.0,0.0,0.5777228989937059,0.0,0.0,0.0,0.0,0.0,0.0,0.0,0.0
B0B59K1C8F,179.0,799.0,78.0,620.0,0.7759699624530664,-0.8507089241034195,0.0256696428571428,0,3.6,101,4.624972813284271,16.649902127823374,0.7919999999999999,0.0959821428571428,0,18,1,0,0.9444444444444444,0.589,174,5,4,0.0,0.0,0.0,0.0,4,0.0,0.0,0.0,0.0,0.0,0.0,0.0,0.0,0.0,0.0,0.0,1.0,0.0,0.0,0.0,0.0,0.0,0.0,0.0,0.0,0.0,0.0,0.0,0.0,0.0,0.0,0.0,0.0,0.0,0.0,0.0,0.0,0.0,0.0,0.0,0.0,0.0,0.0,0.0,0.0,0.0,0.0,0.0,0.0,0.0,0.0,0.0,0.0,0.0,0.0
B06Y36JKC3,149.0,300.0,50.0,151.0,0.5033333333333333,-0.8757297748123436,0.015625,0,4.1,4074,8.312626025674962,34.08176670526734,2.05,0.6294642857142857,0,24,0,1,0.8333333333333334,0.9709,74,5,4,1.2,0.0,0.0,0.0,0,0.0,0.0,0.0,1.0,0.0,0.0,0.0,0.0,0.0,0.0,0.0,0.0,0.0,0.0,0.0,0.0,0.0,0.0,0.0,0.0,0.0,0.0,0.0,0.0,0.0,0.0,0.0,0.0,0.0,0.0,0.0,0.0,0.0,0.0,0.0,0.0,0.0,0.0,0.0,0.0,0.0,0.0,0.0,0.0,0.0,0.0,0.0,0.0,0.0,0.0
B075S9FVRY,5490.0,7200.0,24.0,1710.0,0.2375,3.5788156797331108,0.8861607142857143,3,4.5,1408,7.25063551189868,32.62785980354406,3.42,0.3973214285714285,0,9,1,1,1.0,0.9775,89,4,4,0.0,1.4,0.0,0.0,2,0.0,0.0,0.0,0.0,0.0,0.0,0.0,0.0,0.0,0.0,0.0,0.0,0.0,0.0,0.0,0.0,0.0,0.0,0.0,0.0,0.0,0.0,0.0,0.0,0.0,0.0,0.0,0.0,0.0,0.0,0.0,0.0,0.0,0.0,0.0,0.0,0.0,0.0,0.0,0.0,0.0,0.0,0.0,0.0,0.0,0.0,0.0,0.7795853801745977,0.6262959643954509,0.0
B08SJVD8QD,379.0,389.0,3.0,10.0,0.0257069408740359,-0.6839032527105922,0.1517857142857142,0,4.2,3739,8.226840890408578,34.55273173971603,4.074,0.6049107142857143,0,22,0,0,0.9090909090909092,0.9813,41,4,4,0.0,0.0,0.0,0.0,4,0.0,0.0,0.0,0.0,0.0,0.0,0.0,0.0,0.0,0.0,0.0,0.0,0.0,0.0,1.0,0.0,0.0,0.0,0.0,0.0,0.0,0.0,0.0,0.0,0.0,0.0,0.0,0.0,0.0,0.0,0.0,0.0,0.0,0.0,0.0,0.0,0.0,0.0,0.0,0.0,0.0,0.0,0.0,0.0,0.0,0.0,0.0,0.0,0.0,0.0
B07FJNNZCJ,8699.0,13049.0,33.0,4350.0,0.3333588780749483,6.255212677231026,0.9587053571428572,1,4.3,5891,8.681350777582521,37.32980834360484,2.881,0.7098214285714286,0,40,1,1,0.85,0.9416,173,4,4,0.0,1.4,0.0,0.0,2,0.0,0.0,0.0,0.2299915937232421,0.0,0.0,0.0,0.0,0.0,0.0,0.0,0.0,0.0,0.0,0.0,0.0,0.0,0.0,0.0,0.0,0.0,0.0,0.0,0.0,0.0,0.0,0.0,0.0,0.0,0.0,0.0,0.0,0.0,0.0,0.0,0.0,0.0,0.0,0.0,0.0,0.0,0.0,0.0,0.4416398670443291,0.0,0.8672128312321667,0.0,0.0,0.0,0.0
B09MFR93KS,3041.67,5999.0,49.0,2957.33,0.4929704950825137,1.536839032527106,0.7879464285714286,3,4.0,777,6.656726524178391,26.626906096713565,2.04,0.3013392857142857,0,12,1,1,0.9166666666666666,0.9606,40,4,4,1.2,0.0,0.0,0.0,0,0.0,0.0,0.0,0.0,0.7680786389939375,0.0,0.0,0.0,0.0,0.0,0.0,0.0,0.0,0.0,0.0,0.0,0.0,0.0,0.0,0.0,0.0,0.0,0.0,0.0,0.0,0.0,0.0,0.0,0.0,0.0,0.0,0.0,0.0,0.0,0.0,0.0,0.0,0.0,0.0,0.0,0.0,0.0,0.0,0.0,0.0,0.0,0.0,0.0,0.640355529624927,0.0
B07Y5FDPKV,1745.0,2400.0,27.0,655.0,0.2729166666666666,0.4553794829024187,0.6272321428571429,2,4.2,14160,9.55824698622306,40.14463734213685,3.066,0.8839285714285714,1,20,1,0,1.0,0.9852,83,4,4,0.0,0.0,1.1,0.0,3,0.0,0.0,0.0,0.0,0.0,0.0,0.0,0.0,0.0,0.0,0.0,0.0,0.0,0.0,0.0,0.0,0.0,0.0,0.0,0.0,0.0,0.0,0.0,0.0,0.0,0.0,0.0,0.0,0.0,0.0,0.0,0.0,0.0,0.0,0.0,0.0,1.0,0.0,0.0,0.0,0.0,0.0,0.0,0.0,0.0,0.0,0.0,0.0,0.0,0.0
B0756KCV5K,3180.0,5295.0,40.0,2115.0,0.3994334277620396,1.652210175145955,0.7924107142857143,3,4.2,6919,8.842171048611716,37.13711840416921,2.52,0.7366071428571429,0,7,1,1,1.0,0.981,35,4,4,0.0,0.0,0.0,0.0,4,0.0,0.0,0.0,0.4674859239452618,0.0,0.0,0.0,0.0,0.0,0.0,0.0,0.0,0.0,0.0,0.0,0.0,0.0,0.0,0.0,0.0,0.0,0.0,0.0,0.0,0.0,0.0,0.0,0.0,0.0,0.0,0.0,0.0,0.0,0.0,0.0,0.0,0.0,0.0,0.0,0.0,0.0,0.0,0.0,0.0,0.0,0.0,0.8840005152221604,0.0,0.0,0.0
B0BJ6P3LSK,4999.0,24999.0,80.0,20000.0,0.8000320012800513,3.16930775646372,0.8772321428571429,3,4.5,287,5.662960480135946,25.48332216061176,0.8999999999999998,0.1729910714285714,0,17,1,0,0.8823529411764706,0.8722,131,4,4,1.2,0.0,0.0,0.0,0,0.0,0.0,0.0,0.0,0.0,0.0,0.0,0.0,0.0,0.0,0.0,0.0,0.0,0.0,0.0,0.0,0.0,0.0,0.0,0.0,0.725004632321736,0.0,0.0,0.0,0.0,0.0,0.0,0.0,0.0,0.0,0.0,0.0,0.0,0.0,0.0,0.0,0.0,0.0,0.0,0.0,0.0,0.0,0.0,0.0,0.0,0.6887439895287831,0.0,0.0,0.0,0.0
B09HS1NDRQ,390.0,799.0,51.0,409.0,0.5118898623279099,-0.6747289407839867,0.15625,0,3.8,287,5.662960480135946,21.5192498245166,1.862,0.1729910714285714,0,14,0,0,0.9285714285714286,-0.5814,151,4,4,1.2,0.0,0.0,0.0,0,0.0,0.0,0.0,0.0,0.0,0.0,0.0,0.0,0.0,0.0,0.0,0.0,0.0,0.0,0.0,0.0,0.0,0.5453441685269365,0.0,0.0,0.6050895004487095,0.0,0.0,0.0,0.0,0.0,0.0,0.0,0.0,0.0,0.0,0.0,0.0,0.0,0.0,0.0,0.0,0.5800572681213432,0.0,0.0,0.0,0.0,0.0,0.0,0.0,0.0,0.0,0.0,0.0,0.0
B018SJJ0GE,1999.0,2999.0,33.0,1000.0,0.3334444814938312,0.6672226855713094,0.6640625,2,4.4,388,5.963579343618446,26.239749111921164,2.948,0.2142857142857142,0,23,1,0,0.9130434782608696,0.9925,301,4,4,0.0,0.0,0.0,0.0,4,0.0,0.0,0.0,0.0,0.0,0.0,0.0,0.0,0.0,0.0,0.0,0.0,0.0,0.0,0.0,0.889289213800042,0.0,0.0,0.0,0.0,0.0,0.0,0.0,0.0,0.0,0.0,0.0,0.0,0.0,0.0,0.0,0.0,0.0,0.0,0.0,0.0,0.0,0.0,0.0,0.0,0.0,0.0,0.0,0.0,0.0,0.0,0.0,0.4573452680622195,0.0,0.0
B09FPP3R1D,1624.0,2495.0,35.0,871.0,0.3490981963927855,0.3544620517097581,0.6026785714285714,2,4.1,827,6.71901315438526,27.547953932979564,2.665,0.3080357142857143,0,21,1,0,0.9047619047619048,0.9378,177,4,4,0.0,0.0,0.0,0.0,4,0.0,0.0,0.0,0.0,0.0,0.0,0.0,0.0,0.0,0.0,0.0,0.0,0.0,0.0,0.0,0.697081112576441,0.0,0.0,0.0,0.0,0.0,0.0,0.0,0.0,0.0,0.0,0.0,0.0,0.0,0.0,0.0,0.0,0.0,0.0,0.0,0.0,0.0,0.0,0.0,0.0,0.0,0.0,0.0,0.0,0.0,0.0,0.0,0.7169922750554507,0.0,0.0
B01F7B2JCI,184.0,450.0,59.0,266.0,0.5911111111111111,-0.8465387823185988,0.0290178571428571,0,4.2,4971,8.511577452630602,35.748625301048534,1.7220000000000002,0.6763392857142857,0,12,1,0,0.8333333333333334,0.9243,91,5,4,1.2,0.0,0.0,0.0,0,0.0,0.0,0.0,0.0,0.0,0.0,0.0,0.0,0.0,0.0,0.0,0.0,0.0,0.0,0.0,0.0,0.0,0.0,0.0,0.0,0.0,0.0,0.0,0.0,0.0,0.0,0.0,0.0,0.0,0.0,0.0,0.0,0.0,0.0,0.0,0.0,0.0,0.0,0.0,0.0,0.0,0.0,0.0,0.0,0.0,0.0,0.0,0.0,0.0,0.0
B09NNZ1GF7,445.0,999.0,55.0,554.0,0.5545545545545546,-0.6288573811509591,0.1696428571428571,0,4.3,229,5.438079308923196,23.38374102836974,1.935,0.15625,0,32,1,1,0.84375,0.9424,195,5,4,1.2,0.0,0.0,0.0,0,0.0,0.0,0.0,0.0,0.0,0.0,0.0,0.0,0.0,0.0,0.0,0.0,0.0,0.0,0.0,0.0,0.0,0.0,0.0,0.0,0.0,0.0,0.0,0.0,0.0,0.0,0.0,0.0,0.0,0.0,0.6141002075872194,0.0,0.0,0.0,0.0,0.0,0.0,0.0,0.0,0.0,0.0,0.0,0.0,0.6121654000563401,0.0,0.0,0.0,0.0,0.4981309647223257,0.0
B01CS4A5V4,699.0,1690.0,59.0,991.0,0.5863905325443787,-0.4170141784820684,0.2935267857142857,2,4.1,3524,8.16763571524637,33.48730643251011,1.681,0.5892857142857143,0,10,0,0,1.0,0.8516,33,4,4,1.2,0.0,0.0,0.0,0,0.0,0.0,0.0,0.0,0.0,0.0,0.0,0.0,0.0,0.0,0.0,0.0,0.0,0.0,0.0,0.0,0.0,0.0,0.0,0.0,0.0,0.0,0.0,0.0,0.0,0.0,0.0,0.0,0.0,0.0,0.0,0.0,0.0,0.0,0.0,0.0,0.0,0.0,0.0,0.0,0.0,0.0,0.0,0.0,0.0,0.0,0.0,0.0,0.0,0.0
B0BL11S5QK,1601.0,3890.0,59.0,2289.0,0.5884318766066838,0.3352793994995829,0.5982142857142857,2,4.2,156,5.056245805348308,21.23623238246289,1.7220000000000002,0.1227678571428571,0,14,1,1,0.7857142857142857,0.9731,80,4,4,1.2,0.0,0.0,1.0,0,0.0,0.0,0.0,1.0,0.0,0.0,0.0,0.0,0.0,0.0,0.0,0.0,0.0,0.0,0.0,0.0,0.0,0.0,0.0,0.0,0.0,0.0,0.0,0.0,0.0,0.0,0.0,0.0,0.0,0.0,0.0,0.0,0.0,0.0,0.0,0.0,0.0,0.0,0.0,0.0,0.0,0.0,0.0,0.0,0.0,0.0,0.0,0.0,0.0,0.0
B09BL2KHQW,231.0,260.0,11.0,29.0,0.1115384615384615,-0.8073394495412844,0.0758928571428571,0,4.1,490,6.19644412779452,25.40542092395753,3.649,0.2388392857142857,0,6,1,0,1.0,0.1779,5,4,4,0.0,0.0,0.0,0.0,4,1.0,0.0,0.0,0.0,0.0,0.0,0.0,0.0,0.0,0.0,0.0,0.0,0.0,0.0,0.0,0.0,0.0,0.0,0.0,0.0,0.0,0.0,0.0,0.0,0.0,0.0,0.0,0.0,0.0,0.0,0.0,0.0,0.0,0.0,0.0,0.0,0.0,0.0,0.0,0.0,0.0,0.0,0.0,0.0,0.0,0.0,0.0,0.0,0.0,0.0
B081RLM75M,369.0,599.0,38.0,230.0,0.3839732888146911,-0.6922435362802335,0.1450892857142857,0,3.9,82,4.418840607796598,17.233478370406733,2.418,0.0825892857142857,0,7,0,1,1.0,0.8565,75,5,4,0.0,0.0,0.0,0.0,4,0.0,0.0,0.0,0.0,0.0,0.0,0.0,0.0,0.0,0.0,0.0,0.0,0.0,0.0,0.0,0.0,0.0,0.0,0.0,0.0,0.0,0.0,0.0,0.0,0.0,0.0,0.0,0.0,0.7910010725631098,0.0,0.0,0.0,0.0,0.0,0.0,0.0,0.0,0.0,0.0,0.0,0.0,0.0,0.0,0.0,0.0,0.0,0.0,0.0,0.6118147621658128,0.0
B07SYYVP69,809.0,1950.0,59.0,1141.0,0.5851282051282052,-0.3252710592160133,0.3493303571428571,2,3.9,710,6.566672429803241,25.61002247623264,1.599,0.2924107142857143,0,16,1,1,0.875,0.9062,101,5,4,1.2,0.0,0.0,0.0,0,0.0,0.0,0.0,0.4674859239452618,0.0,0.0,0.0,0.0,0.0,0.0,0.0,0.0,0.0,0.0,0.0,0.8840005152221604,0.0,0.0,0.0,0.0,0.0,0.0,0.0,0.0,0.0,0.0,0.0,0.0,0.0,0.0,0.0,0.0,0.0,0.0,0.0,0.0,0.0,0.0,0.0,0.0,0.0,0.0,0.0,0.0,0.0,0.0,0.0,0.0,0.0,0.0
B0BDZWMGZ1,1199.0,2990.0,60.0,1791.0,0.5989966555183946,0.0,0.4899553571428571,2,3.8,133,4.897839799950911,18.61179123981346,1.52,0.1138392857142857,0,24,1,0,0.9583333333333334,0.8257,221,4,4,1.2,0.0,0.0,0.0,0,0.0,0.0,0.0,0.0,0.0,0.0,0.0,0.0,0.0,0.0,0.0,0.0,0.0,0.0,0.0,0.0,0.0,0.0,0.0,0.0,0.0,0.0,0.0,0.0,0.0,0.0,0.0,0.0,0.0,0.0,0.0,0.0,0.0,0.0,0.0,0.0,0.0,0.0,0.0,0.0,0.0,0.0,0.0,0.0,0.0,0.0,1.0,0.0,0.0,0.0
B078JT7LTD,6120.0,8073.0,24.0,1953.0,0.241917502787068,4.1042535446205175,0.9073660714285714,3,4.6,2751,7.920083199053234,36.43238271564488,3.496,0.5401785714285714,0,9,1,1,1.0,0.9877,79,4,4,0.0,1.4,0.0,0.0,2,0.0,0.0,0.0,0.0,0.0,0.0,0.0,0.0,0.0,0.0,0.0,0.0,0.0,0.0,0.0,0.0,0.0,0.0,0.0,0.0,0.0,0.0,0.0,0.0,0.0,0.0,0.0,0.0,0.0,0.0,0.0,0.0,0.0,0.0,0.0,0.0,0.0,0.0,0.0,0.0,0.0,0.0,0.0,0.0,0.0,0.0,0.0,0.7795853801745977,0.6262959643954509,0.0
B09WF4Q7B3,1799.0,2599.0,31.0,800.0,0.3078106964217006,0.5004170141784821,0.6339285714285714,2,3.6,771,6.648984550024776,23.9363443800892,2.484,0.2991071428571428,0,28,1,0,0.8571428571428571,0.8265,34,6,4,0.0,0.0,0.0,0.0,4,0.0,0.0,0.0,0.0,0.0,0.0,0.0,0.0,0.0,0.0,0.0,0.0,0.0,0.0,0.0,0.0,0.0,0.0,0.0,0.0,0.0,0.0,0.0,0.0,0.0,0.0,0.0,0.0,0.0,0.0,0.0,0.0,0.0,0.0,0.0,0.0,0.0,0.0,0.0,0.0,0.0,0.0,0.0,0.0,0.0,0.0,0.0,0.0,0.0,0.0
B092R48XXB,18999.0,29999.0,37.0,11000.0,0.3666788892963099,14.845704753961634,0.9955357142857144,1,4.1,2536,7.838737559599282,32.138823994357054,2.583,0.5178571428571429,0,30,1,0,0.8666666666666667,0.9763,355,6,4,0.0,0.0,0.0,0.0,4,1.0,0.0,0.0,0.0,0.0,0.0,0.0,0.0,0.0,0.0,0.0,0.0,0.0,0.0,0.0,0.0,0.0,0.0,0.0,0.0,0.0,0.0,0.0,0.0,0.0,0.0,0.0,0.0,0.0,0.0,0.0,0.0,0.0,0.0,0.0,0.0,0.0,0.0,0.0,0.0,0.0,0.0,0.0,0.0,0.0,0.0,0.0,0.0,0.0,0.0
B00KIDSU8S,1999.0,2360.0,15.0,361.0,0.1529661016949152,0.6672226855713094,0.6640625,2,4.2,7801,8.962135390066601,37.64096863827972,3.57,0.7611607142857143,0,8,1,1,1.0,-0.5597,115,4,4,0.0,0.0,1.1,0.0,3,0.0,0.0,0.0,0.0,0.0,0.0,0.0,0.0,0.0,0.0,0.0,0.0,0.0,0.0,0.0,0.0,0.0,0.0,0.0,0.0,0.0,0.0,0.0,0.0,0.0,0.0,0.0,0.0,0.0,0.0,0.0,0.0,0.0,0.0,0.0,0.0,0.0,0.0,0.0,0.0,0.0,0.0,0.0,0.0,0.0,0.0,0.0,0.0,1.0,0.0
B0977CGNJJ,5999.0,11495.0,48.0,5496.0,0.4781209221400609,4.003336113427856,0.9017857142857144,3,4.3,534,6.282266746896006,27.013747011652825,2.236,0.2433035714285714,0,30,1,1,0.9,0.9745,103,4,4,1.2,0.0,0.0,0.0,0,0.0,0.0,0.0,0.3393955550239914,0.0,0.0,0.0,0.0,0.0,0.0,0.0,0.0,0.0,0.0,0.0,0.0,0.0,0.0,0.0,0.0,0.0,0.0,0.0,0.0,0.0,0.0,0.0,0.0,0.0,0.0,0.0,0.0,0.0,0.0,0.0,0.0,0.6782838215683156,0.0,0.0,0.0,0.0,0.0,0.0,0.6517221145769401,0.0,0.0,0.0,0.0,0.0,0.0
B08WWKM5HQ,2599.0,4780.0,46.0,2181.0,0.456276150627615,1.1676396997497915,0.7410714285714286,3,3.9,898,6.80128303447162,26.52500383443932,2.106,0.3125,0,17,1,0,0.9411764705882352,0.871,119,4,4,1.2,0.0,0.0,0.0,0,0.0,0.0,0.0,0.0,0.0,0.0,0.0,0.0,0.0,0.0,0.0,0.0,0.0,0.0,0.0,0.0,0.0,0.0,0.0,0.0,0.0,0.0,0.0,0.0,0.0,0.0,0.0,0.0,0.0,0.0,0.0,0.0,0.0,0.0,0.0,0.0,0.0,0.0,0.0,0.0,0.0,0.0,0.0,0.0,0.0,0.0,0.0,0.0,0.0,0.0
B015GX9Y0W,1199.0,2400.0,50.0,1201.0,0.5004166666666666,0.0,0.4899553571428571,2,3.9,1202,7.0925737159746784,27.661037492301244,1.95,0.3727678571428571,0,25,1,1,0.88,0.9958,135,4,4,1.2,0.0,0.0,0.0,0,0.0,0.0,0.0,0.2862802203958982,0.0,0.0,0.0,0.0,0.0,0.0,0.0,0.0,0.0,0.0,0.0,0.0,0.0,0.0,0.0,0.0,0.5681434957262258,0.0,0.0,0.0,0.0,0.0,0.0,0.0,0.0,0.0,0.0,0.0,0.0,0.0,0.0,0.0,0.0,0.0,0.0,0.0,0.0,0.0,0.0,0.5497277375503002,0.0,0.0,0.541346486311575,0.0,0.0,0.0
B089BDBDGM,219.0,249.0,12.0,30.0,0.1204819277108433,-0.817347789824854,0.0669642857142857,0,4.0,1108,7.011213987350367,28.04485594940147,3.52,0.3616071428571428,0,27,1,1,0.925925925925926,0.9731,98,4,4,0.0,0.0,0.0,0.0,4,0.0,0.0,0.0,0.3694479965520494,0.0,0.0,0.0,0.0,0.0,0.0,0.0,0.0,0.0,0.0,0.0,0.0,0.0,0.0,0.0,0.0,0.0,0.0,0.0,0.0,0.0,0.0,0.0,0.0,0.0,0.7281890177510761,0.0,0.0,0.0,0.0,0.0,0.0,0.0,0.0,0.0,0.0,0.0,0.0,0.0,0.0,0.0,0.0,0.0,0.0,0.5772771710975584,0.0
B0BPBG712X,799.0,1199.0,33.0,400.0,0.3336113427856547,-0.3336113427856547,0.3392857142857143,2,4.4,17,2.8903717578961645,12.717635734743125,2.948,0.03125,0,24,1,1,0.9583333333333334,0.9841,77,4,4,0.0,0.0,0.0,1.0,1,0.0,0.0,0.0,0.1479538527299471,0.0,0.0,0.0,0.0,0.0,0.0,0.0,0.0,0.0,0.0,0.291619853666547,0.2797758720489119,0.0,0.0,0.0,0.5664407247238148,0.2936249629118973,0.0,0.0,0.0,0.0,0.0,0.0,0.0,0.0,0.0,0.570010750946767,0.0,0.0,0.0,0.0,0.0,0.0,0.0,0.0,0.0,0.0,0.0,0.0,0.0,0.0,0.0,0.0,0.2877672847347085,0.0,0.0
B00JBNZPFM,6199.0,10999.0,44.0,4800.0,0.4364033093917628,4.170141784820684,0.9118303571428572,3,4.2,10429,9.25244154799482,38.86025450157824,2.3520000000000003,0.8258928571428571,1,26,1,1,0.8846153846153846,0.9927,139,6,4,0.0,0.0,1.1,0.0,3,0.0,0.0,0.0,0.3386141853372565,0.0,0.0,0.0,0.0,0.0,0.0,0.0,0.0,0.0,0.0,0.0,0.0,0.0,0.0,0.0,0.0,0.6720039781091124,0.0,0.0,0.0,0.0,0.0,0.0,0.0,0.0,0.0,0.0,0.0,0.0,0.0,0.0,0.0,0.0,0.0,0.0,0.0,0.0,0.0,0.0,0.0,0.0,0.0,0.0,0.6585978187740326,0.0,0.0
B08N6P8G5K,6790.0,10995.0,38.0,4205.0,0.3824465666211915,4.663052543786489,0.9285714285714286,3,4.5,3192,8.068716192714781,36.30922286721652,2.79,0.5691964285714286,0,29,1,1,0.9655172413793104,0.9984,214,5,4,0.0,0.0,0.0,0.0,4,0.0,0.0,0.0,0.3006866203653287,0.0,0.0,0.0,0.0,0.0,0.0,0.0,0.0,0.0,0.0,0.592659039372736,0.0,0.0,0.0,0.0,0.0,0.0,0.0,0.0,0.0,0.0,0.0,0.0,0.0,0.0,0.0,0.0,0.0,0.0,0.0,0.0,0.4743014191246602,0.0,0.0,0.0,0.0,0.0,0.0,0.0,0.577391533709489,0.0,0.0,0.0,0.0,0.0,0.0
B07NPBG1B4,1982.84,3300.0,40.0,1317.16,0.3991393939393939,0.6537447873227689,0.65625,2,4.1,5873,8.678291111758565,35.58099355821011,2.4599999999999995,0.7053571428571429,0,14,1,1,1.0,0.9863,116,4,4,0.0,0.0,0.0,0.0,4,0.0,0.0,0.0,0.0,0.0,0.0,0.0,0.0,0.0,0.0,0.0,0.0,0.0,0.0,0.0,0.0,0.0,0.0,0.0,0.0,0.0,0.0,0.0,0.0,0.0,0.0,0.0,0.0,0.0,0.0,0.0,0.0,0.0,0.5381404887977963,0.0,0.0,0.532369037269076,0.0,0.0,0.0,0.0,0.0,0.0,0.0,0.0,0.0,0.5037226274677161,0.0,0.4162349541433137,0.0
B01MRARGBW,199.0,400.0,50.0,201.0,0.5025,-0.8340283569641368,0.0491071428571428,0,4.1,1379,7.22983877815125,29.64233899042012,2.05,0.390625,0,9,1,0,0.8888888888888888,0.9548,4,4,4,1.2,0.0,0.0,0.0,0,0.0,0.0,0.0,0.0,0.0,0.0,0.0,0.0,0.0,0.0,0.0,0.0,0.0,0.0,0.0,0.0,0.0,0.0,0.0,0.0,0.0,0.0,0.0,0.0,0.0,0.0,0.0,0.0,0.0,1.0,0.0,0.0,0.0,0.0,0.0,0.0,0.0,0.0,0.0,0.0,0.0,0.0,0.0,0.0,0.0,0.0,0.0,0.0,0.0,0.0
B07VZYMQNZ,1180.0,1440.0,18.0,260.0,0.1805555555555555,-0.0158465387823186,0.46875,2,4.2,1527,7.331714969726466,30.79320287285116,3.4440000000000004,0.4084821428571428,0,17,1,1,0.9411764705882352,0.9814,49,5,4,0.0,0.0,0.0,0.0,4,0.0,0.0,0.0,0.0,0.0,0.0,0.0,0.0,0.0,0.0,0.0,0.0,0.0,0.0,0.0,0.708164497310659,0.0,0.0,0.0,0.0,0.0,0.0,0.0,0.0,0.0,0.0,0.0,0.0,0.0,0.0,0.0,0.0,0.0,0.0,0.0,0.0,0.0,0.0,0.0,0.0,0.0,0.0,0.0,0.0,0.0,0.7060474805200722,0.0,0.0,0.0,0.0
B01L7C4IU2,2199.0,3045.0,28.0,846.0,0.2778325123152709,0.8340283569641368,0.6964285714285714,3,4.2,2686,7.8961806086154915,33.163958556185065,3.024,0.53125,0,8,1,1,1.0,0.9734,69,4,4,0.0,0.0,0.0,0.0,4,0.0,0.0,0.0,0.0,0.0,0.0,0.0,0.0,0.0,0.0,0.0,0.0,0.0,0.0,0.0,0.0,0.0,0.0,0.0,0.0,0.0,0.0,0.0,0.0,0.0,0.0,0.0,0.0,0.0,0.0,0.0,0.0,0.0,0.0,0.0,0.0,0.0,0.0,0.0,0.0,0.0,0.0,0.0,0.0,0.0,0.0,0.0,0.0,1.0,0.0
B09H7JDJCW,2999.0,3595.0,17.0,596.0,0.1657858136300417,1.5012510425354462,0.7857142857142857,3,4.0,178,5.187385805840755,20.74954322336302,3.32,0.1361607142857142,0,13,1,1,0.9230769230769232,0.6816,77,4,4,0.0,0.0,0.0,0.0,4,0.0,0.0,0.0,1.0,0.0,0.0,0.0,0.0,0.0,0.0,0.0,0.0,0.0,0.0,0.0,0.0,0.0,0.0,0.0,0.0,0.0,0.0,0.0,0.0,0.0,0.0,0.0,0.0,0.0,0.0,0.0,0.0,0.0,0.0,0.0,0.0,0.0,0.0,0.0,0.0,0.0,0.0,0.0,0.0,0.0,0.0,0.0,0.0,0.0,0.0
B07F6GXNPB,253.0,500.0,49.0,247.0,0.494,-0.7889908256880734,0.0892857142857142,0,4.3,2664,7.887959336599945,33.91822514737976,2.193,0.5290178571428571,0,18,1,0,0.8888888888888888,0.7964,27,7,4,1.2,0.0,0.0,0.0,0,1.0,0.0,0.0,0.0,0.0,0.0,0.0,0.0,0.0,0.0,0.0,0.0,0.0,0.0,0.0,0.0,0.0,0.0,0.0,0.0,0.0,0.0,0.0,0.0,0.0,0.0,0.0,0.0,0.0,0.0,0.0,0.0,0.0,0.0,0.0,0.0,0.0,0.0,0.0,0.0,0.0,0.0,0.0,0.0,0.0,0.0,0.0,0.0,0.0,0.0
B0B97D658R,499.0,799.0,38.0,300.0,0.3754693366708385,-0.5838198498748958,0.203125,0,3.6,212,5.3612921657094255,19.30065179655393,2.232,0.1484375,0,27,0,0,0.8518518518518519,0.9693,122,3,4,0.0,0.0,0.0,0.0,4,0.0,0.0,0.0,0.0,0.0,0.0,0.0,0.0,0.0,0.0,0.0,0.0,0.0,0.0,0.0,0.0,0.0,0.0,0.0,0.0,1.0,0.0,0.0,0.0,0.0,0.0,0.0,0.0,0.0,0.0,0.0,0.0,0.0,0.0,0.0,0.0,0.0,0.0,0.0,0.0,0.0,0.0,0.0,0.0,0.0,0.0,0.0,0.0,0.0,0.0
B09NFSHCWN,1149.0,1899.0,39.0,750.0,0.3949447077409163,-0.0417014178482068,0.4654017857142857,2,3.5,24,3.218875824868201,11.266065387038704,2.135,0.0368303571428571,0,17,1,0,1.0,0.9883,40,4,4,0.0,0.0,0.0,0.0,4,0.0,0.0,0.0,0.0,0.0,0.0,0.0,0.0,0.0,0.0,0.0,0.0,0.0,0.0,0.0,0.0,0.0,0.3863522257365377,0.0,0.8269778109582792,0.0,0.0,0.0,0.0,0.0,0.0,0.0,0.0,0.0,0.0,0.0,0.0,0.0,0.0,0.0,0.0,0.0,0.0,0.0,0.0,0.0,0.0,0.0,0.0,0.0,0.0,0.4084601055807974,0.0,0.0,0.0
B076VQS87V,457.0,799.0,43.0,342.0,0.4280350438047559,-0.6188490408673895,0.1763392857142857,0,4.3,1868,7.533158807455563,32.39258287205892,2.451,0.453125,0,13,1,1,0.9230769230769232,0.9371,13,6,4,0.0,0.0,0.0,0.0,4,0.0,0.0,0.0,0.0,1.0,0.0,0.0,0.0,0.0,0.0,0.0,0.0,0.0,0.0,0.0,0.0,0.0,0.0,0.0,0.0,0.0,0.0,0.0,0.0,0.0,0.0,0.0,0.0,0.0,0.0,0.0,0.0,0.0,0.0,0.0,0.0,0.0,0.0,0.0,0.0,0.0,0.0,0.0,0.0,0.0,0.0,0.0,0.0,0.0,0.0
B09LMMFW3S,229.0,399.0,43.0,170.0,0.4260651629072681,-0.8090075062552127,0.0703125,0,3.6,451,6.113682179832232,22.009255847396037,2.0520000000000005,0.2276785714285714,0,11,0,1,0.7272727272727273,0.9639,43,4,4,0.0,0.0,0.0,0.0,4,0.0,0.0,0.0,1.0,0.0,0.0,0.0,0.0,0.0,0.0,0.0,0.0,0.0,0.0,0.0,0.0,0.0,0.0,0.0,0.0,0.0,0.0,0.0,0.0,0.0,0.0,0.0,0.0,0.0,0.0,0.0,0.0,0.0,0.0,0.0,0.0,0.0,0.0,0.0,0.0,0.0,0.0,0.0,0.0,0.0,0.0,0.0,0.0,0.0,0.0
B0BBLHTRM9,199.0,699.0,72.0,500.0,0.7153075822603719,-0.8340283569641368,0.0491071428571428,0,2.9,159,5.075173815233827,14.718004064178096,0.812,0.1272321428571428,0,27,1,0,0.9629629629629628,0.587,104,4,4,0.0,0.0,0.0,0.0,4,0.0,0.0,0.0,0.0,0.0,0.0,0.0,0.0,0.0,0.0,0.0,0.0,0.0,0.0,0.0,0.0,0.0,0.0,0.0,0.0,0.3145238337459858,0.0,0.0,0.0,0.0,0.0,0.0,0.0,0.0,0.3123760100709384,0.0,0.0,0.0,0.0,0.0,0.0,0.0,0.0,0.0,0.0,0.0,0.0,0.0,0.0,0.0,0.8963793763456902,0.0,0.0,0.0,0.0
B0BJYSCWFQ,899.0,1999.0,55.0,1100.0,0.5502751375687844,-0.250208507089241,0.3671875,2,4.2,39,3.688879454113936,15.493293707278532,1.89,0.0491071428571428,0,25,1,1,0.88,0.9946,183,4,4,1.2,0.0,0.0,1.0,0,0.0,0.0,0.0,0.0,0.0,0.0,0.0,0.0,0.0,0.0,0.0,0.0,0.0,0.0,0.0,0.5590811413159175,0.0,0.0,0.0,0.0,0.0,0.0,0.0,0.0,0.0,0.0,0.0,0.0,0.5972814844111012,0.0,0.0,0.0,0.0,0.0,0.0,0.0,0.0,0.0,0.0,0.0,0.0,0.0,0.0,0.0,0.0,0.0,0.0,0.5750505245668095,0.0,0.0
B0187F2IOK,1499.0,2199.0,32.0,700.0,0.3183265120509322,0.250208507089241,0.5770089285714286,2,4.4,6531,8.784468454090355,38.65166119799756,2.992,0.7321428571428571,0,7,1,1,1.0,0.9777,40,4,4,0.0,1.4,0.0,0.0,2,0.0,0.0,0.0,1.0,0.0,0.0,0.0,0.0,0.0,0.0,0.0,0.0,0.0,0.0,0.0,0.0,0.0,0.0,0.0,0.0,0.0,0.0,0.0,0.0,0.0,0.0,0.0,0.0,0.0,0.0,0.0,0.0,0.0,0.0,0.0,0.0,0.0,0.0,0.0,0.0,0.0,0.0,0.0,0.0,0.0,0.0,0.0,0.0,0.0,0.0
B0B8CB7MHW,426.0,999.0,57.0,573.0,0.5735735735735735,-0.6447039199332777,0.1651785714285714,0,4.1,222,5.407171771460119,22.16940426298649,1.763,0.1517857142857142,0,25,0,1,0.92,0.921,326,4,4,1.2,0.0,0.0,0.0,0,0.0,0.0,0.0,0.4674859239452618,0.0,0.0,0.0,0.0,0.0,0.0,0.0,0.0,0.0,0.0,0.0,0.8840005152221604,0.0,0.0,0.0,0.0,0.0,0.0,0.0,0.0,0.0,0.0,0.0,0.0,0.0,0.0,0.0,0.0,0.0,0.0,0.0,0.0,0.0,0.0,0.0,0.0,0.0,0.0,0.0,0.0,0.0,0.0,0.0,0.0,0.0,0.0
B07K19NYZ8,2320.0,3290.0,29.0,970.0,0.2948328267477204,0.9349457881567972,0.7142857142857143,3,3.8,195,5.278114659230517,20.05683570507596,2.698,0.1428571428571428,0,8,1,0,0.875,0.7643,5,4,4,0.0,0.0,0.0,0.0,4,0.0,0.0,0.0,0.0,0.0,0.0,0.0,0.0,0.0,0.0,0.0,0.0,0.0,0.0,0.0,0.0,0.0,0.0,0.0,1.0,0.0,0.0,0.0,0.0,0.0,0.0,0.0,0.0,0.0,0.0,0.0,0.0,0.0,0.0,0.0,0.0,0.0,0.0,0.0,0.0,0.0,0.0,0.0,0.0,0.0,0.0,0.0,0.0,0.0,0.0
B08ZXZ362Z,1563.0,3098.0,50.0,1535.0,0.4954809554551323,0.3035863219349458,0.5892857142857143,2,3.5,2283,7.7336835707759,27.06789249771565,1.75,0.4933035714285714,0,34,0,1,0.8529411764705882,0.8201,171,4,4,0.0,0.0,0.0,0.0,4,0.0,0.0,0.0,0.0,0.0,0.0,0.0,0.0,0.0,0.0,0.0,0.0,0.0,0.0,0.0,0.0,0.0,0.0,0.0,0.0,0.4164966182026949,0.0,0.0,0.0,0.0,0.0,0.0,0.0,0.8479357911864989,0.0,0.0,0.0,0.0,0.0,0.0,0.0,0.0,0.0,0.0,0.0,0.0,0.0,0.0,0.0,0.0,0.0,0.0,0.0,0.3279259993514467,0.0
B00GHL8VP2,3487.77,4990.0,30.0,1502.23,0.3010480961923847,1.9088990825688072,0.828125,3,4.1,1127,7.028201432058005,28.815625871437817,2.87,0.3638392857142857,0,10,1,1,0.9,0.972,29,4,4,0.0,0.0,0.0,0.0,4,0.0,0.0,0.0,0.3440655842268603,0.0,0.0,0.0,0.0,0.0,0.0,0.0,0.0,0.0,0.0,0.0,0.0,0.0,0.0,0.0,0.6586268464320209,0.0,0.0,0.0,0.0,0.0,0.0,0.0,0.0,0.0,0.0,0.0,0.0,0.0,0.0,0.0,0.0,0.0,0.0,0.0,0.0,0.0,0.0,0.0,0.0,0.0,0.0,0.0,0.6692006805956197,0.0,0.0
B0B9JZW1SQ,498.0,1200.0,59.0,702.0,0.585,-0.5846538782318599,0.1897321428571428,0,3.2,113,4.736198448394496,15.155835034862386,1.3120000000000005,0.1026785714285714,0,23,1,0,0.8695652173913043,0.0772,207,4,4,0.0,0.0,0.0,0.0,4,0.0,0.0,0.0,0.0,0.0,0.0,0.0,0.0,0.0,0.0,0.0,0.0,0.0,0.0,0.0,0.9026970427358818,0.0,0.0,0.0,0.0,0.0,0.0,0.0,0.0,0.0,0.0,0.0,0.0,0.0,0.0,0.0,0.0,0.0,0.0,0.0,0.0,0.0,0.0,0.0,0.0,0.0,0.0,0.0,0.0,0.0,0.0,0.0,0.0,0.0,0.4302767121700797
B00TI8E7BI,2695.0,2695.0,0.0,0.0,0.0,1.2477064220183487,0.75,3,4.4,2518,7.831617276352611,34.45911601595149,4.4,0.515625,0,6,1,0,1.0,0.9735,50,5,4,0.0,1.4,0.0,0.0,2,0.0,0.0,0.0,0.0,0.0,0.0,0.0,0.0,0.0,0.0,0.0,0.0,0.0,0.0,0.0,1.0,0.0,0.0,0.0,0.0,0.0,0.0,0.0,0.0,0.0,0.0,0.0,0.0,0.0,0.0,0.0,0.0,0.0,0.0,0.0,0.0,0.0,0.0,0.0,0.0,0.0,0.0,0.0,0.0,0.0,0.0,0.0,0.0,0.0,0.0
B07J9KXQCC,949.0,2299.0,59.0,1350.0,0.58721183123097,-0.2085070892410342,0.3850446428571428,2,3.6,550,6.311734809152915,22.72224531295049,1.4760000000000002,0.2511160714285714,0,28,1,0,0.75,0.9415,196,4,4,0.0,0.0,0.0,0.0,4,0.0,0.0,0.0,0.0,0.0,0.0,0.0,0.0,0.0,0.0,0.0,0.0,0.0,0.0,0.0,0.2954299545477256,0.0,0.27943982516104,0.0,0.5981343435143737,0.620107865713124,0.0,0.0,0.0,0.0,0.0,0.0,0.0,0.0,0.0,0.0,0.0,0.0,0.0,0.0,0.0,0.0,0.0,0.0,0.0,0.0,0.0,0.0,0.0,0.0,0.0,0.0,0.3038685045529392,0.0,0.0
B0B3JSWG81,199.0,999.0,80.0,800.0,0.8008008008008008,-0.8340283569641368,0.0491071428571428,0,3.1,2,1.0986122886681098,3.4056980948711404,0.6199999999999999,0.0033482142857142,0,27,1,0,0.8888888888888888,0.8243,219,5,4,0.0,0.0,0.0,0.0,4,0.0,0.0,0.0,0.0,0.0,0.0,0.0,0.0,0.0,0.0,0.0,0.0,0.0,0.0,0.0,0.0,0.0,0.0,0.0,0.0,0.0,0.0,0.0,0.0,0.0,0.0,0.0,0.0,0.0,0.0,1.0,0.0,0.0,0.0,0.0,0.0,0.0,0.0,0.0,0.0,0.0,0.0,0.0,0.0,0.0,0.0,0.0,0.0,0.0,0.0
B08L7J3T31,379.0,919.0,59.0,540.0,0.5875952121871599,-0.6839032527105922,0.1517857142857142,0,4.0,1090,6.994849985833071,27.97939994333228,1.64,0.3571428571428571,0,35,1,1,0.9142857142857144,0.939,71,4,4,1.2,0.0,0.0,0.0,0,0.4123593342730219,0.0,0.0,0.0,0.0,0.0,0.0,0.0,0.0,0.0,0.0,0.0,0.0,0.0,0.0,0.0,0.0,0.0,0.0,0.0,0.0,0.0,0.0,0.0,0.0,0.0,0.0,0.0,0.0,0.0,0.0,0.0,0.0,0.0,0.0,0.0,0.0,0.0,0.0,0.0,0.0,0.0,0.0,0.0,0.0,0.8416191161772734,0.0,0.0,0.3487650250855081,0.0
B01M6453MB,2280.0,3045.0,25.0,765.0,0.2512315270935961,0.9015846538782318,0.7098214285714286,3,4.1,4118,8.323365694436081,34.12579934718793,3.075,0.6316964285714286,0,9,1,1,1.0,0.9473,6,4,4,0.0,0.0,0.0,0.0,4,0.0,0.0,0.0,0.0,0.0,0.0,0.0,0.0,0.0,0.0,0.0,0.0,0.0,0.0,0.0,0.7708743826987915,0.0,0.0,0.0,0.0,0.0,0.0,0.0,0.0,0.0,0.0,0.0,0.0,0.0,0.0,0.0,0.0,0.0,0.0,0.0,0.0,0.0,0.0,0.0,0.0,0.0,0.0,0.0,0.0,0.0,0.0,0.0,0.0,0.6369871946112865,0.0
B009P2LIL4,2219.0,3080.0,28.0,861.0,0.2795454545454545,0.8507089241034195,0.703125,3,3.6,468,6.150602768446279,22.142169966406605,2.592,0.234375,0,12,1,1,1.0,0.9682,41,4,4,0.0,0.0,0.0,0.0,4,0.0,0.0,0.0,0.0,0.0,0.0,0.0,0.0,0.0,0.0,0.0,0.0,0.0,0.0,0.0,0.0,0.0,0.0,0.0,0.6087316684800678,0.0,0.0,0.0,0.0,0.0,0.0,0.0,0.0,0.0,0.0,0.0,0.0,0.0,0.0,0.0,0.0,0.0,0.0,0.0,0.0,0.0,0.0,0.0,0.0,0.0,0.0,0.0,0.6185044673684037,0.4968882969388595,0.0
B00J5DYCCA,1399.0,1890.0,26.0,491.0,0.2597883597883598,0.1668056713928273,0.5368303571428571,2,4.0,8031,8.99118884193151,35.96475536772604,2.96,0.7745535714285714,0,9,1,0,1.0,-0.296,92,4,4,0.0,0.0,1.1,0.0,3,0.0,0.0,0.0,0.0,0.0,0.0,0.0,0.0,0.0,0.0,0.0,0.0,0.0,0.0,0.0,0.0,0.0,0.0,0.0,0.0,0.0,0.0,0.0,0.0,0.0,0.0,0.0,0.0,0.0,0.0,0.0,0.0,0.0,0.0,0.0,0.0,0.0,0.0,0.0,0.0,0.0,0.0,0.0,0.0,0.0,0.0,0.0,0.0,0.0,0.0
B01486F4G6,2863.0,3690.0,22.0,827.0,0.2241192411924119,1.3878231859883237,0.7723214285714286,3,4.3,6987,8.851949671253948,38.06338358639197,3.354,0.7388392857142857,0,7,1,1,1.0,0.9912,51,4,4,0.0,1.4,0.0,0.0,2,0.0,0.0,0.0,0.4674859239452618,0.0,0.0,0.0,0.0,0.0,0.0,0.0,0.0,0.0,0.0,0.0,0.0,0.0,0.0,0.0,0.0,0.0,0.0,0.0,0.0,0.0,0.0,0.0,0.0,0.0,0.0,0.0,0.0,0.0,0.0,0.0,0.0,0.0,0.0,0.0,0.0,0.0,0.0,0.0,0.0,0.0,0.0,0.8840005152221604,0.0,0.0,0.0
